location,latitude,longitude,street_class,is_signalized,is_interchange,n_streets,avg_crashes_2021_2025,typical_for_type,predicted_2026,low_90,high_90,excess,weight_on_typical,excess_rank,predicted_rank
KNIGHT ST & KNIGHT ST BRIDGE & SE MARINE DR & SE MARINE DR OFFRAMP & SE MARINE DR ONRAMP & BUS LANE,49.211079,-123.077129,arterial,0,1,5,325.4,82.9,354.1,289.0,424.0,271.2,0.002,1,1
E 7TH AVE & KINGSWAY & MAIN ST,49.264471,-123.100924,arterial,1,0,3,153.0,24.5,165.8,131.0,203.0,141.3,0.007,2,3
E 1ST AVE & E 1ST AVE OFFRAMP & E 1ST AVE ONRAMP & RUPERT ST & RUPERT ST OFFRAMP & TRANS-CANADA HWY & BUS LANE & TURNING LANE,49.269452,-123.027611,arterial,0,1,6,200.0,82.9,217.7,175.0,264.0,134.8,0.002,3,2
ELDON TRAIL & LIONS GATE BRIDGE & STANLEY PARK CAUSEWAY,49.311996,-123.141757,none,0,1,3,105.0,7.5,112.2,87.0,140.0,104.7,0.021,4,7
BRIDGEWAY OFFRAMP & E HASTINGS ST OFFRAMP & IRONWORKERS MEMORIAL BRIDGE & MCGILL ST & MCGILL ST OFFRAMP & MCGILL ST ONRAMP & TRANS-CANADA HWY,49.287032,-123.031028,none,0,1,7,113.2,25.8,122.8,95.0,152.0,96.9,0.006,5,6
E 41ST AVE & KNIGHT ST,49.232692,-123.077064,arterial,1,0,2,103.4,17.9,111.8,86.0,139.0,93.9,0.009,6,8
GRANVILLE ST & W KING EDWARD AVE,49.249411,-123.139097,arterial,1,0,2,98.0,17.9,106.0,81.0,133.0,88.1,0.009,7,9
MAIN ST & TERMINAL AVE,49.272815,-123.100019,arterial,1,0,2,97.6,17.9,105.6,81.0,132.0,87.7,0.009,8,10
E 41ST AVE & VICTORIA DR,49.232747,-123.065518,arterial,1,0,2,95.8,17.9,103.6,80.0,130.0,85.7,0.009,9,11
KINGSWAY & KNIGHT ST,49.250151,-123.07606,arterial,1,0,2,88.2,17.9,95.4,73.0,120.0,77.5,0.009,10,14
GRANVILLE ST & MARPOLE AVE & W 16TH AVE,49.257053,-123.138793,arterial,1,0,3,93.2,24.5,101.1,77.0,127.0,76.6,0.007,11,12
DENMAN ST & W GEORGIA ST,49.292623,-123.133718,arterial,1,0,2,84.4,17.9,91.3,69.0,115.0,73.4,0.009,12,15
CLARK DR & E 1ST AVE & GRANDVIEW VIADUCT,49.269649,-123.077365,arterial,1,0,3,89.4,24.5,96.9,74.0,122.0,72.5,0.007,13,13
OAK ST & OAK ST BRIDGE & OAK ST OFFRAMP & SW MARINE DR & SW MARINE DR OFFRAMP & W 72ND AVE & TURNING LANE,49.204906,-123.129668,arterial,0,1,6,141.2,82.9,153.7,121.0,189.0,70.9,0.002,14,4
E 49TH AVE & KNIGHT ST,49.22528,-123.077324,arterial,1,0,2,81.0,17.9,87.6,66.0,111.0,69.7,0.009,15,18
KINGSWAY & NANAIMO ST,49.241871,-123.058121,arterial,1,0,2,78.8,17.9,85.3,64.0,108.0,67.4,0.009,16,20
GRANVILLE ST & W 41ST AVE,49.234343,-123.139623,arterial,1,0,2,78.2,17.9,84.6,64.0,107.0,66.7,0.009,17,21
CAMBIE ST & W 41ST AVE,49.23354,-123.116194,arterial,1,0,2,77.2,17.9,83.5,63.0,106.0,65.6,0.009,18,22
COMMERCIAL DR & E BROADWAY,49.262326,-123.069794,arterial,1,0,2,76.2,17.9,82.5,62.0,105.0,64.6,0.009,19,23
GRANVILLE ST & MILTON ST & SW MARINE DR,49.205303,-123.140462,arterial,1,0,3,81.8,24.5,88.7,67.0,112.0,64.3,0.007,20,16
GRANVILLE ST & W 49TH AVE,49.226966,-123.13981,arterial,1,0,2,75.8,17.9,82.0,62.0,104.0,64.1,0.009,21,24
CAMBIE ST & NUNAVUT LANE & SW MARINE DR & TURNING LANE,49.210132,-123.117149,arterial,1,0,3,81.4,24.5,88.3,67.0,112.0,63.8,0.007,22,17
E 49TH AVE & FRASER ST,49.225442,-123.090711,secondary_arterial,1,0,2,69.0,10.7,74.2,55.0,95.0,63.5,0.015,23,34
CLARK DR & E BROADWAY,49.262392,-123.077552,arterial,1,0,2,73.0,17.9,79.0,59.0,101.0,61.1,0.009,24,25
KINGSWAY & VICTORIA DR,49.245143,-123.065173,arterial,1,0,2,72.6,17.9,78.6,59.0,100.0,60.7,0.009,25,26
GRANVILLE ST & W 70TH AVE,49.208534,-123.140534,arterial,1,0,2,72.4,17.9,78.4,59.0,100.0,60.5,0.009,26,27
KERR ST & SE MARINE DR,49.208097,-123.042257,arterial,1,0,2,72.4,17.9,78.4,59.0,100.0,60.5,0.009,27,28
OAK ST & W 41ST AVE,49.233947,-123.128076,arterial,1,0,2,72.4,17.9,78.4,59.0,100.0,60.5,0.009,28,29
CASSIAR TUNNEL & TRANS-CANADA HWY,49.283845,-123.032038,local,0,1,2,61.4,1.8,61.5,45.0,80.0,59.7,0.084,29,61
E 57TH AVE & KNIGHT ST,49.218132,-123.077053,arterial,1,0,2,71.2,17.9,77.1,58.0,98.0,59.2,0.009,30,30
OAK ST & W 70TH AVE,49.208473,-123.130257,arterial,1,0,2,71.2,17.9,77.1,58.0,98.0,59.2,0.009,31,31
CLARK DR & E 12TH AVE,49.259628,-123.077527,arterial,1,0,2,70.8,17.9,76.6,57.0,98.0,58.7,0.009,32,32
E 16TH AVE & FRASER ST & KINGSWAY & TURNING LANE,49.256565,-123.089884,secondary_arterial,1,0,3,67.6,14.7,73.0,54.0,93.0,58.3,0.011,33,36
E 49TH AVE & VICTORIA DR,49.225169,-123.065763,secondary_arterial,1,0,2,63.0,10.7,67.8,50.0,87.0,57.1,0.015,34,47
JOYCE ST & KINGSWAY,49.234143,-123.035895,arterial,1,0,2,67.8,17.9,73.4,55.0,94.0,55.5,0.009,35,35
CAMBIE ST & W 12TH AVE,49.260396,-123.114989,arterial,1,0,2,67.0,17.9,72.5,54.0,93.0,54.6,0.009,36,37
E BROADWAY & NANAIMO ST,49.262131,-123.056591,arterial,1,0,2,66.4,17.9,71.9,53.0,92.0,54.0,0.009,37,38
E 41ST AVE & FRASER ST,49.232869,-123.09055,arterial,1,0,2,65.2,17.9,70.6,52.0,91.0,52.7,0.009,38,39
E 12TH AVE & KINGSWAY,49.259878,-123.096571,arterial,1,0,2,65.0,17.9,70.4,52.0,90.0,52.5,0.009,39,41
BURRARD ST & DAVIE ST,49.279077,-123.129182,arterial,1,0,2,64.2,17.9,69.5,51.0,89.0,51.6,0.009,40,42
CAMBIE ST & W BROADWAY,49.263205,-123.114853,arterial,1,0,2,64.0,17.9,69.3,51.0,89.0,51.4,0.009,41,43
E 2ND AVE & MAIN ST,49.269078,-123.100707,arterial,1,0,2,63.2,17.9,68.4,50.0,88.0,50.5,0.009,42,44
E 1ST AVE & NANAIMO ST,49.269481,-123.056605,arterial,1,0,2,63.0,17.9,68.2,50.0,88.0,50.3,0.009,43,45
E HASTINGS ST & NANAIMO ST,49.281168,-123.056544,arterial,1,0,2,62.6,17.9,67.8,50.0,87.0,49.9,0.009,44,48
OAK ST & W 64TH AVE,49.212983,-123.130098,arterial,0,0,2,50.4,4.2,53.0,38.0,70.0,48.9,0.037,45,76
BURRARD ST & W 4TH AVE,49.268005,-123.14564,arterial,1,0,2,61.6,17.9,66.7,49.0,86.0,48.8,0.009,46,49
COMMERCIAL DR & E 1ST AVE,49.269586,-123.069675,arterial,1,0,2,61.0,17.9,66.0,49.0,85.0,48.1,0.009,47,50
OAK ST & PARK DR,49.214459,-123.130023,arterial,1,0,2,60.0,17.9,65.0,48.0,84.0,47.1,0.009,48,52
E 49TH AVE & MAIN ST,49.225649,-123.10164,arterial,1,0,2,59.8,17.9,64.7,47.0,84.0,46.9,0.009,49,53
MAIN ST & SE MARINE DR,49.211099,-123.102224,arterial,1,0,2,59.4,17.9,64.3,47.0,83.0,46.4,0.009,50,54
GRANVILLE ST & W 33RD AVE,49.241887,-123.139312,arterial,1,0,2,59.0,17.9,63.9,47.0,83.0,46.0,0.009,51,56
E 41ST AVE & RUPERT ST,49.232945,-123.043089,arterial,1,0,2,58.8,17.9,63.7,47.0,82.0,45.8,0.009,52,57
E HASTINGS ST & RENFREW ST,49.281155,-123.044034,arterial,1,0,2,57.8,17.9,62.6,46.0,81.0,44.7,0.009,53,58
OAK ST & W 33RD AVE,49.241437,-123.127824,arterial,1,0,2,57.8,17.9,62.6,46.0,81.0,44.7,0.009,54,59
E 12TH AVE & MAIN ST,49.260193,-123.101079,arterial,1,0,2,57.6,17.9,62.4,46.0,81.0,44.5,0.009,55,60
E BROADWAY & RUPERT ST,49.261898,-123.033733,arterial,1,0,2,56.8,17.9,61.5,45.0,80.0,43.6,0.009,56,62
BURRARD ST & W GEORGIA ST,49.284409,-123.121096,arterial,1,0,2,55.4,17.9,60.0,44.0,78.0,42.1,0.009,57,63
E 41ST AVE & MAIN ST,49.23306,-123.101517,arterial,1,0,2,54.0,17.9,58.5,42.0,76.0,40.6,0.009,58,64
CARDERO ST & W GEORGIA ST & W PENDER ST,49.290575,-123.130597,arterial,1,0,3,59.0,24.5,64.0,47.0,83.0,39.6,0.007,59,55
OAK ST & W KING EDWARD AVE,49.249237,-123.127511,arterial,1,0,2,52.6,17.9,57.0,41.0,74.0,39.1,0.009,60,65
GRANVILLE ST & W 57TH AVE,49.219331,-123.140129,arterial,1,0,2,52.4,17.9,56.8,41.0,74.0,38.9,0.009,61,66
CAMBIE ST & W KING EDWARD AVE,49.248986,-123.115396,arterial,1,0,2,51.8,17.9,56.1,40.0,73.0,38.2,0.009,62,67
OAK ST & W 49TH AVE,49.226543,-123.128296,arterial,1,0,2,51.6,17.9,55.9,40.0,73.0,38.0,0.009,63,68
E 49TH AVE & TYNE ST,49.22464,-123.032269,secondary_arterial,1,0,2,45.2,10.7,48.7,34.0,64.0,37.9,0.015,64,80
E 1ST AVE & RENFREW ST,49.269475,-123.044219,arterial,1,0,2,51.4,17.9,55.7,40.0,73.0,37.8,0.009,65,69
FRASER ST & SE MARINE DR,49.211023,-123.091135,arterial,1,0,2,51.4,17.9,55.7,40.0,73.0,37.8,0.009,66,70
E 12TH AVE & VICTORIA DR,49.25954,-123.065949,secondary_arterial,1,0,2,44.8,10.7,48.3,34.0,64.0,37.5,0.015,67,81
ARGYLE ST & SE MARINE DR,49.211013,-123.071303,arterial,1,0,2,50.2,17.9,54.4,39.0,71.0,36.5,0.009,68,71
CLARK DR & VENABLES ST,49.276759,-123.077265,arterial,1,0,2,50.2,17.9,54.4,39.0,71.0,36.5,0.009,69,72
KINGSWAY & RUPERT ST,49.235939,-123.042334,arterial,1,0,2,50.2,17.9,54.4,39.0,71.0,36.5,0.009,70,73
OAK ST & W 12TH AVE,49.260586,-123.126708,arterial,1,0,2,50.2,17.9,54.4,39.0,71.0,36.5,0.009,71,74
BURRARD ST & W 12TH AVE,49.260941,-123.145866,secondary_arterial,1,0,2,43.6,10.7,47.0,33.0,62.0,36.2,0.015,72,82
E 33RD AVE & KNIGHT ST,49.240211,-123.076367,arterial,1,0,2,49.4,17.9,53.5,38.0,70.0,35.6,0.009,73,75
E 33RD AVE & VICTORIA DR,49.240059,-123.065367,secondary_arterial,1,0,2,41.2,10.7,44.4,31.0,59.0,33.6,0.015,74,92
SE MARINE DR & VICTORIA DR,49.209688,-123.066111,arterial,1,0,2,46.6,17.9,50.5,36.0,66.0,32.6,0.009,75,77
BROUGHTON ST & W GEORGIA ST,49.289005,-123.128224,arterial,1,0,2,46.4,17.9,50.3,36.0,66.0,32.4,0.009,76,78
COMMERCIAL DR & E 12TH AVE,49.259588,-123.069846,secondary_arterial,1,0,2,39.4,10.7,42.5,29.0,57.0,31.7,0.015,77,97
OAK ST & W 57TH AVE,49.219207,-123.128556,arterial,1,0,2,45.2,17.9,49.0,35.0,65.0,31.1,0.009,78,79
CLARENDON ST & E 41ST AVE,49.232812,-123.05548,arterial,1,0,2,43.4,17.9,47.0,33.0,62.0,29.1,0.009,79,83
CLARK DR & E HASTINGS ST,49.281344,-123.0771,arterial,1,0,2,43.4,17.9,47.0,33.0,62.0,29.1,0.009,80,84
CAMBIE ST & W 8TH AVE,49.26405,-123.114821,arterial,1,0,2,43.2,17.9,46.8,33.0,62.0,28.9,0.009,81,85
E 49TH AVE & ELLIOTT ST,49.224804,-123.054726,secondary_arterial,1,0,2,36.0,10.7,38.8,26.0,52.0,28.1,0.015,82,111
E BROADWAY & RENFREW ST,49.261948,-123.044314,arterial,1,0,2,42.4,17.9,46.0,32.0,61.0,28.1,0.009,83,87
ARGYLE DR & E 54TH AVE & VICTORIA DR & TURNING LANE,49.220178,-123.06587,secondary_arterial,1,0,3,39.0,14.7,42.2,29.0,56.0,27.5,0.011,84,102
BURRARD ST & NELSON ST,49.281194,-123.126037,arterial,1,0,2,41.4,17.9,44.9,31.0,60.0,27.0,0.009,85,88
E 62ND AVE & KNIGHT ST,49.213763,-123.077102,arterial,0,0,2,29.6,4.2,31.2,20.0,43.0,27.0,0.037,86,150
THURLOW ST & W GEORGIA ST,49.285723,-123.123132,arterial,1,0,2,41.4,17.9,44.9,31.0,60.0,27.0,0.009,87,89
CAMBIE ST & W 49TH AVE & TURNING LANE,49.226076,-123.116515,arterial,1,0,2,41.2,17.9,44.7,31.0,59.0,26.8,0.009,88,90
DAVIE ST & HOWE ST,49.277802,-123.127193,arterial,1,0,2,41.2,17.9,44.7,31.0,59.0,26.8,0.009,89,91
DUNBAR ST & W 16TH AVE,49.257924,-123.185117,arterial,0,0,2,28.8,4.2,30.4,20.0,42.0,26.2,0.037,90,153
E 63RD AVE & KNIGHT ST,49.21288,-123.077113,arterial,0,0,2,28.8,4.2,30.4,20.0,42.0,26.2,0.037,91,156
E 6TH AVE & MAIN ST,49.2655,-123.100847,arterial,1,0,2,40.6,17.9,44.0,31.0,59.0,26.1,0.009,92,94
ARBUTUS ST & W 4TH AVE,49.268116,-123.152773,arterial,1,0,2,39.8,17.9,43.1,30.0,58.0,25.3,0.009,93,95
CLARK DR & E 6TH AVE,49.265174,-123.077429,arterial,1,0,2,39.8,17.9,43.1,30.0,58.0,25.3,0.009,94,96
E HASTINGS ST & MAIN ST,49.281347,-123.099687,arterial,1,0,2,39.2,17.9,42.5,29.0,57.0,24.6,0.009,95,98
KINGSWAY & SLOCAN ST,49.240009,-123.054067,arterial,1,0,2,39.2,17.9,42.5,29.0,57.0,24.6,0.009,96,99
SEYMOUR ST & SMITHE ST,49.279646,-123.120414,arterial,1,0,2,39.2,17.9,42.5,29.0,57.0,24.6,0.009,97,100
CAMBIE ST & W 7TH AVE,49.26495,-123.114804,arterial,1,0,2,39.0,17.9,42.3,29.0,57.0,24.4,0.009,98,101
E HASTINGS ST & KASLO ST,49.281154,-123.046659,arterial,1,0,2,38.8,17.9,42.1,29.0,56.0,24.2,0.009,99,103
E 49TH AVE & KERR ST,49.224713,-123.041049,secondary_arterial,1,0,2,32.2,10.7,34.7,23.0,47.0,24.0,0.015,100,128
E 59TH AVE & KNIGHT ST,49.216388,-123.077057,arterial,1,0,2,37.8,17.9,41.0,28.0,55.0,23.1,0.009,101,105
GRANVILLE ST & W 71ST AVE,49.207069,-123.140585,arterial,1,0,2,37.8,17.9,41.0,28.0,55.0,23.1,0.009,102,106
E 22ND AVE & RUPERT ST,49.250607,-123.033814,secondary_arterial,1,0,2,31.2,10.7,33.7,22.0,46.0,22.9,0.015,103,139
GRANVILLE ST & W BROADWAY,49.263589,-123.138562,arterial,1,0,2,37.2,17.9,40.3,28.0,54.0,22.4,0.009,104,107
E 2ND AVE & QUEBEC ST,49.269212,-123.102714,arterial,1,0,2,36.8,17.9,39.9,27.0,54.0,22.0,0.009,105,108
KINGSWAY & TYNE ST,49.232015,-123.031251,arterial,1,0,2,36.8,17.9,39.9,27.0,54.0,22.0,0.009,106,109
OAK ST & W 67TH AVE,49.210743,-123.130188,arterial,1,0,2,36.8,17.9,39.9,27.0,54.0,22.0,0.009,107,110
TECUMSEH AVE & W 16TH AVE & WOLFE AVE,49.257106,-123.131803,secondary_arterial,0,0,3,24.2,3.4,25.3,16.0,36.0,21.9,0.045,108,202
GRANVILLE ST & W 12TH AVE,49.2608,-123.138697,arterial,1,0,2,35.8,17.9,38.8,27.0,52.0,20.9,0.009,109,112
STATION ST & TERMINAL AVE,49.272485,-123.098097,arterial,0,0,2,23.0,4.2,24.3,15.0,35.0,20.1,0.037,110,211
E BROADWAY & VICTORIA DR,49.262291,-123.065917,arterial,1,0,2,34.8,17.9,37.7,26.0,51.0,19.9,0.009,111,115
GRANVILLE ST & W 58TH AVE,49.218444,-123.140181,arterial,0,0,2,22.8,4.2,24.1,15.0,34.0,19.9,0.037,112,215
MACDONALD ST & W 16TH AVE,49.257668,-123.168378,secondary_arterial,1,0,2,28.4,10.7,30.7,20.0,42.0,19.9,0.015,113,152
E 33RD AVE & FRASER ST,49.240302,-123.090377,secondary_arterial,1,0,2,28.2,10.7,30.4,20.0,42.0,19.7,0.015,114,154
BORDEN ST & SE MARINE DR,49.211071,-123.074013,arterial,0,0,2,22.2,4.2,23.4,14.0,34.0,19.3,0.037,115,221
CLARK DR & E 2ND AVE,49.268754,-123.077385,arterial,0,0,2,22.2,4.2,23.4,14.0,34.0,19.3,0.037,116,222
E 33RD AVE & MAIN ST,49.240503,-123.101467,arterial,1,0,2,34.2,17.9,37.1,25.0,50.0,19.2,0.009,117,116
ASH ST & SW MARINE DR,49.209373,-123.118961,arterial,0,0,2,22.0,4.2,23.2,14.0,33.0,19.1,0.037,118,226
E 1ST AVE & VICTORIA DR,49.26956,-123.065769,arterial,1,0,2,34.0,17.9,36.9,25.0,50.0,19.0,0.009,119,118
HOWE ST & W GEORGIA ST,49.283132,-123.119153,arterial,1,0,2,34.0,17.9,36.9,25.0,50.0,19.0,0.009,120,119
E 12TH AVE & FRASER ST,49.259735,-123.089186,secondary_arterial,1,0,2,27.2,10.7,29.4,19.0,41.0,18.6,0.015,121,163
CAMBIE ST & NELSON ST,49.276078,-123.118097,arterial,1,0,2,33.4,17.9,36.2,24.0,49.0,18.3,0.009,122,120
E 16TH AVE & MAIN ST,49.256579,-123.101238,arterial,1,0,2,33.4,17.9,36.2,24.0,49.0,18.3,0.009,123,121
MACDONALD ST & W 49TH AVE,49.227315,-123.16743,secondary_arterial,0,0,2,20.0,2.5,20.6,12.0,30.0,18.1,0.06,124,255
NELSON ST & SEYMOUR ST,49.278601,-123.122011,arterial,1,0,2,33.2,17.9,36.0,24.0,49.0,18.1,0.009,125,122
HOWE ST & NELSON ST,49.279909,-123.124039,arterial,1,0,2,32.6,17.9,35.4,24.0,48.0,17.5,0.009,126,123
E 43RD AVE & E 44TH AVE & VICTORIA DR,49.23044,-123.065567,secondary_arterial,1,0,3,29.6,14.7,32.1,21.0,44.0,17.4,0.011,127,143
GEORGIA VIADUCT & MAIN ST,49.277088,-123.099909,arterial,0,0,2,20.4,4.2,21.6,13.0,31.0,17.4,0.037,128,244
E BROADWAY & KINGSWAY,49.26287,-123.099518,arterial,1,0,2,32.4,17.9,35.2,24.0,48.0,17.3,0.009,129,124
E KING EDWARD AVE & MAIN ST,49.248771,-123.10107,arterial,1,0,2,32.4,17.9,35.2,24.0,48.0,17.3,0.009,130,125
JOYCE ST & VANNESS AVE,49.238241,-123.031848,secondary_arterial,1,0,2,26.0,10.7,28.1,18.0,39.0,17.3,0.015,131,175
OAK ST & W 8TH AVE,49.264327,-123.126585,arterial,0,0,2,20.2,4.2,21.3,13.0,31.0,17.2,0.037,132,247
GLADSTONE ST & KINGSWAY,49.243562,-123.06181,arterial,1,0,2,32.2,17.9,34.9,23.0,48.0,17.0,0.009,133,127
E 60TH AVE & KNIGHT ST,49.215478,-123.07707,arterial,0,0,2,19.8,4.2,20.9,13.0,30.0,16.8,0.037,134,252
E KING EDWARD AVE & KINGSWAY & TURNING LANE,49.248504,-123.072338,arterial,1,0,2,32.0,17.9,34.7,23.0,47.0,16.8,0.009,135,129
MACDONALD ST & W 4TH AVE,49.26838,-123.168279,arterial,1,0,2,31.8,17.9,34.5,23.0,47.0,16.6,0.009,136,130
BURRARD ST & SMITHE ST,49.282225,-123.124422,arterial,1,0,2,31.6,17.9,34.3,23.0,47.0,16.4,0.009,137,131
E KING EDWARD AVE & KNIGHT ST,49.248512,-123.076075,arterial,1,0,2,31.6,17.9,34.3,23.0,47.0,16.4,0.009,138,132
OAK ST & W BROADWAY,49.263406,-123.126619,arterial,1,0,2,31.6,17.9,34.3,23.0,47.0,16.4,0.009,139,133
QUEBEC ST & TERMINAL AVE,49.272985,-123.101732,arterial,1,0,2,31.6,17.9,34.3,23.0,47.0,16.4,0.009,140,134
OAK ST & W 6TH AVE,49.265999,-123.126532,arterial,0,0,2,19.4,4.2,20.5,12.0,30.0,16.3,0.037,141,259
E BROADWAY & MAIN ST,49.262912,-123.100967,arterial,1,0,2,31.4,17.9,34.1,23.0,47.0,16.2,0.009,142,135
JERVIS ST & W GEORGIA ST,49.288136,-123.126873,arterial,1,0,2,31.4,17.9,34.1,23.0,47.0,16.2,0.009,143,137
BURRARD ST & CORNWALL AVE,49.272406,-123.145229,arterial,1,0,2,31.2,17.9,33.9,23.0,46.0,16.0,0.009,144,138
GRANVILLE ST & LAURIER AVE,49.250841,-123.139056,arterial,0,0,2,19.0,4.2,20.1,12.0,29.0,15.9,0.037,145,263
E HASTINGS ST & SLOCAN ST,49.281159,-123.049336,arterial,1,0,2,31.0,17.9,33.6,22.0,46.0,15.7,0.009,146,140
OAK ST & W 37TH AVE,49.237648,-123.127951,arterial,1,0,2,30.8,17.9,33.4,22.0,46.0,15.5,0.009,147,142
ALBERTA ST & W 12TH AVE,49.260362,-123.111036,secondary_arterial,0,0,2,17.2,2.5,17.8,10.0,26.0,15.3,0.06,148,307
E 1ST AVE & MCLEAN DR,49.269634,-123.075422,arterial,0,0,2,18.4,4.2,19.5,11.0,29.0,15.3,0.037,149,273
LAUREL ST & SW MARINE DR,49.206351,-123.126198,arterial,0,0,2,18.4,4.2,19.5,11.0,29.0,15.3,0.037,150,275
CONNAUGHT DR & GRANVILLE ST & W 29TH AVE,49.24536,-123.139167,arterial,0,0,3,18.6,5.7,19.9,12.0,29.0,14.2,0.028,151,265
MACDONALD ST & W BROADWAY,49.26408,-123.16816,arterial,1,0,2,29.6,17.9,32.1,21.0,44.0,14.2,0.009,152,144
ALBERTA ST & W 41ST AVE,49.233437,-123.113459,arterial,0,0,2,17.2,4.2,18.2,10.0,27.0,14.0,0.037,153,298
ARBUTUS GREENWAY & ARBUTUS ST & W KING EDWARD AVE,49.251529,-123.15308,arterial,1,0,3,35.4,24.5,38.5,26.0,52.0,14.0,0.007,154,113
DUNDAS ST & N NANAIMO ST & NANAIMO ST,49.284779,-123.056525,arterial,1,0,3,35.4,24.5,38.5,26.0,52.0,14.0,0.007,155,114
LAUREL ST & W 12TH AVE & EMERGENCY LANE,49.260572,-123.125443,secondary_arterial,0,0,3,16.6,3.4,17.4,10.0,26.0,14.0,0.045,156,313
DUNBAR ST & SW MARINE DR,49.230183,-123.185432,local,0,0,2,18.0,0.4,14.3,8.0,22.0,13.9,0.278,157,383
E 47TH AVE & FRASER ST,49.227363,-123.0907,secondary_arterial,1,0,2,22.8,10.7,24.6,15.0,35.0,13.9,0.015,158,207
ARBUTUS ST & W BROADWAY,49.263821,-123.152938,arterial,1,0,2,29.2,17.9,31.7,21.0,44.0,13.8,0.009,159,145
COMMERCIAL DR & VENABLES ST,49.276673,-123.070461,secondary_arterial,0,0,2,15.8,2.5,16.3,9.0,25.0,13.8,0.06,160,338
ALBERTA ST & W BROADWAY,49.263145,-123.110952,arterial,0,0,2,16.8,4.2,17.8,10.0,26.0,13.6,0.037,161,308
VENABLES ST & VERNON DR,49.276812,-123.079305,secondary_arterial,0,0,2,15.6,2.5,16.1,9.0,24.0,13.6,0.06,162,342
BUTE ST & W GEORGIA ST,49.287135,-123.12533,arterial,1,0,2,28.8,17.9,31.3,21.0,43.0,13.4,0.009,163,146
HORNBY ST & SMITHE ST,49.281573,-123.123372,arterial,1,0,2,28.8,17.9,31.3,21.0,43.0,13.4,0.009,164,147
MAIN ST & NATIONAL AVE,49.274934,-123.099923,arterial,1,0,2,28.8,17.9,31.3,21.0,43.0,13.4,0.009,165,148
W 41ST AVE & YEW ST,49.234628,-123.158501,arterial,1,0,2,28.8,17.9,31.3,21.0,43.0,13.4,0.009,166,149
GRANVILLE ST & SMITHE ST,49.280325,-123.121393,arterial,1,0,2,28.4,17.9,30.8,20.0,43.0,12.9,0.009,167,151
E 50TH AVE & FRASER ST,49.224517,-123.090804,secondary_arterial,0,0,2,14.8,2.5,15.3,8.0,23.0,12.8,0.06,168,363
FIR ST & W 12TH AVE,49.260842,-123.14114,secondary_arterial,1,0,2,21.8,10.7,23.6,15.0,34.0,12.8,0.015,169,220
MACDONALD ST & SW MARINE DR,49.225788,-123.168416,arterial,0,0,2,16.0,4.2,16.9,10.0,25.0,12.8,0.037,170,323
MARINE WAY & SAWMILL CRES,49.207002,-123.03355,arterial,0,0,2,16.0,4.2,16.9,10.0,25.0,12.8,0.037,171,324
ABBOTT ST & W PENDER ST,49.281065,-123.107583,arterial,0,0,2,15.8,4.2,16.7,9.0,25.0,12.6,0.037,172,329
BURRARD ST & W 16TH AVE,49.257179,-123.145979,secondary_arterial,1,0,2,21.6,10.7,23.3,14.0,33.0,12.6,0.015,173,223
E 43RD AVE & FRASER ST,49.230994,-123.0906,secondary_arterial,1,0,2,21.6,10.7,23.3,14.0,33.0,12.6,0.015,174,224
E HASTINGS ST & GARDEN DR,49.28117,-123.057838,arterial,0,0,2,15.8,4.2,16.7,9.0,25.0,12.6,0.037,175,330
E 61ST AVE & KNIGHT ST,49.214627,-123.077086,arterial,1,0,2,28.0,17.9,30.4,20.0,42.0,12.5,0.009,176,155
GRANVILLE ST & PARK DR & W 59TH AVE,49.217369,-123.140216,arterial,1,0,3,34.0,24.5,37.0,25.0,50.0,12.5,0.007,177,117
MANITOBA ST & W 2ND AVE,49.269277,-123.106627,arterial,1,0,2,28.0,17.9,30.4,20.0,42.0,12.5,0.009,178,157
BURRARD ST & W 2ND AVE,49.269782,-123.145561,arterial,0,0,2,15.6,4.2,16.5,9.0,25.0,12.3,0.037,179,332
DAVIE ST & THURLOW ST,49.280383,-123.131214,arterial,1,0,2,27.8,17.9,30.2,20.0,42.0,12.3,0.009,180,158
HOWE ST & SMITHE ST,49.280985,-123.122436,arterial,1,0,2,27.6,17.9,30.0,19.0,42.0,12.1,0.009,181,159
ASH ST & W 12TH AVE,49.260441,-123.117629,secondary_arterial,1,0,2,21.0,10.7,22.7,14.0,33.0,12.0,0.015,182,229
E 33RD AVE & NANAIMO ST,49.239791,-123.058711,secondary_arterial,1,0,2,21.0,10.7,22.7,14.0,33.0,12.0,0.015,183,230
CAMBIE ST & W 63RD AVE,49.213204,-123.117009,arterial,0,0,2,15.2,4.2,16.1,9.0,24.0,11.9,0.037,184,339
GRANVILLE ST & W 54TH AVE,49.221704,-123.140015,arterial,0,0,2,15.2,4.2,16.1,9.0,24.0,11.9,0.037,185,341
CLARK DR & E 4TH AVE,49.266943,-123.077407,arterial,0,0,2,15.0,4.2,15.9,9.0,24.0,11.7,0.037,186,347
E 54TH AVE & KERR ST,49.220159,-123.041281,secondary_arterial,1,0,2,20.8,10.7,22.5,14.0,32.0,11.7,0.015,187,235
GRANVILLE ST & W 8TH AVE,49.264503,-123.138529,arterial,0,0,2,15.0,4.2,15.9,9.0,24.0,11.7,0.037,188,348
BRUNSWICK ST & E 2ND AVE & GREAT NORTHERN WAY,49.266741,-123.096256,local,1,0,3,13.6,2.5,14.1,7.0,22.0,11.6,0.062,189,389
BURRARD ST & W BROADWAY,49.263701,-123.145756,arterial,1,0,2,27.2,17.9,29.5,19.0,41.0,11.6,0.009,190,160
EARLES ST & KINGSWAY,49.237566,-123.048809,arterial,1,0,2,27.2,17.9,29.5,19.0,41.0,11.6,0.009,191,161
E 29TH AVE & NANAIMO ST,49.244612,-123.056658,arterial,0,0,2,14.8,4.2,15.7,9.0,24.0,11.5,0.037,192,351
E 57TH AVE & FRASER ST,49.218274,-123.090942,secondary_arterial,1,0,2,20.6,10.7,22.3,14.0,32.0,11.5,0.015,193,238
JOYCE ST & WELLINGTON AVE,49.24004,-123.030127,secondary_arterial,1,0,2,20.6,10.7,22.3,14.0,32.0,11.5,0.015,194,239
ALMA ST & W 4TH AVE,49.268607,-123.185686,arterial,1,0,2,27.0,17.9,29.3,19.0,41.0,11.4,0.009,195,164
ARBUTUS ST & W 12TH AVE,49.261003,-123.15306,arterial,1,0,2,27.0,17.9,29.3,19.0,41.0,11.4,0.009,196,165
CAROLINA ST & E 15TH AVE & KINGSWAY,49.257326,-123.091813,arterial,0,0,3,16.0,5.7,17.1,10.0,26.0,11.4,0.028,197,317
CAMBIE ST & W 39TH AVE,49.235391,-123.116149,arterial,0,0,2,14.6,4.2,15.5,8.0,23.0,11.3,0.037,198,356
CHESTER ST & SE MARINE DR,49.211036,-123.089575,arterial,0,0,2,14.6,4.2,15.5,8.0,23.0,11.3,0.037,199,357
OAK ST & W 59TH AVE,49.217118,-123.12925,arterial,1,0,2,26.8,17.9,29.1,19.0,41.0,11.2,0.009,200,166
VINE ST & W 4TH AVE,49.268186,-123.157502,arterial,1,0,2,26.8,17.9,29.1,19.0,41.0,11.2,0.009,201,167
GRANVILLE ST & W 52ND AVE,49.22408,-123.139929,arterial,0,0,2,14.4,4.2,15.3,8.0,23.0,11.1,0.037,202,365
SW MARINE DR & YUKON ST,49.210898,-123.115222,arterial,1,0,2,26.6,17.9,28.9,19.0,40.0,11.0,0.009,203,168
ALMA ST & W 10TH AVE,49.263481,-123.185898,arterial,1,0,2,26.4,17.9,28.7,18.0,40.0,10.8,0.009,204,169
GRANVILLE ST & NELSON ST,49.279252,-123.12304,arterial,1,0,2,26.4,17.9,28.7,18.0,40.0,10.8,0.009,205,170
ALBERTA ST & W 7TH AVE,49.264782,-123.110882,collector,0,0,2,12.2,1.2,11.9,6.0,19.0,10.7,0.119,206,460
E 54TH AVE & KNIGHT ST,49.220425,-123.077517,arterial,0,0,2,14.0,4.2,14.8,8.0,23.0,10.7,0.037,207,370
COMMERCIAL DR & E HASTINGS ST,49.281248,-123.070399,arterial,1,0,2,26.2,17.9,28.5,18.0,40.0,10.6,0.009,208,171
ELLIOTT ST & SE MARINE DR,49.207107,-123.056819,arterial,1,0,2,26.2,17.9,28.5,18.0,40.0,10.6,0.009,209,172
GRANDVIEW HWY & RUPERT ST,49.258127,-123.033793,arterial,1,1,2,78.6,75.2,85.6,65.0,108.0,10.4,0.002,210,19
DAVIE ST & GRANVILLE ST,49.277154,-123.126192,arterial,1,0,2,26.0,17.9,28.2,18.0,39.0,10.3,0.009,211,173
E 12TH AVE & NANAIMO ST,49.259447,-123.056626,arterial,0,0,2,13.6,4.2,14.4,8.0,22.0,10.2,0.037,212,379
E BROADWAY & KASLO ST,49.262002,-123.04704,arterial,0,0,2,13.6,4.2,14.4,8.0,22.0,10.2,0.037,213,380
E BROADWAY & PENTICTON ST,49.262006,-123.053006,arterial,0,0,2,13.6,4.2,14.4,8.0,22.0,10.2,0.037,214,381
DENMAN ST & ROBSON ST,49.291479,-123.135476,arterial,1,0,2,25.8,17.9,28.0,18.0,39.0,10.1,0.009,215,176
FIR ST & W BROADWAY,49.263614,-123.141026,arterial,1,0,2,25.8,17.9,28.0,18.0,39.0,10.1,0.009,216,177
E 49TH AVE & INVERNESS ST,49.225331,-123.080049,secondary_arterial,1,0,2,19.2,10.7,20.8,12.0,30.0,10.0,0.015,217,253
E 32ND AVE & VICTORIA DR,49.241522,-123.065303,secondary_arterial,0,0,2,12.0,2.5,12.4,6.0,20.0,9.9,0.06,218,442
E HASTINGS ST & VICTORIA DR,49.281211,-123.065573,arterial,1,0,2,25.6,17.9,27.8,18.0,39.0,9.9,0.009,219,178
SEYMOUR ST & W GEORGIA ST,49.281825,-123.117138,arterial,1,0,2,25.6,17.9,27.8,18.0,39.0,9.9,0.009,220,179
ANGUS DR & GRANVILLE ST,49.254557,-123.138912,arterial,0,0,2,13.2,4.2,14.0,7.0,22.0,9.8,0.037,221,390
BURRARD ST & BURRARD ST BRIDGE,49.273172,-123.144127,arterial,0,1,2,25.2,17.6,27.4,17.0,38.0,9.8,0.009,222,181
E 4TH AVE & MAIN ST,49.267313,-123.100756,arterial,0,0,2,13.2,4.2,14.0,7.0,22.0,9.8,0.037,223,393
RICHARDS ST & SMITHE ST,49.279049,-123.119478,arterial,1,0,2,25.4,17.9,27.6,18.0,39.0,9.7,0.009,224,180
OAK ST & W 16TH AVE,49.257116,-123.12721,arterial,1,0,2,25.2,17.9,27.4,17.0,38.0,9.5,0.009,225,182
BURRARD ST & ROBSON ST,49.283281,-123.122803,arterial,1,0,2,25.0,17.9,27.2,17.0,38.0,9.3,0.009,226,183
E 41ST AVE & NANAIMO ST,49.232833,-123.058867,arterial,1,0,2,25.0,17.9,27.2,17.0,38.0,9.3,0.009,227,184
E 22ND AVE & SLOCAN ST,49.250639,-123.049615,secondary_arterial,1,0,2,18.4,10.7,19.9,12.0,29.0,9.2,0.015,228,266
E 51ST AVE & KNIGHT ST,49.223369,-123.077403,arterial,0,0,2,12.6,4.2,13.4,7.0,21.0,9.2,0.037,229,408
ARTHUR LAING BRIDGE & GRANVILLE ST OFFRAMP & GRANVILLE ST ONRAMP & SW MARINE DR & SW MARINE DR OFFRAMP & SW MARINE DR ONRAMP,49.202322,-123.134613,local,0,1,6,16.2,8.3,17.5,10.0,26.0,9.1,0.019,230,310
BURRARD ST & DUNSMUIR ST,49.285551,-123.119379,arterial,1,0,2,24.8,17.9,26.9,17.0,38.0,9.1,0.009,231,185
E 39TH AVE & VICTORIA DR,49.234917,-123.0655,secondary_arterial,0,0,2,11.2,2.5,11.6,6.0,18.0,9.1,0.06,232,471
E BROADWAY & FRASER ST,49.262482,-123.089134,arterial,1,0,2,24.8,17.9,26.9,17.0,38.0,9.1,0.009,233,186
MANITOBA ST & SW MARINE DR & W 64TH AVE,49.212187,-123.109974,arterial,1,0,3,30.8,24.5,33.5,22.0,46.0,9.0,0.007,234,141
E 2ND AVE & RENFREW ST,49.268482,-123.044234,secondary_arterial,0,0,2,11.0,2.5,11.4,6.0,18.0,8.9,0.06,235,478
BEATRICE ST & E 41ST AVE,49.23258,-123.066913,arterial,0,0,2,12.2,4.2,13.0,7.0,20.0,8.8,0.037,236,416
GRANDVIEW HWY & GRANDVIEW HWY N & SLOCAN ST & TURNING LANE,49.258229,-123.049573,local,0,1,3,10.8,2.4,11.2,5.0,18.0,8.8,0.063,237,493
GRANVILLE ST & W 65TH AVE,49.212256,-123.140401,arterial,0,0,2,12.2,4.2,13.0,7.0,20.0,8.8,0.037,238,420
E 29TH AVE & RUPERT ST,49.244512,-123.034091,secondary_arterial,1,0,2,18.0,10.7,19.5,11.0,29.0,8.7,0.015,239,274
CAMBIE ST & W 16TH AVE,49.256905,-123.115083,arterial,1,0,2,24.4,17.9,26.5,17.0,37.0,8.6,0.009,240,187
GRANVILLE ST & W 10TH AVE,49.262638,-123.138541,arterial,1,0,2,24.4,17.9,26.5,17.0,37.0,8.6,0.009,241,188
E HASTINGS ST & SKEENA ST,49.281132,-123.02833,arterial,1,0,2,24.2,17.9,26.3,17.0,37.0,8.4,0.009,242,191
KINGSWAY & SIDNEY ST,49.244501,-123.063765,arterial,0,0,2,11.8,4.2,12.5,6.0,20.0,8.4,0.037,243,438
SHAUGHNESSY ST & W 70TH AVE,49.208451,-123.128855,arterial,0,0,2,11.8,4.2,12.5,6.0,20.0,8.4,0.037,244,440
DUNBAR ST & W 41ST AVE,49.234768,-123.185324,arterial,1,0,2,24.0,17.9,26.1,16.0,37.0,8.2,0.009,245,192
GRANVILLE ST & W 32ND AVE,49.24368,-123.139206,arterial,0,0,2,11.6,4.2,12.3,6.0,19.0,8.2,0.037,246,447
ROBSON ST & THURLOW ST,49.284599,-123.124848,arterial,1,0,2,24.0,17.9,26.1,16.0,37.0,8.2,0.009,247,193
COMMERCIAL DR & E 2ND AVE,49.2687,-123.069673,secondary_arterial,0,0,2,10.2,2.5,10.6,5.0,17.0,8.1,0.06,248,521
E 43RD AVE & KNIGHT ST,49.230654,-123.077136,arterial,0,0,2,11.4,4.2,12.1,6.0,19.0,7.9,0.037,249,450
E 45TH AVE & KNIGHT ST,49.229006,-123.077137,arterial,0,0,2,11.4,4.2,12.1,6.0,19.0,7.9,0.037,250,451
E 48TH AVE & MAIN ST,49.226658,-123.101565,arterial,0,0,2,11.4,4.2,12.1,6.0,19.0,7.9,0.037,251,452
E 54TH AVE & ELLIOTT ST,49.220181,-123.054871,collector,1,0,2,12.2,5.1,13.0,7.0,20.0,7.9,0.03,252,419
GRANVILLE ST & W 26TH AVE,49.248332,-123.139148,arterial,0,0,2,11.4,4.2,12.1,6.0,19.0,7.9,0.037,253,453
HEMLOCK ST & W 8TH AVE,49.264464,-123.136081,secondary_arterial,0,0,2,10.0,2.5,10.4,5.0,17.0,7.9,0.06,254,533
CAMBIE ST & W HASTINGS ST,49.282555,-123.109609,arterial,1,0,2,23.6,17.9,25.6,16.0,36.0,7.8,0.009,255,196
CEDARHURST ST & SW MARINE DR & W 49TH AVE,49.227367,-123.171556,arterial,0,0,3,12.6,5.7,13.5,7.0,21.0,7.8,0.028,256,405
DAVIE ST & PACIFIC BLVD,49.274047,-123.121365,arterial,1,0,2,23.6,17.9,25.6,16.0,36.0,7.8,0.009,257,197
E 53RD AVE & KNIGHT ST,49.221799,-123.077478,arterial,1,0,2,23.6,17.9,25.6,16.0,36.0,7.8,0.009,258,198
HEMLOCK ST & W BROADWAY,49.26356,-123.136088,arterial,1,0,2,23.6,17.9,25.6,16.0,36.0,7.8,0.009,259,199
HORNBY ST & W GEORGIA ST,49.283756,-123.120092,arterial,1,0,2,23.6,17.9,25.6,16.0,36.0,7.8,0.009,260,200
ALBERNI ST & BROUGHTON ST,49.288594,-123.128861,arterial,0,0,2,11.2,4.2,11.9,6.0,19.0,7.7,0.037,261,459
INVERNESS ST & KINGSWAY,49.252062,-123.079895,arterial,0,0,2,11.2,4.2,11.9,6.0,19.0,7.7,0.037,262,461
ARGYLE ST & E 57TH AVE,49.218092,-123.07202,collector,1,0,2,11.8,5.1,12.6,6.0,20.0,7.5,0.03,263,432
BEGG ST & TERMINAL AVE,49.270683,-123.087441,arterial,0,0,2,11.0,4.2,11.7,6.0,19.0,7.5,0.037,264,468
BURRARD ST & W 6TH AVE,49.266304,-123.145662,arterial,0,0,2,11.0,4.2,11.7,6.0,19.0,7.5,0.037,265,469
E 35TH AVE & VICTORIA DR,49.238236,-123.065418,secondary_arterial,0,0,2,9.6,2.5,10.0,5.0,16.0,7.5,0.06,266,544
E 63RD AVE & FRASER ST,49.213023,-123.091102,secondary_arterial,0,0,2,9.6,2.5,10.0,5.0,16.0,7.5,0.06,267,545
E KING EDWARD AVE & FRASER ST,49.248662,-123.090155,arterial,1,0,2,23.4,17.9,25.4,16.0,36.0,7.5,0.009,268,201
KINGSWAY & STAMFORD ST,49.232403,-123.032496,arterial,0,0,2,11.0,4.2,11.7,6.0,19.0,7.5,0.037,269,470
STANLEY PARK CAUSEWAY & STANLEY PARK DR,49.297255,-123.136696,none,0,0,2,8.8,1.3,8.7,4.0,15.0,7.4,0.11,270,615
BURNABY ST & THURLOW ST,49.279657,-123.132241,arterial,0,0,2,10.8,4.2,11.5,6.0,18.0,7.3,0.037,271,475
E 41ST AVE & GLADSTONE ST,49.232871,-123.062109,arterial,0,0,2,10.8,4.2,11.5,6.0,18.0,7.3,0.037,272,476
CLARENDON ST & E 34TH AVE,49.238892,-123.055462,collector,0,0,2,8.6,1.2,8.4,4.0,14.0,7.2,0.119,273,635
LARCH ST & PUGET DR & W 33RD AVE,49.242251,-123.162497,collector,0,0,3,8.8,1.6,8.9,4.0,15.0,7.2,0.09,274,605
MANITOBA ST & W 7TH AVE,49.2647,-123.106786,collector,0,0,2,8.6,1.2,8.4,4.0,14.0,7.2,0.119,275,642
CLARK DR & KINGSWAY,49.251084,-123.077901,arterial,1,0,2,23.0,17.9,25.0,16.0,35.0,7.1,0.009,276,203
E 15TH AVE & MAIN ST,49.257507,-123.101198,arterial,0,0,2,10.6,4.2,11.3,5.0,18.0,7.1,0.037,277,485
E 42ND AVE & VICTORIA DR,49.232071,-123.065516,secondary_arterial,0,0,2,9.2,2.5,9.6,4.0,16.0,7.1,0.06,278,568
E HASTINGS ST & VERNON DR,49.281115,-123.079159,arterial,0,0,2,10.6,4.2,11.3,5.0,18.0,7.1,0.037,279,486
BALACLAVA ST & W 10TH AVE,49.263301,-123.174022,secondary_arterial,0,0,2,9.0,2.5,9.4,4.0,16.0,6.9,0.06,280,572
CLARK DR & E PENDER ST,49.280357,-123.077162,arterial,0,0,2,10.4,4.2,11.1,5.0,18.0,6.9,0.037,281,496
E 50TH AVE & MAIN ST,49.224713,-123.101642,arterial,0,0,2,10.4,4.2,11.1,5.0,18.0,6.9,0.037,282,497
E HASTINGS ST & WOODLAND DR,49.281292,-123.072629,arterial,0,0,2,10.4,4.2,11.1,5.0,18.0,6.9,0.037,283,498
E PENDER ST & GORE AVE,49.280335,-123.097304,local,1,0,2,8.6,1.8,8.7,4.0,15.0,6.9,0.082,284,614
E PENDER ST & MAIN ST,49.280381,-123.099699,arterial,1,0,2,22.8,17.9,24.8,15.0,35.0,6.9,0.009,285,204
KINGSWAY & PERRY ST,49.248018,-123.071292,arterial,0,0,2,10.4,4.2,11.1,5.0,18.0,6.9,0.037,286,499
MARINE WAY & RIVER DISTRICT CROSSING,49.206863,-123.030858,arterial,0,0,2,10.4,4.2,11.1,5.0,18.0,6.9,0.037,287,500
NELSON ST & THURLOW ST,49.28249,-123.128048,arterial,1,0,2,22.8,17.9,24.8,15.0,35.0,6.9,0.009,288,205
ARGYLE DR & ARGYLE ST & E 57TH AVE,49.217878,-123.071197,collector,0,0,3,8.4,1.6,8.5,4.0,14.0,6.8,0.09,289,625
ANDERSON ST & W 4TH AVE,49.26819,-123.138372,arterial,0,0,2,10.2,4.2,10.9,5.0,18.0,6.7,0.037,290,505
ARGYLE ST & E 41ST AVE,49.232629,-123.071514,arterial,0,0,2,10.2,4.2,10.9,5.0,18.0,6.7,0.037,291,506
CAMBIE ST & W 29TH AVE & TURNING LANE,49.245163,-123.115602,arterial,1,0,2,22.6,17.9,24.6,15.0,35.0,6.7,0.009,292,206
GRANVILLE ST & W 40TH AVE,49.235364,-123.139588,arterial,0,0,2,10.2,4.2,10.9,5.0,18.0,6.7,0.037,293,508
HARWOOD ST & THURLOW ST,49.278981,-123.133325,arterial,0,0,2,10.2,4.2,10.9,5.0,18.0,6.7,0.037,294,509
KILLARNEY ST & KINGSWAY,49.236377,-123.045735,arterial,0,0,2,10.2,4.2,10.9,5.0,18.0,6.7,0.037,295,510
DUNDAS ST & POWELL ST & SEMLIN DR & WALL ST,49.284806,-123.063552,arterial,0,0,4,24.2,19.7,26.3,17.0,37.0,6.6,0.008,296,190
BURRARD ST & W 3RD AVE,49.2689,-123.145594,arterial,0,0,2,10.0,4.2,10.6,5.0,17.0,6.5,0.037,297,520
DAVIE ST & SEYMOUR ST,49.276501,-123.125189,arterial,1,0,2,22.4,17.9,24.4,15.0,35.0,6.5,0.009,298,208
E 1ST AVE & WINDERMERE ST,49.269445,-123.036434,arterial,0,0,2,10.0,4.2,10.6,5.0,17.0,6.5,0.037,299,523
ROSS ST & SE MARINE DR,49.211118,-123.084037,arterial,1,0,2,22.4,17.9,24.4,15.0,35.0,6.5,0.009,300,209
CROWLEY DR & JOYCE ST,49.237472,-123.032577,secondary_arterial,0,0,2,8.6,2.5,9.0,4.0,15.0,6.4,0.06,301,593
GLEN DR & VENABLES ST,49.276816,-123.08138,secondary_arterial,0,0,2,8.6,2.5,9.0,4.0,15.0,6.4,0.06,302,601
BIDWELL ST & W GEORGIA ST,49.291606,-123.132114,arterial,0,0,2,9.8,4.2,10.4,5.0,17.0,6.3,0.037,303,530
E 1ST AVE & PENTICTON ST,49.269485,-123.052072,arterial,0,0,2,9.8,4.2,10.4,5.0,17.0,6.3,0.037,304,531
E 39TH AVE & KNIGHT ST,49.234792,-123.076994,arterial,0,0,2,9.8,4.2,10.4,5.0,17.0,6.3,0.037,305,532
CAMBIE ST & W 33RD AVE,49.241084,-123.118437,arterial,1,0,2,22.2,17.9,24.1,15.0,34.0,6.2,0.009,306,213
E HASTINGS ST & PENTICTON ST,49.281162,-123.051974,arterial,1,0,2,22.2,17.9,24.1,15.0,34.0,6.2,0.009,307,214
HORNBY ST & NELSON ST,49.280536,-123.124983,arterial,1,0,2,22.2,17.9,24.1,15.0,34.0,6.2,0.009,308,216
GILFORD ST & W GEORGIA ST,49.293614,-123.135272,arterial,0,0,2,9.6,4.2,10.2,5.0,17.0,6.1,0.037,309,539
CLARENDON ST & E 45TH AVE & ELLIOTT ST,49.229376,-123.05492,collector,0,0,3,7.6,1.6,7.7,3.0,13.0,6.0,0.09,310,696
CLARK DR & POWELL ST,49.283068,-123.077088,arterial,1,0,2,22.0,17.9,23.9,15.0,34.0,6.0,0.009,311,217
DAVIE ST & HORNBY ST,49.278406,-123.128134,arterial,1,0,2,22.0,17.9,23.9,15.0,34.0,6.0,0.009,312,218
E 12TH AVE & PRINCE ALBERT ST,49.259722,-123.087196,secondary_arterial,0,0,2,8.2,2.5,8.5,4.0,14.0,6.0,0.06,313,630
BOUNDARY RD & SE MARINE DR,49.208167,-123.023671,collector,0,0,2,7.2,1.2,7.1,3.0,12.0,5.9,0.119,314,746
MACKENZIE ST & W 33RD AVE,49.242335,-123.170218,collector,0,0,2,7.2,1.2,7.1,3.0,12.0,5.9,0.119,315,758
CAMBIE ST & W GEORGIA ST,49.279321,-123.113277,arterial,1,0,2,21.8,17.9,23.7,15.0,34.0,5.8,0.009,316,219
E 1ST AVE & NOOTKA ST,49.269473,-123.041469,arterial,0,0,2,9.4,4.2,10.0,5.0,16.0,5.8,0.037,317,543
E 12TH AVE & WOODLAND DR,49.259606,-123.073693,secondary_arterial,1,0,2,15.2,10.7,16.5,9.0,25.0,5.7,0.015,318,334
ALBERNI ST & JERVIS ST,49.287728,-123.127469,arterial,0,0,2,9.2,4.2,9.8,4.0,16.0,5.6,0.037,319,555
E 37TH AVE & VICTORIA DR,49.2368,-123.065448,secondary_arterial,0,0,2,7.8,2.5,8.1,3.0,14.0,5.6,0.06,320,671
BLENHEIM ST & W 33RD AVE,49.242358,-123.178645,collector,0,0,2,6.8,1.2,6.7,2.0,12.0,5.5,0.119,321,785
BOYD DIVERSION & E 22ND AVE & RENFREW ST,49.250627,-123.044181,secondary_arterial,1,0,3,18.6,14.7,20.2,12.0,30.0,5.5,0.011,322,260
ARBUTUS GREENWAY & ARBUTUS ST & EAST BOULEVARD & POINT GREY SECONDARY SCHOOL ACCESS & W 37TH AVE & WEST BOULEVARD,49.238285,-123.155147,local,1,0,6,12.8,8.5,13.8,7.0,21.0,5.4,0.019,323,396
BALFOUR AVE & GRANVILLE ST,49.251905,-123.139024,arterial,0,0,2,9.0,4.2,9.6,4.0,16.0,5.4,0.037,324,566
BIRCH ST & W 12TH AVE,49.260718,-123.133828,secondary_arterial,0,0,2,7.6,2.5,7.9,3.0,14.0,5.4,0.06,325,680
COMMERCIAL ST & KINGSWAY,49.246389,-123.067834,arterial,0,0,2,9.0,4.2,9.6,4.0,16.0,5.4,0.037,326,567
E 12TH AVE & ST CATHERINES ST,49.259708,-123.08532,secondary_arterial,0,0,2,7.6,2.5,7.9,3.0,14.0,5.4,0.06,327,684
FIR ST & W 11TH AVE,49.261738,-123.141104,secondary_arterial,0,0,2,7.6,2.5,7.9,3.0,14.0,5.4,0.06,328,688
GRANVILLE ST & W 47TH AVE,49.228775,-123.139736,arterial,0,0,2,9.0,4.2,9.6,4.0,16.0,5.4,0.037,329,569
KINGSWAY & WELWYN ST,49.247392,-123.069945,arterial,0,0,2,9.0,4.2,9.6,4.0,16.0,5.4,0.037,330,570
LAUREL ST & W 6TH AVE,49.265947,-123.124076,secondary_arterial,0,0,2,7.6,2.5,7.9,3.0,14.0,5.4,0.06,331,689
PRINCE EDWARD ST & SE MARINE DR,49.210855,-123.098155,arterial,1,0,2,21.4,17.9,23.3,14.0,33.0,5.4,0.009,332,225
E 12TH AVE & QUEBEC ST,49.260231,-123.103085,secondary_arterial,1,0,2,14.8,10.7,16.0,9.0,24.0,5.3,0.015,333,344
E 17TH AVE & FRASER ST,49.255532,-123.089913,secondary_arterial,0,0,2,7.4,2.5,7.7,3.0,13.0,5.2,0.06,334,699
E 28TH AVE & FRASER ST,49.245542,-123.09021,secondary_arterial,0,0,2,7.4,2.5,7.7,3.0,13.0,5.2,0.06,335,705
EUCLID AVE & RUPERT ST,49.238824,-123.039552,secondary_arterial,0,0,2,7.4,2.5,7.7,3.0,13.0,5.2,0.06,336,707
GRANVILLE ST & W 7TH AVE,49.265342,-123.138499,arterial,1,0,2,21.2,17.9,23.1,14.0,33.0,5.2,0.009,337,227
HEATHER ST & W 8TH AVE,49.264216,-123.119826,local,0,0,2,7.0,0.4,5.6,2.0,10.0,5.2,0.278,338,906
HIGHBURY ST & W 16TH AVE,49.257956,-123.188007,secondary_arterial,0,0,2,7.4,2.5,7.7,3.0,13.0,5.2,0.06,339,710
ASH ST & W 10TH AVE,49.26228,-123.11757,local,1,0,2,6.8,1.8,6.9,3.0,12.0,5.1,0.082,340,766
ASH ST & W 8TH AVE,49.264176,-123.117463,local,0,0,2,6.8,0.4,5.5,2.0,10.0,5.0,0.278,341,915
CLARK DR & GRANT ST,49.271501,-123.077338,arterial,0,0,2,8.6,4.2,9.2,4.0,15.0,5.0,0.037,342,580
HEMLOCK ST & W 11TH AVE,49.261655,-123.136174,secondary_arterial,0,0,2,7.2,2.5,7.5,3.0,13.0,5.0,0.06,343,716
CAMBIE ST & EXPO BLVD & PACIFIC BLVD,49.274554,-123.119271,arterial,1,0,3,27.0,24.5,29.4,19.0,41.0,4.9,0.007,344,162
COTTRELL ST & TERMINAL AVE,49.269861,-123.083872,local,1,0,2,6.6,1.8,6.7,2.0,12.0,4.9,0.082,345,787
EUCLID AVE & JOYCE ST,49.236424,-123.033627,secondary_arterial,1,0,2,14.4,10.7,15.6,9.0,24.0,4.9,0.015,346,353
HEATHER ST & W 12TH AVE,49.260498,-123.119936,secondary_arterial,1,0,2,14.4,10.7,15.6,9.0,24.0,4.9,0.015,347,354
HEMLOCK ST & W 12TH AVE,49.260754,-123.136209,secondary_arterial,1,0,2,14.4,10.7,15.6,9.0,24.0,4.9,0.015,348,355
POWELL ST & VICTORIA DR,49.284833,-123.065509,arterial,1,0,2,21.0,17.9,22.8,14.0,33.0,4.9,0.009,349,228
COMMERCIAL DR & GRAVELEY ST,49.270499,-123.069649,secondary_arterial,0,0,2,7.0,2.5,7.3,3.0,13.0,4.8,0.06,350,723
E 26TH AVE & MAIN ST,49.247981,-123.101117,arterial,0,0,2,8.4,4.2,9.0,4.0,15.0,4.8,0.037,351,595
E 45TH AVE & VICTORIA DR,49.229464,-123.065585,secondary_arterial,0,0,2,7.0,2.5,7.3,3.0,13.0,4.8,0.06,352,729
E 53RD AVE & VICTORIA DR,49.221778,-123.065854,secondary_arterial,0,0,2,7.0,2.5,7.3,3.0,13.0,4.8,0.06,353,730
E 8TH AVE & MAIN ST,49.263697,-123.100946,arterial,0,0,2,8.4,4.2,9.0,4.0,15.0,4.8,0.037,354,597
E BROADWAY & LILLOOET ST,49.261899,-123.039083,arterial,0,0,2,8.4,4.2,9.0,4.0,15.0,4.8,0.037,355,598
E BROADWAY & NOOTKA ST,49.261924,-123.041577,arterial,0,0,2,8.4,4.2,9.0,4.0,15.0,4.8,0.037,356,599
GRANVILLE ST & W 62ND AVE,49.21499,-123.140301,arterial,0,0,2,8.4,4.2,9.0,4.0,15.0,4.8,0.037,357,602
GRIFFITHS WAY & PACIFIC BLVD,49.276723,-123.109139,arterial,0,0,2,8.4,4.2,9.0,4.0,15.0,4.8,0.037,358,603
TRAFALGAR ST & W 16TH AVE,49.257582,-123.164926,secondary_arterial,0,0,2,7.0,2.5,7.3,3.0,13.0,4.8,0.06,359,736
DAVIE ST & DENMAN ST,49.28727,-123.141822,arterial,1,0,2,20.8,17.9,22.6,14.0,33.0,4.7,0.009,360,231
E CORDOVA ST & MAIN ST,49.282289,-123.09963,arterial,1,0,2,20.8,17.9,22.6,14.0,33.0,4.7,0.009,361,232
KEEFER ST & MAIN ST,49.279482,-123.099737,arterial,1,0,2,20.8,17.9,22.6,14.0,33.0,4.7,0.009,362,233
COMMERCIAL DR & E 11TH AVE,49.260447,-123.069828,secondary_arterial,0,0,2,6.8,2.5,7.1,3.0,12.0,4.6,0.06,363,751
E 26TH AVE & FRASER ST,49.247611,-123.090166,secondary_arterial,0,0,2,6.8,2.5,7.1,3.0,12.0,4.6,0.06,364,754
E HASTINGS ST & SEMLIN DR,49.28119,-123.063634,arterial,0,0,2,8.2,4.2,8.8,4.0,15.0,4.6,0.037,365,610
ASH ST & W BROADWAY,49.26325,-123.11752,arterial,1,0,2,20.6,17.9,22.4,14.0,32.0,4.5,0.009,366,236
GORE AVE & KEEFER ST,49.279435,-123.097188,local,1,0,2,6.2,1.8,6.3,2.0,11.0,4.5,0.082,367,825
ROBSON ST & SEYMOUR ST,49.280722,-123.118797,arterial,1,0,2,20.6,17.9,22.4,14.0,32.0,4.5,0.009,368,237
BRUNSWICK ST & E BROADWAY,49.262785,-123.097017,arterial,0,0,2,8.0,4.2,8.5,4.0,14.0,4.4,0.037,369,626
BURRARD ST & HARWOOD ST,49.277669,-123.131347,arterial,0,0,2,8.0,4.2,8.5,4.0,14.0,4.4,0.037,370,627
CAMBIE ST & W 13TH AVE,49.259444,-123.115012,arterial,0,0,2,8.0,4.2,8.5,4.0,14.0,4.4,0.037,371,628
E 13TH AVE & MAIN ST,49.259308,-123.101108,arterial,0,0,2,8.0,4.2,8.5,4.0,14.0,4.4,0.037,372,631
HEATHER ST & W 6TH AVE,49.265912,-123.119784,secondary_arterial,0,0,2,6.6,2.5,6.9,3.0,12.0,4.4,0.06,373,775
INDUSTRIAL AVE & MAIN ST,49.270507,-123.100591,arterial,0,0,2,8.0,4.2,8.5,4.0,14.0,4.4,0.037,374,632
KINGSWAY & SENLAC ST,49.232775,-123.033232,arterial,0,0,2,8.0,4.2,8.5,4.0,14.0,4.4,0.037,375,633
KINGSWAY & ST CATHERINES ST,49.254746,-123.085636,arterial,0,0,2,8.0,4.2,8.5,4.0,14.0,4.4,0.037,376,634
LAUREL ST & W 10TH AVE,49.262414,-123.125355,local,0,0,2,6.0,0.4,4.8,1.0,9.0,4.4,0.278,377,1015
MACDONALD ST & W 12TH AVE,49.261378,-123.168264,secondary_arterial,0,0,2,6.6,2.5,6.9,3.0,12.0,4.4,0.06,378,778
W 8TH AVE & WILLOW ST,49.264231,-123.121794,local,0,0,2,6.0,0.4,4.8,1.0,9.0,4.4,0.278,379,1018
BURRARD ST & W PENDER ST,49.286556,-123.117889,arterial,1,0,2,20.4,17.9,22.2,13.0,32.0,4.3,0.009,380,240
CONNAUGHT DR & W 33RD AVE,49.241916,-123.142356,collector,0,0,2,5.6,1.2,5.5,2.0,10.0,4.3,0.119,381,917
BEATRICE ST & KINGSWAY,49.245786,-123.066531,arterial,0,0,2,7.8,4.2,8.3,3.0,14.0,4.2,0.037,382,648
BOUNDARY RD & E 11TH AVE,49.260096,-123.023778,arterial,0,0,2,7.8,4.2,8.3,3.0,14.0,4.2,0.037,383,649
E 16TH AVE & QUEBEC ST,49.256606,-123.103243,secondary_arterial,0,0,2,6.4,2.5,6.7,2.0,12.0,4.2,0.06,384,788
GRANVILLE ST & W 43RD AVE,49.232466,-123.139592,arterial,0,0,2,7.8,4.2,8.3,3.0,14.0,4.2,0.037,385,653
GRANVILLE ST & W 67TH AVE,49.210886,-123.140448,arterial,0,0,2,7.8,4.2,8.3,3.0,14.0,4.2,0.037,386,654
E 54TH AVE & NANAIMO ST,49.220203,-123.059361,collector,0,0,2,5.4,1.2,5.3,2.0,10.0,4.1,0.119,387,951
E HASTINGS ST & LAKEWOOD DR,49.281175,-123.061688,arterial,1,0,2,20.2,17.9,22.0,13.0,32.0,4.1,0.009,388,241
HOWE ST & PACIFIC ST,49.275682,-123.130429,arterial,1,0,2,20.2,17.9,22.0,13.0,32.0,4.1,0.009,389,242
CROMPTON ST & SE MARINE DR,49.211105,-123.080694,arterial,0,0,2,7.6,4.2,8.1,3.0,14.0,4.0,0.037,390,669
E 41ST AVE & QUEBEC ST,49.233115,-123.103713,arterial,0,0,2,7.6,4.2,8.1,3.0,14.0,4.0,0.037,391,672
GRANVILLE ST & W 34TH AVE,49.240891,-123.13933,arterial,0,0,2,7.6,4.2,8.1,3.0,14.0,4.0,0.037,392,673
MACDONALD ST & W 10TH AVE,49.263214,-123.168219,secondary_arterial,0,0,2,6.2,2.5,6.5,2.0,12.0,4.0,0.06,393,812
W 6TH AVE & WILLOW ST,49.265877,-123.121747,secondary_arterial,0,0,2,6.2,2.5,6.5,2.0,12.0,4.0,0.06,394,813
MANITOBA ST & W 1ST AVE,49.270239,-123.106638,local,1,0,2,5.6,1.8,5.7,2.0,11.0,3.9,0.082,395,894
W 6TH AVE & YUKON ST,49.265726,-123.112787,local,0,0,2,5.4,0.4,4.4,1.0,8.0,3.9,0.278,396,1082
CAROLINA ST & E 12TH AVE,49.259748,-123.091087,secondary_arterial,0,0,2,6.0,2.5,6.3,2.0,11.0,3.8,0.06,397,822
COMMERCIAL ST & E 33RD AVE,49.240097,-123.068523,secondary_arterial,0,0,2,6.0,2.5,6.3,2.0,11.0,3.8,0.06,398,823
E 2ND AVE & VICTORIA DR,49.268669,-123.065784,secondary_arterial,0,0,2,6.0,2.5,6.3,2.0,11.0,3.8,0.06,399,824
E 45TH AVE & TYNE ST,49.229235,-123.032147,local,0,0,2,5.2,0.4,4.2,1.0,8.0,3.8,0.278,400,1098
ALBERNI ST & THURLOW ST,49.28535,-123.123706,arterial,1,0,2,19.8,17.9,21.5,13.0,31.0,3.7,0.009,401,245
CAROLINA ST & E BROADWAY,49.26249,-123.091043,arterial,0,0,2,7.4,4.2,7.9,3.0,14.0,3.7,0.037,402,683
E 1ST AVE & KASLO ST,49.269484,-123.04694,arterial,0,0,2,7.4,4.2,7.9,3.0,14.0,3.7,0.037,403,685
E 58TH AVE & KNIGHT ST,49.217259,-123.077043,arterial,0,0,2,7.4,4.2,7.9,3.0,14.0,3.7,0.037,404,687
E 7TH AVE & QUEBEC ST,49.264635,-123.102895,collector,0,0,2,5.0,1.2,4.9,1.0,9.0,3.7,0.119,405,995
HOMER ST & SMITHE ST,49.278437,-123.118448,arterial,1,0,2,19.8,17.9,21.5,13.0,31.0,3.7,0.009,406,246
OAK ST & W 58TH AVE,49.218185,-123.128809,arterial,0,0,2,7.4,4.2,7.9,3.0,14.0,3.7,0.037,407,691
ASH ST & W 7TH AVE,49.265013,-123.117445,local,0,0,2,5.0,0.4,4.1,1.0,8.0,3.6,0.278,408,1107
COLUMBIA ST & W 7TH AVE,49.264753,-123.109464,collector,0,0,2,4.8,1.2,4.8,1.0,9.0,3.6,0.119,409,1004
E 44TH AVE & FRASER ST,49.230094,-123.090586,secondary_arterial,0,0,2,5.8,2.5,6.1,2.0,11.0,3.6,0.06,410,850
E 5TH AVE & E 5TH ST & MAIN ST,49.266413,-123.100788,arterial,1,0,3,25.8,24.5,28.1,18.0,39.0,3.6,0.007,411,174
E KENT AVE N & FRASER ST,49.208185,-123.091176,secondary_arterial,0,0,2,5.8,2.5,6.1,2.0,11.0,3.6,0.06,412,851
W 16TH AVE & WALLACE ST,49.257992,-123.190978,secondary_arterial,0,0,2,5.8,2.5,6.1,2.0,11.0,3.6,0.06,413,852
ARBUTUS ST & W 5TH AVE,49.267248,-123.152814,local,0,0,2,4.8,0.4,3.9,1.0,8.0,3.5,0.278,414,1135
E 8TH AVE & KINGSWAY,49.263665,-123.100206,arterial,0,0,2,7.2,4.2,7.7,3.0,13.0,3.5,0.037,415,706
HEATHER ST & W 10TH AVE,49.262334,-123.119922,local,0,0,2,4.8,0.4,3.9,1.0,8.0,3.5,0.278,416,1138
OSLER ST & W 70TH AVE,49.208491,-123.131606,arterial,0,0,2,7.2,4.2,7.7,3.0,13.0,3.5,0.037,417,711
POWELL ST & WOODLAND DR,49.283487,-123.072573,arterial,0,0,2,7.2,4.2,7.7,3.0,13.0,3.5,0.037,418,712
ARBUTUS GREENWAY & CYPRESS ST & EAST BOULEVARD & W 57TH AVE & WEST BOULEVARD,49.219479,-123.150094,collector,0,0,5,8.4,5.7,9.1,4.0,15.0,3.4,0.028,419,587
E 18TH AVE & FRASER ST,49.254632,-123.089952,secondary_arterial,0,0,2,5.6,2.5,5.9,2.0,11.0,3.4,0.06,420,872
E 49TH AVE & FLEMING ST,49.225257,-123.073161,secondary_arterial,0,0,2,5.6,2.5,5.9,2.0,11.0,3.4,0.06,421,873
LAURIER AVE & OAK ST & W 23RD AVE,49.25082,-123.12749,arterial,0,0,3,8.4,5.7,9.1,4.0,15.0,3.4,0.028,422,588
SW MARINE DR & W 70TH AVE & TURNING LANE,49.208266,-123.121586,arterial,1,0,2,19.6,17.9,21.3,13.0,31.0,3.4,0.009,423,248
E WATERFRONT RD & MAIN ST,49.28451,-123.100661,none,0,0,2,4.6,1.3,4.6,1.0,9.0,3.3,0.11,424,1041
ARGYLE ST & E 62ND AVE,49.213736,-123.07203,collector,0,0,2,4.4,1.2,4.4,1.0,9.0,3.2,0.119,425,1065
CAMPBELL AVE & UNION ST,49.2774,-123.084959,local,0,0,2,4.4,0.4,3.6,1.0,7.0,3.2,0.278,426,1177
COLUMBIA ST & W 12TH AVE,49.260337,-123.109558,secondary_arterial,0,0,2,5.4,2.5,5.7,2.0,10.0,3.2,0.06,427,886
COLUMBIA ST & W 2ND AVE,49.26923,-123.109427,arterial,1,0,2,19.4,17.9,21.1,13.0,31.0,3.2,0.009,428,249
CULLODEN ST & E 57TH AVE,49.218138,-123.078567,collector,0,0,2,4.4,1.2,4.4,1.0,9.0,3.2,0.119,429,1070
E 48TH AVE & VICTORIA DR,49.226292,-123.065706,secondary_arterial,0,0,2,5.4,2.5,5.7,2.0,10.0,3.2,0.06,430,890
E 49TH AVE & RUPERT ST,49.224733,-123.044154,secondary_arterial,0,0,2,5.4,2.5,5.7,2.0,10.0,3.2,0.06,431,892
E 57TH AVE & PRINCE EDWARD ST,49.218392,-123.097731,collector,0,0,2,4.4,1.2,4.4,1.0,9.0,3.2,0.119,432,1077
JERVIS ST & NELSON ST,49.284894,-123.131725,local,0,0,2,4.4,0.4,3.6,1.0,7.0,3.2,0.278,433,1190
MACKENZIE ST & W 10TH AVE,49.263242,-123.170152,secondary_arterial,0,0,2,5.4,2.5,5.7,2.0,10.0,3.2,0.06,434,893
BROUGHTON ST & DAVIE ST,49.283711,-123.136303,arterial,0,0,2,6.8,4.2,7.3,3.0,13.0,3.1,0.037,435,719
DUNSMUIR VIADUCT & MAIN ST,49.277282,-123.099902,arterial,0,0,2,6.8,4.2,7.3,3.0,13.0,3.1,0.037,436,727
E 3RD AVE & MAIN ST,49.268228,-123.100739,arterial,0,0,2,6.8,4.2,7.3,3.0,13.0,3.1,0.037,437,728
LAUREL ST & W 70TH AVE,49.208411,-123.126154,arterial,0,0,2,6.8,4.2,7.3,3.0,13.0,3.1,0.037,438,733
SE MARINE DR & WINDSOR ST,49.211096,-123.085779,arterial,0,0,2,6.8,4.2,7.3,3.0,13.0,3.1,0.037,439,735
ANZIO DR & E 20TH AVE & RUPERT ST,49.252306,-123.03381,secondary_arterial,0,0,3,6.0,3.4,6.4,2.0,11.0,3.0,0.045,440,814
ARBUTUS ST & W 33RD AVE,49.242116,-123.153482,arterial,1,0,2,19.2,17.9,20.9,12.0,30.0,3.0,0.009,441,250
DUNLEVY AVE & E PENDER ST,49.280298,-123.095441,local,0,0,2,4.2,0.4,3.4,1.0,7.0,3.0,0.278,442,1216
E 50TH AVE & VICTORIA DR,49.224161,-123.065806,secondary_arterial,0,0,2,5.2,2.5,5.5,2.0,10.0,3.0,0.06,443,919
E 57TH AVE & INVERNESS ST,49.218152,-123.080058,collector,0,0,2,4.2,1.2,4.2,1.0,8.0,3.0,0.119,444,1099
E 62ND AVE & FRASER ST,49.214064,-123.091071,secondary_arterial,0,0,2,5.2,2.5,5.5,2.0,10.0,3.0,0.06,445,920
HUDSON ST & PARK DR,49.215609,-123.134149,secondary_arterial,0,0,2,5.2,2.5,5.5,2.0,10.0,3.0,0.06,446,921
BURRARD ST & COMOX ST,49.280479,-123.127078,arterial,0,0,2,6.6,4.2,7.1,3.0,12.0,2.9,0.037,447,747
COTTON DR & E 1ST AVE,49.269602,-123.071574,arterial,0,0,2,6.6,4.2,7.1,3.0,12.0,2.9,0.037,448,752
E 1ST AVE & SEMLIN DR,49.269566,-123.063806,arterial,0,0,2,6.6,4.2,7.1,3.0,12.0,2.9,0.037,449,753
E 45TH AVE & FRASER ST,49.229163,-123.090633,secondary_arterial,1,0,2,12.6,10.7,13.7,7.0,21.0,2.9,0.015,450,399
E 63RD AVE & MAIN ST,49.213715,-123.102074,arterial,0,0,2,6.6,4.2,7.1,3.0,12.0,2.9,0.037,451,756
FIR ST & W 16TH AVE,49.257099,-123.141293,secondary_arterial,1,0,2,12.6,10.7,13.7,7.0,21.0,2.9,0.015,452,400
OAK ST & W 21ST AVE & WOLFE AVE,49.252618,-123.127409,arterial,0,0,3,8.0,5.7,8.6,4.0,15.0,2.9,0.028,453,621
BUTE ST & NELSON ST,49.283888,-123.130197,local,0,0,2,4.0,0.4,3.3,0.0,7.0,2.8,0.278,454,1230
DRAKE ST & SEYMOUR ST,49.275452,-123.126773,arterial,1,0,2,19.0,17.9,20.7,12.0,30.0,2.8,0.009,455,254
E 30TH AVE & FRASER ST,49.243531,-123.090305,secondary_arterial,0,0,2,5.0,2.5,5.3,2.0,10.0,2.8,0.06,456,945
E 49TH AVE & MCKINNON ST,49.224698,-123.038827,secondary_arterial,0,0,2,5.0,2.5,5.3,2.0,10.0,2.8,0.06,457,949
LAUREL ST & W 14TH AVE,49.25868,-123.124356,local,0,0,2,4.0,0.4,3.3,0.0,7.0,2.8,0.278,458,1244
STAINSBURY AVE & VICTORIA DR,49.251416,-123.065042,secondary_arterial,0,0,2,5.0,2.5,5.3,2.0,10.0,2.8,0.06,459,958
W 10TH AVE & WILLOW ST,49.262359,-123.121734,local,0,0,2,4.0,0.4,3.3,0.0,7.0,2.8,0.278,460,1251
COLUMBIA ST & W 8TH AVE,49.263849,-123.109477,local,0,0,2,3.8,0.4,3.1,0.0,7.0,2.7,0.278,461,1268
CYPRESS ST & W 1ST AVE,49.270704,-123.147875,local,0,0,2,3.8,0.4,3.1,0.0,7.0,2.7,0.278,462,1269
GORE AVE & UNION ST,49.277617,-123.096963,local,1,0,2,4.4,1.8,4.5,1.0,9.0,2.7,0.082,463,1058
GRANVILLE ST & W 35TH AVE,49.239965,-123.139362,arterial,0,0,2,6.4,4.2,6.9,2.0,12.0,2.7,0.037,464,773
OAK ST & W 38TH AVE,49.236749,-123.127979,arterial,0,0,2,6.4,4.2,6.9,2.0,12.0,2.7,0.037,465,779
POWELL ST & SALSBURY DR,49.284225,-123.068249,arterial,0,0,2,6.4,4.2,6.9,2.0,12.0,2.7,0.037,466,781
ALBERNI ST & DENMAN ST,49.292192,-123.134398,arterial,1,0,2,18.8,17.9,20.5,12.0,30.0,2.6,0.009,467,257
ALDER CROSSING & W 6TH AVE,49.266112,-123.1321,secondary_arterial,0,0,2,4.8,2.5,5.1,1.0,10.0,2.6,0.06,468,963
BURRARD ST & W 11TH AVE,49.261827,-123.145828,secondary_arterial,0,0,2,4.8,2.5,5.1,1.0,10.0,2.6,0.06,469,966
CLARK DR & COMMISSIONER ST & STEWART ST & TURNING LANE,49.284071,-123.075832,none,0,0,3,4.2,1.8,4.3,1.0,9.0,2.6,0.083,470,1087
E 15TH AVE & RUPERT ST & WORTHINGTON DR,49.25641,-123.033792,secondary_arterial,0,0,3,5.6,3.4,6.0,2.0,11.0,2.6,0.045,471,860
E 24TH AVE & RUPERT ST,49.248768,-123.033816,secondary_arterial,0,0,2,4.8,2.5,5.1,1.0,10.0,2.6,0.06,472,969
E 41ST AVE & INVERNESS ST,49.232729,-123.079807,arterial,1,0,2,18.8,17.9,20.5,12.0,30.0,2.6,0.009,473,258
E GEORGIA ST & RENFREW ST,49.278277,-123.044098,secondary_arterial,0,0,2,4.8,2.5,5.1,1.0,10.0,2.6,0.06,474,972
PINE ST & W 12TH AVE,49.260882,-123.143475,secondary_arterial,0,0,2,4.8,2.5,5.1,1.0,10.0,2.6,0.06,475,974
ALBERTA ST & W 2ND AVE,49.268643,-123.110719,arterial,0,0,2,6.2,4.2,6.7,2.0,12.0,2.5,0.037,476,784
ALBERTA ST & W 8TH AVE,49.263875,-123.11092,local,0,0,2,3.6,0.4,3.0,0.0,6.0,2.5,0.278,477,1282
CLARK DR & E 8TH AVE,49.263332,-123.077527,arterial,0,0,2,6.2,4.2,6.7,2.0,12.0,2.5,0.037,478,786
E 17TH AVE & MAIN ST,49.255683,-123.101268,arterial,0,0,2,6.2,4.2,6.7,2.0,12.0,2.5,0.037,479,789
E 41ST AVE & SHERBROOKE ST,49.232743,-123.081203,arterial,0,0,2,6.2,4.2,6.7,2.0,12.0,2.5,0.037,480,790
E 7TH AVE & ONTARIO ST & W 7TH AVE,49.264674,-123.10482,collector,0,0,3,4.0,1.6,4.1,1.0,8.0,2.5,0.09,481,1115
FIR ST & W 2ND AVE,49.269712,-123.140791,local,0,0,2,3.6,0.4,3.0,0.0,6.0,2.5,0.278,482,1306
HAROLD ST & KINGSWAY,49.233626,-123.03491,arterial,0,0,2,6.2,4.2,6.7,2.0,12.0,2.5,0.037,483,791
SELKIRK ST & W 70TH AVE,49.208513,-123.13315,arterial,0,0,2,6.2,4.2,6.7,2.0,12.0,2.5,0.037,484,792
W 8TH AVE & YUKON ST,49.263909,-123.112873,local,1,0,2,4.2,1.8,4.3,1.0,9.0,2.5,0.082,485,1095
ADERA ST & W 57TH AVE,49.219424,-123.143806,collector,0,0,2,3.6,1.2,3.6,1.0,7.0,2.4,0.119,486,1175
COMMERCIAL DR & E 5TH AVE,49.265887,-123.06972,secondary_arterial,0,0,2,4.6,2.5,4.9,1.0,9.0,2.4,0.06,487,990
E 23RD AVE & RUPERT ST,49.249657,-123.033813,secondary_arterial,0,0,2,4.6,2.5,4.9,1.0,9.0,2.4,0.06,488,991
E 34TH AVE & NANAIMO ST,49.23891,-123.058732,local,0,0,2,3.4,0.4,2.8,0.0,6.0,2.4,0.278,489,1355
E 3RD AVE & QUEBEC ST,49.268241,-123.102752,local,0,0,2,3.4,0.4,2.8,0.0,6.0,2.4,0.278,490,1356
E HASTINGS ST & WINDERMERE ST,49.281163,-123.036186,arterial,1,0,2,18.6,17.9,20.2,12.0,30.0,2.4,0.009,491,261
HOMER ST & NELSON ST,49.277347,-123.120093,arterial,1,0,2,18.6,17.9,20.2,12.0,30.0,2.4,0.009,492,262
W 7TH AVE & WILLOW ST,49.265083,-123.121774,local,0,0,2,3.4,0.4,2.8,0.0,6.0,2.4,0.278,493,1368
ARBUTUS GREENWAY & FIR ST & W 3RD AVE & TURNING LANE,49.268738,-123.140682,local,0,0,3,3.2,0.6,2.8,0.0,6.0,2.3,0.22,494,1344
COMMERCIAL DR & E 3RD AVE,49.267792,-123.069678,secondary_arterial,1,0,2,12.0,10.7,13.0,7.0,20.0,2.3,0.015,495,417
E 19TH AVE & MAIN ST,49.253792,-123.100871,arterial,0,0,2,6.0,4.2,6.5,2.0,12.0,2.3,0.037,496,808
E 29TH AVE & JOYCE ST,49.244355,-123.025893,secondary_arterial,1,0,2,12.0,10.7,13.0,7.0,20.0,2.3,0.015,497,418
E KENT AVE N & MAIN ST,49.207235,-123.102418,arterial,0,0,2,6.0,4.2,6.5,2.0,12.0,2.3,0.037,498,809
GRANT ST & NANAIMO ST,49.271282,-123.056593,arterial,0,0,2,6.0,4.2,6.5,2.0,12.0,2.3,0.037,499,810
JOYCE ST & SCHOOL AVE,49.232922,-123.037173,local,1,0,2,4.0,1.8,4.1,1.0,8.0,2.3,0.082,500,1117
DUMFRIES ST & E 57TH AVE,49.218124,-123.0755,collector,0,0,2,3.4,1.2,3.4,1.0,7.0,2.2,0.119,501,1215
E 22ND AVE & KASLO ST,49.250635,-123.047073,collector,0,0,2,3.4,1.2,3.4,1.0,7.0,2.2,0.119,502,1217
HEATHER ST & W 7TH AVE,49.265063,-123.119811,local,0,0,2,3.2,0.4,2.6,0.0,6.0,2.2,0.278,503,1406
LAUREL ST & W 8TH AVE,49.264288,-123.124138,local,0,0,2,3.2,0.4,2.6,0.0,6.0,2.2,0.278,504,1408
NAPIER ST & VICTORIA DR,49.274844,-123.065655,collector,0,0,2,3.4,1.2,3.4,1.0,7.0,2.2,0.119,505,1226
ALBERTA ST & W 10TH AVE,49.262175,-123.111006,local,0,0,2,3.0,0.4,2.5,0.0,6.0,2.1,0.278,506,1413
CARNARVON ST & W BROADWAY,49.264141,-123.172058,arterial,0,0,2,5.8,4.2,6.2,2.0,11.0,2.1,0.037,507,831
CHARLES ST & CLARK DR,49.27313,-123.077315,arterial,0,0,2,5.8,4.2,6.2,2.0,11.0,2.1,0.037,508,832
CHARLES ST & RENFREW ST,49.273259,-123.04416,secondary_arterial,0,0,2,4.4,2.5,4.7,1.0,9.0,2.1,0.06,509,1023
COLUMBIA ST & W 5TH AVE,49.266577,-123.109451,local,0,0,2,3.0,0.4,2.5,0.0,6.0,2.1,0.278,510,1422
E 12TH AVE & SEMLIN DR,49.259526,-123.064037,secondary_arterial,0,0,2,4.4,2.5,4.7,1.0,9.0,2.1,0.06,511,1026
E 24TH AVE & MAIN ST,49.249435,-123.101047,arterial,0,0,2,5.8,4.2,6.2,2.0,11.0,2.1,0.037,512,836
E 2ND AVE & RUPERT ST,49.268466,-123.033697,secondary_arterial,0,0,2,4.4,2.5,4.7,1.0,9.0,2.1,0.06,513,1027
E 41ST AVE & JOYCE ST,49.233572,-123.036477,arterial,0,0,2,5.8,4.2,6.2,2.0,11.0,2.1,0.037,514,840
E 63RD AVE & INVERNESS ST,49.212875,-123.079892,local,0,0,2,3.0,0.4,2.5,0.0,6.0,2.1,0.278,515,1429
E BROADWAY & WINDSOR ST,49.262441,-123.083321,arterial,0,0,2,5.8,4.2,6.2,2.0,11.0,2.1,0.037,516,841
E HASTINGS ST & KAMLOOPS ST,49.281166,-123.054581,arterial,1,0,2,18.4,17.9,20.0,12.0,29.0,2.1,0.009,517,264
E PENDER ST & SKEENA ST,49.280211,-123.02833,local,0,0,2,3.0,0.4,2.5,0.0,6.0,2.1,0.278,518,1432
FREMLIN ST & SW MARINE DR,49.205766,-123.127605,arterial,0,0,2,5.8,4.2,6.2,2.0,11.0,2.1,0.037,519,843
GRANVILLE ST & MATTHEWS AVE,49.253151,-123.138938,arterial,0,0,2,5.8,4.2,6.2,2.0,11.0,2.1,0.037,520,844
HUDSON ST & W 72ND AVE,49.20571,-123.134687,local,0,0,2,3.0,0.4,2.5,0.0,6.0,2.1,0.278,521,1437
MANITOBA ST & W 6TH AVE,49.265604,-123.106753,local,0,0,2,3.0,0.4,2.5,0.0,6.0,2.1,0.278,522,1440
NELSON ST & NICOLA ST,49.286548,-123.13431,local,0,0,2,3.0,0.4,2.5,0.0,6.0,2.1,0.278,523,1442
PINE ST & W 16TH AVE,49.25714,-123.143598,secondary_arterial,0,0,2,4.4,2.5,4.7,1.0,9.0,2.1,0.06,524,1034
SE MARINE DR & SHERBROOKE ST,49.211113,-123.0821,arterial,0,0,2,5.8,4.2,6.2,2.0,11.0,2.1,0.037,525,847
SE MARINE DR & ST GEORGE ST,49.211023,-123.094231,arterial,0,0,2,5.8,4.2,6.2,2.0,11.0,2.1,0.037,526,848
VINE ST & W 10TH AVE,49.262931,-123.15767,local,0,0,2,3.0,0.4,2.5,0.0,6.0,2.1,0.278,527,1446
W 7TH AVE & YUKON ST,49.264811,-123.112854,collector,1,0,2,6.6,5.1,7.1,3.0,12.0,2.0,0.03,528,759
ARBUTUS ST & W 6TH AVE,49.266409,-123.152837,local,0,0,2,2.8,0.4,2.3,0.0,5.0,1.9,0.278,529,1476
ARBUTUS ST & YORK AVE,49.271649,-123.152636,local,0,0,2,2.8,0.4,2.3,0.0,5.0,1.9,0.278,530,1477
BARCLAY ST & BURRARD ST,49.28188,-123.124968,arterial,0,0,2,5.6,4.2,6.0,2.0,11.0,1.9,0.037,531,855
CHURCH ST & JOYCE ST,49.234802,-123.035219,secondary_arterial,0,0,2,4.2,2.5,4.5,1.0,9.0,1.9,0.06,532,1048
CLARK DR & PARKER ST,49.275855,-123.077288,arterial,0,0,2,5.6,4.2,6.0,2.0,11.0,1.9,0.037,533,857
COMMERCIAL DR & KITCHENER ST,49.272138,-123.069607,secondary_arterial,0,0,2,4.2,2.5,4.5,1.0,9.0,1.9,0.06,534,1049
E 12TH AVE & GUELPH ST,49.259779,-123.094984,secondary_arterial,0,0,2,4.2,2.5,4.5,1.0,9.0,1.9,0.06,535,1052
E 16TH AVE & PRINCE EDWARD ST,49.256515,-123.096477,secondary_arterial,0,0,2,4.2,2.5,4.5,1.0,9.0,1.9,0.06,536,1053
E 27TH AVE & VICTORIA DR,49.246758,-123.065122,secondary_arterial,0,0,2,4.2,2.5,4.5,1.0,9.0,1.9,0.06,537,1054
E 30TH AVE & MANNERING AVE & NANAIMO ST,49.24065,-123.058688,secondary_arterial,0,0,3,5.0,3.4,5.4,2.0,10.0,1.9,0.045,538,929
E 30TH AVE & VICTORIA DR,49.244062,-123.06523,secondary_arterial,0,0,2,4.2,2.5,4.5,1.0,9.0,1.9,0.06,539,1055
E 55TH AVE & FRASER ST,49.219962,-123.090903,secondary_arterial,0,0,2,4.2,2.5,4.5,1.0,9.0,1.9,0.06,540,1056
E 6TH AVE & ONTARIO ST & W 6TH AVE,49.265564,-123.104788,local,0,0,3,2.8,0.6,2.5,0.0,6.0,1.9,0.22,541,1430
E HASTINGS ST & SALSBURY DR,49.28124,-123.06829,arterial,0,0,2,5.6,4.2,6.0,2.0,11.0,1.9,0.037,542,862
FRENCH ST & W 70TH AVE,49.208597,-123.13921,arterial,0,0,2,5.6,4.2,6.0,2.0,11.0,1.9,0.037,543,864
GRANVILLE ST & W 48TH AVE,49.227897,-123.139774,arterial,0,0,2,5.6,4.2,6.0,2.0,11.0,1.9,0.037,544,865
HUDSON ST & W 71ST AVE,49.206976,-123.134664,local,0,0,2,2.8,0.4,2.3,0.0,5.0,1.9,0.278,545,1501
MACDONALD ST & PUGET DR & W KING EDWARD AVE & TURNING LANE,49.248127,-123.167857,arterial,1,0,3,24.2,24.5,26.4,17.0,37.0,1.9,0.007,546,189
MAINLAND ST & NELSON ST,49.276628,-123.118973,arterial,1,0,2,18.2,17.9,19.8,12.0,29.0,1.9,0.009,547,267
OAK ST & W 20TH AVE,49.25353,-123.127368,arterial,0,0,2,5.6,4.2,6.0,2.0,11.0,1.9,0.037,548,866
OSLER ST & PARK DR,49.214855,-123.131421,secondary_arterial,0,0,2,4.2,2.5,4.5,1.0,9.0,1.9,0.06,549,1063
RIVER DISTRICT CROSSING & SAWMILL CRES,49.205892,-123.031017,local,0,0,2,2.8,0.4,2.3,0.0,5.0,1.9,0.278,550,1518
TISDALL ST & W 49TH AVE,49.226291,-123.121801,secondary_arterial,0,0,2,4.2,2.5,4.5,1.0,9.0,1.9,0.06,551,1064
ADANAC ST & VICTORIA DR,49.277522,-123.065605,collector,0,0,2,3.0,1.2,3.0,0.0,7.0,1.8,0.119,552,1280
ARGYLE DR & BRAEBURN ST,49.218925,-123.069695,collector,0,0,2,3.0,1.2,3.0,0.0,7.0,1.8,0.119,553,1283
E 10TH AVE & ONTARIO ST & W 10TH AVE,49.262072,-123.104917,local,0,0,3,2.6,0.6,2.3,0.0,5.0,1.8,0.22,554,1486
E 57TH AVE & SHERBROOKE ST,49.218165,-123.081595,collector,0,0,2,3.0,1.2,3.0,0.0,7.0,1.8,0.119,555,1303
ADANAC ST & COMMERCIAL DR,49.27757,-123.070476,local,1,0,2,3.4,1.8,3.5,1.0,7.0,1.7,0.082,556,1195
ALBERNI ST & BURRARD ST,49.284014,-123.121665,arterial,1,0,2,18.0,17.9,19.6,12.0,29.0,1.7,0.009,557,268
ARBUTUS ST & W 2ND AVE,49.269901,-123.152702,local,0,0,2,2.6,0.4,2.2,0.0,5.0,1.7,0.278,558,1521
ARBUTUS ST & W 3RD AVE,49.269023,-123.152738,local,0,0,2,2.6,0.4,2.2,0.0,5.0,1.7,0.278,559,1522
DRAKE ST & HOWE ST,49.276755,-123.128786,arterial,1,0,2,18.0,17.9,19.6,12.0,29.0,1.7,0.009,560,269
E 11TH AVE & SKEENA ST,49.260106,-123.028512,local,0,0,2,2.6,0.4,2.2,0.0,5.0,1.7,0.278,561,1528
E 12TH AVE & KASLO ST,49.259062,-123.047046,local,0,0,2,2.6,0.4,2.2,0.0,5.0,1.7,0.278,562,1529
E 12TH AVE & ST GEORGE ST,49.259765,-123.093051,secondary_arterial,1,0,2,11.4,10.7,12.4,6.0,20.0,1.7,0.015,563,441
E 45TH AVE & RUPERT ST,49.229303,-123.043104,secondary_arterial,1,0,2,11.4,10.7,12.4,6.0,20.0,1.7,0.015,564,443
E 6TH AVE & QUEBEC ST,49.265531,-123.10286,local,0,0,2,2.6,0.4,2.2,0.0,5.0,1.7,0.278,565,1537
E 8TH AVE & SCOTIA ST,49.263661,-123.09894,local,0,0,2,2.6,0.4,2.2,0.0,5.0,1.7,0.278,566,1540
E HASTINGS ST & TEMPLETON DR,49.281173,-123.059764,arterial,1,0,2,18.0,17.9,19.6,12.0,29.0,1.7,0.009,567,270
JACKSON AVE & UNION ST,49.277558,-123.093588,local,0,0,2,2.6,0.4,2.2,0.0,5.0,1.7,0.278,568,1545
ORMIDALE ST & VANNESS AVE,49.235015,-123.024812,local,0,0,2,2.6,0.4,2.2,0.0,5.0,1.7,0.278,569,1550
PINE ST & W 4TH AVE,49.267984,-123.14324,arterial,1,0,2,18.0,17.9,19.6,12.0,29.0,1.7,0.009,570,271
PRICE ST & RUPERT ST,49.244171,-123.034419,secondary_arterial,0,0,2,4.0,2.5,4.2,1.0,8.0,1.7,0.06,571,1103
SPRUCE ST & W 12TH AVE,49.260608,-123.1291,secondary_arterial,0,0,2,4.0,2.5,4.2,1.0,8.0,1.7,0.06,572,1104
W 4TH AVE & YEW ST,49.268152,-123.155141,arterial,1,0,2,18.0,17.9,19.6,12.0,29.0,1.7,0.009,573,272
BEATTY ST & W PENDER ST,49.28122,-123.108458,arterial,0,0,2,5.4,4.2,5.8,2.0,11.0,1.6,0.037,574,875
BIDWELL ST & NELSON ST,49.288355,-123.13708,local,0,0,2,2.4,0.4,2.0,0.0,5.0,1.6,0.278,575,1574
BLENHEIM ST & W 37TH AVE,49.238564,-123.178659,collector,0,0,2,2.8,1.2,2.8,0.0,6.0,1.6,0.119,576,1345
BROUGHTON ST & W HASTINGS ST,49.28999,-123.126792,local,0,0,2,2.4,0.4,2.0,0.0,5.0,1.6,0.278,577,1575
CHARLES ST & VICTORIA DR,49.273012,-123.065693,collector,0,0,2,2.8,1.2,2.8,0.0,6.0,1.6,0.119,578,1348
CLARENDON ST & E 38TH AVE,49.235903,-123.055493,collector,0,0,2,2.8,1.2,2.8,0.0,6.0,1.6,0.119,579,1349
E 28TH AVE & SIDNEY ST,49.245803,-123.062769,local,0,0,2,2.4,0.4,2.0,0.0,5.0,1.6,0.278,580,1588
E 45TH AVE & PRINCE ALBERT ST,49.229126,-123.087907,local,0,0,2,2.4,0.4,2.0,0.0,5.0,1.6,0.278,581,1592
E 62ND AVE & INVERNESS ST,49.213787,-123.080164,local,0,0,2,2.4,0.4,2.0,0.0,5.0,1.6,0.278,582,1596
E 8TH AVE & QUEBEC ST,49.263732,-123.102931,local,0,0,2,2.4,0.4,2.0,0.0,5.0,1.6,0.278,583,1600
LOST LAGOON RD & N LAGOON DR & STANLEY PARK DR,49.297163,-123.136888,none,0,0,3,3.2,1.8,3.3,1.0,7.0,1.6,0.083,584,1245
MANITOBA ST & W 8TH AVE,49.263801,-123.106801,local,0,0,2,2.4,0.4,2.0,0.0,5.0,1.6,0.278,585,1611
MAPLE ST & W 1ST AVE,49.270744,-123.150321,local,0,0,2,2.4,0.4,2.0,0.0,5.0,1.6,0.278,586,1612
OAK ST & W 45TH AVE,49.230214,-123.128216,arterial,0,0,2,5.4,4.2,5.8,2.0,11.0,1.6,0.037,587,884
OSLER ST & W 67TH AVE,49.210762,-123.131555,local,0,0,2,2.4,0.4,2.0,0.0,5.0,1.6,0.278,588,1615
W 2ND AVE & YEW ST,49.269938,-123.155074,local,0,0,2,2.4,0.4,2.0,0.0,5.0,1.6,0.278,589,1621
ARBUTUS GREENWAY & EAST BOULEVARD & W 45TH AVE & WEST BOULEVARD,49.23086,-123.155411,local,1,0,4,9.2,8.5,10.0,5.0,16.0,1.5,0.019,590,542
BUTLER ST & E 49TH AVE,49.224663,-123.033692,secondary_arterial,0,0,2,3.8,2.5,4.0,1.0,8.0,1.5,0.06,591,1121
COLUMBIA ST & W 1ST AVE,49.270302,-123.109404,local,1,0,2,3.2,1.8,3.3,1.0,7.0,1.5,0.082,592,1234
E 10TH AVE & KINGSWAY,49.261973,-123.098668,arterial,1,0,2,17.8,17.9,19.4,11.0,28.0,1.5,0.009,593,276
E 13TH AVE & FRASER ST,49.258813,-123.089195,secondary_arterial,0,0,2,3.8,2.5,4.0,1.0,8.0,1.5,0.06,594,1123
E 49TH AVE & WINDSOR ST,49.225396,-123.085248,secondary_arterial,0,0,2,3.8,2.5,4.0,1.0,8.0,1.5,0.06,595,1124
HEATHER ST & SW MARINE DR,49.207116,-123.124352,arterial,1,0,2,17.8,17.9,19.4,11.0,28.0,1.5,0.009,596,277
KINGSWAY & WINDSOR ST,49.253845,-123.083718,arterial,1,0,2,17.8,17.9,19.4,11.0,28.0,1.5,0.009,597,278
MACKENZIE ST & W 16TH AVE,49.2577,-123.170425,secondary_arterial,0,0,2,3.8,2.5,4.0,1.0,8.0,1.5,0.06,598,1129
THURLOW ST & W CORDOVA ST,49.288368,-123.119115,local,1,0,2,3.2,1.8,3.3,1.0,7.0,1.5,0.082,599,1249
W 10TH AVE & SXWMEOKWEYEMASEM ST,49.26333,-123.17593,secondary_arterial,0,0,2,3.8,2.5,4.0,1.0,8.0,1.5,0.06,600,1133
W 16TH AVE & YUKON ST,49.256827,-123.113172,secondary_arterial,0,0,2,3.8,2.5,4.0,1.0,8.0,1.5,0.06,601,1134
ADANAC ST & MCLEAN DR,49.277638,-123.074142,local,0,0,2,2.2,0.4,1.8,0.0,5.0,1.4,0.278,602,1639
ALBERTA ST & W 5TH AVE,49.2666,-123.11081,local,0,0,2,2.2,0.4,1.8,0.0,5.0,1.4,0.278,603,1641
ALBERTA ST & W 6TH AVE,49.26567,-123.110837,local,0,0,2,2.2,0.4,1.8,0.0,5.0,1.4,0.278,604,1642
ARBUTUS ST & W 7TH AVE,49.265582,-123.152874,local,0,0,2,2.2,0.4,1.8,0.0,5.0,1.4,0.278,605,1643
ASH ST & W KING EDWARD AVE,49.249035,-123.118414,arterial,0,0,2,5.2,4.2,5.6,2.0,10.0,1.4,0.037,606,896
BARCLAY ST & BROUGHTON ST,49.286512,-123.132058,local,0,0,2,2.2,0.4,1.8,0.0,5.0,1.4,0.278,607,1646
CAMBIE ST & W 23RD AVE & W 24TH AVE,49.250095,-123.11536,arterial,0,0,3,6.6,5.7,7.2,3.0,13.0,1.4,0.028,608,738
CARTIER ST & W 57TH AVE,49.219322,-123.137746,collector,0,0,2,2.6,1.2,2.6,0.0,6.0,1.4,0.119,609,1393
CLARK DR & E GEORGIA ST,49.278555,-123.077227,arterial,0,0,2,5.2,4.2,5.6,2.0,10.0,1.4,0.037,610,900
CONNAUGHT DR & W 37TH AVE,49.238082,-123.142029,local,0,0,2,2.2,0.4,1.8,0.0,5.0,1.4,0.278,611,1657
E 1ST AVE & ONTARIO ST & W 1ST AVE,49.270211,-123.104626,local,1,0,3,3.6,2.5,3.8,1.0,8.0,1.4,0.062,612,1150
E 21ST AVE & KNIGHT ST,49.251697,-123.075994,arterial,0,0,2,5.2,4.2,5.6,2.0,10.0,1.4,0.037,613,903
E 32ND AVE & MAIN ST,49.242285,-123.101409,arterial,0,0,2,5.2,4.2,5.6,2.0,10.0,1.4,0.037,614,904
E 48TH AVE & ELLIOTT ST,49.225933,-123.054685,collector,0,0,2,2.6,1.2,2.6,0.0,6.0,1.4,0.119,615,1400
E 69TH AVE & ONTARIO ST & W 69TH AVE,49.209441,-123.106722,local,0,0,3,2.2,0.6,2.0,0.0,5.0,1.4,0.22,616,1597
E 8TH AVE & FRASER ST,49.263417,-123.0891,local,0,0,2,2.2,0.4,1.8,0.0,5.0,1.4,0.278,617,1672
GRANVILLE ST & W 60TH AVE,49.21681,-123.140244,arterial,0,0,2,5.2,4.2,5.6,2.0,10.0,1.4,0.037,618,905
HEATHER ST & W 57TH AVE,49.219142,-123.123868,collector,1,0,2,6.0,5.1,6.5,2.0,12.0,1.4,0.03,619,811
JACKSON AVE & KEEFER ST,49.279366,-123.09351,local,0,0,2,2.2,0.4,1.8,0.0,5.0,1.4,0.278,620,1676
KITCHENER ST & VICTORIA DR,49.272097,-123.06571,collector,0,0,2,2.6,1.2,2.6,0.0,6.0,1.4,0.119,621,1407
MANITOBA ST & W KING EDWARD AVE,49.248892,-123.10745,arterial,0,0,2,5.2,4.2,5.6,2.0,10.0,1.4,0.037,622,908
N NANAIMO ST & OXFORD ST,49.285694,-123.056527,arterial,0,0,2,5.2,4.2,5.6,2.0,10.0,1.4,0.037,623,909
OAK ST & W 43RD AVE,49.232091,-123.128151,arterial,0,0,2,5.2,4.2,5.6,2.0,10.0,1.4,0.037,624,910
OAK ST & W 7TH AVE,49.265157,-123.126561,arterial,0,0,2,5.2,4.2,5.6,2.0,10.0,1.4,0.037,625,911
PINE ST & W 10TH AVE,49.262715,-123.143465,local,0,0,2,2.2,0.4,1.8,0.0,5.0,1.4,0.278,626,1685
STANLEY PARK CAUSEWAY & W GEORGIA ST,49.294457,-123.136721,arterial,0,0,2,5.2,4.2,5.6,2.0,10.0,1.4,0.037,627,912
W 40TH AVE & YEW ST,49.235592,-123.158509,local,0,0,2,2.2,0.4,1.8,0.0,5.0,1.4,0.278,628,1688
ADANAC ST & RUPERT ST,49.277445,-123.03361,local,0,0,2,2.0,0.4,1.7,0.0,4.0,1.3,0.278,629,1690
ALDER ST & W 8TH AVE,49.264398,-123.131313,local,0,0,2,2.0,0.4,1.7,0.0,4.0,1.3,0.278,630,1691
ARBUTUS ST & W 1ST AVE,49.270783,-123.152669,local,0,0,2,2.0,0.4,1.7,0.0,4.0,1.3,0.278,631,1694
BALSAM ST & W 12TH AVE,49.261149,-123.160145,secondary_arterial,0,0,2,3.6,2.5,3.8,1.0,8.0,1.3,0.06,632,1143
CARNARVON ST & W 10TH AVE,49.263266,-123.17209,secondary_arterial,0,0,2,3.6,2.5,3.8,1.0,8.0,1.3,0.06,633,1144
CYPRESS ST & VALLEY DR & W 33RD AVE,49.242052,-123.149436,collector,0,0,3,2.8,1.6,2.9,0.0,6.0,1.3,0.09,634,1318
CYPRESS ST & W 3RD AVE,49.268954,-123.147945,local,0,0,2,2.0,0.4,1.7,0.0,4.0,1.3,0.278,635,1697
DUNSMUIR ST & HOWE ST,49.284275,-123.117371,arterial,1,0,2,17.6,17.9,19.2,11.0,28.0,1.3,0.009,636,279
E 11TH AVE & QUEBEC ST,49.261142,-123.103045,local,0,0,2,2.0,0.4,1.7,0.0,4.0,1.3,0.278,637,1699
E 15TH AVE & PRINCE EDWARD ST,49.257442,-123.096442,local,0,0,2,2.0,0.4,1.7,0.0,4.0,1.3,0.278,638,1700
E 20TH AVE & FRASER ST,49.252794,-123.089992,secondary_arterial,0,0,2,3.6,2.5,3.8,1.0,8.0,1.3,0.06,639,1151
E 21ST AVE & FRASER ST,49.251896,-123.090059,secondary_arterial,0,0,2,3.6,2.5,3.8,1.0,8.0,1.3,0.06,640,1152
E 22ND AVE & FRASER ST,49.251008,-123.090078,secondary_arterial,0,0,2,3.6,2.5,3.8,1.0,8.0,1.3,0.06,641,1153
E 4TH AVE & QUEBEC ST,49.267345,-123.102788,local,0,0,2,2.0,0.4,1.7,0.0,4.0,1.3,0.278,642,1704
E 5TH AVE & QUEBEC ST,49.266463,-123.102822,local,0,0,2,2.0,0.4,1.7,0.0,4.0,1.3,0.278,643,1706
E 63RD AVE & ROSS ST,49.212868,-123.083159,local,0,0,2,2.0,0.4,1.7,0.0,4.0,1.3,0.278,644,1707
FIR ST & W 1ST AVE,49.270843,-123.141389,local,0,0,2,2.0,0.4,1.7,0.0,4.0,1.3,0.278,645,1709
FRANKLIN ST & MCLEAN DR,49.282228,-123.074092,local,0,0,2,2.0,0.4,1.7,0.0,4.0,1.3,0.278,646,1710
FRANKLIN ST & RENFREW ST,49.282057,-123.043983,secondary_arterial,0,0,2,3.6,2.5,3.8,1.0,8.0,1.3,0.06,647,1158
GASTON ST & VANNESS AVE,49.237362,-123.029934,local,0,0,2,2.0,0.4,1.7,0.0,4.0,1.3,0.278,648,1711
GRANVILLE ST & W 64TH AVE,49.213145,-123.140369,arterial,1,0,2,17.6,17.9,19.2,11.0,28.0,1.3,0.009,649,280
HORLEY ST & RUPERT ST,49.237355,-123.040967,secondary_arterial,0,0,2,3.6,2.5,3.8,1.0,8.0,1.3,0.06,650,1160
HORNBY ST & PACIFIC ST,49.276281,-123.131378,arterial,1,0,2,17.6,17.9,19.2,11.0,28.0,1.3,0.009,651,281
MANITOBA ST & W 3RD AVE,49.268344,-123.106614,local,0,0,2,2.0,0.4,1.7,0.0,4.0,1.3,0.278,652,1713
MAPLE ST & W 16TH AVE,49.257253,-123.150768,secondary_arterial,0,0,2,3.6,2.5,3.8,1.0,8.0,1.3,0.06,653,1161
MONTCALM ST & SW MARINE DR,49.203951,-123.136782,local,0,0,2,2.0,0.4,1.7,0.0,4.0,1.3,0.278,654,1715
NW MARINE DR & TOLMIE ST,49.274921,-123.211733,secondary_arterial,0,0,2,3.6,2.5,3.8,1.0,8.0,1.3,0.06,655,1162
OSLER ST & SW MARINE DR & W 73RD AVE,49.204349,-123.131605,local,0,0,3,2.0,0.6,1.8,0.0,5.0,1.3,0.22,656,1682
SELKIRK ST & W 71ST AVE,49.206965,-123.133331,local,0,0,2,2.0,0.4,1.7,0.0,4.0,1.3,0.278,657,1717
SPRUCE ST & W 11TH AVE,49.261562,-123.129067,local,0,0,2,2.0,0.4,1.7,0.0,4.0,1.3,0.278,658,1718
W 8TH AVE & W BROADWAY & WALLACE CRES,49.265095,-123.193414,local,0,0,3,2.0,0.6,1.8,0.0,5.0,1.3,0.22,659,1689
ARGYLE ST & E 64TH AVE,49.211963,-123.072046,collector,0,0,2,2.4,1.2,2.4,0.0,6.0,1.2,0.119,660,1448
AVISON WAY & STANLEY PARK DR,49.302566,-123.129217,none,0,0,2,2.4,1.3,2.5,0.0,6.0,1.2,0.11,661,1416
BURRARD ST & SEE-EM-IA LANE,49.279434,-123.128647,arterial,0,0,2,5.0,4.2,5.4,2.0,10.0,1.2,0.037,662,926
CAMBIE ST & W 43RD AVE,49.231631,-123.116279,arterial,0,0,2,5.0,4.2,5.4,2.0,10.0,1.2,0.037,663,927
CAMBIE ST & W 54TH AVE,49.221716,-123.116685,arterial,0,0,2,5.0,4.2,5.4,2.0,10.0,1.2,0.037,664,928
E 54TH AVE & KILLARNEY ST,49.220197,-123.045942,collector,0,0,2,2.4,1.2,2.4,0.0,6.0,1.2,0.119,665,1464
E 64TH AVE & MAIN ST,49.21255,-123.102136,arterial,0,0,2,5.0,4.2,5.4,2.0,10.0,1.2,0.037,666,930
KINGSWAY & MELBOURNE ST,49.232041,-123.029267,arterial,0,0,2,5.0,4.2,5.4,2.0,10.0,1.2,0.037,667,931
MANITOBA ST & W 41ST AVE,49.233249,-123.108135,arterial,0,0,2,5.0,4.2,5.4,2.0,10.0,1.2,0.037,668,932
OAK ST & W 13TH AVE,49.259635,-123.126736,arterial,0,0,2,5.0,4.2,5.4,2.0,10.0,1.2,0.037,669,933
OAK ST & W 32ND AVE,49.24238,-123.127793,arterial,0,0,2,5.0,4.2,5.4,2.0,10.0,1.2,0.037,670,934
PRINCE ALBERT ST & SE MARINE DR,49.211056,-123.088239,arterial,0,0,2,5.0,4.2,5.4,2.0,10.0,1.2,0.037,671,935
W 39TH AVE & WEST BOULEVARD,49.236433,-123.155513,arterial,0,0,2,5.0,4.2,5.4,2.0,10.0,1.2,0.037,672,936
W BROADWAY & WATERLOO ST,49.264269,-123.179827,arterial,0,0,2,5.0,4.2,5.4,2.0,10.0,1.2,0.037,673,937
ANGUS DR & W 57TH AVE,49.219452,-123.14825,collector,0,0,2,2.2,1.2,2.3,0.0,5.0,1.1,0.119,674,1474
ARBUTUS GREENWAY & MAPLE CRES & NANTON AVE,49.247596,-123.149943,local,0,0,3,1.8,0.6,1.7,0.0,4.0,1.1,0.22,675,1693
ASH ST & W 13TH AVE,49.259493,-123.117658,local,0,0,2,1.8,0.4,1.5,0.0,4.0,1.1,0.278,676,1773
ASH ST & W KENT AVE N,49.205741,-123.119119,local,0,0,2,1.8,0.4,1.5,0.0,4.0,1.1,0.278,677,1774
BLENHEIM ST & W BROADWAY,49.264235,-123.177798,arterial,1,0,2,17.4,17.9,19.0,11.0,28.0,1.1,0.009,678,283
BROUGHTON ST & HARO ST,49.287206,-123.131009,local,0,0,2,1.8,0.4,1.5,0.0,4.0,1.1,0.278,679,1778
BUTE ST & W CORDOVA ST,49.289222,-123.122073,local,0,0,2,1.8,0.4,1.5,0.0,4.0,1.1,0.278,680,1779
COLLINGWOOD ST & W 33RD AVE,49.242353,-123.181971,collector,0,0,2,2.2,1.2,2.3,0.0,5.0,1.1,0.119,681,1484
COMOX ST & NICOLA ST,49.285856,-123.135376,local,0,0,2,1.8,0.4,1.5,0.0,4.0,1.1,0.278,682,1783
CYPRESS ST & W 4TH AVE,49.268045,-123.147977,arterial,1,0,2,17.4,17.9,19.0,11.0,28.0,1.1,0.009,683,284
CYPRESS ST & W 6TH AVE,49.26634,-123.148044,local,0,0,2,1.8,0.4,1.5,0.0,4.0,1.1,0.278,684,1784
DOMAN ST & E 45TH AVE,49.229264,-123.036435,local,0,0,2,1.8,0.4,1.5,0.0,4.0,1.1,0.278,685,1785
E 11TH AVE & FRASER ST,49.26062,-123.089171,secondary_arterial,0,0,2,3.4,2.5,3.6,1.0,7.0,1.1,0.06,686,1184
E 11TH AVE & ONTARIO ST & W 11TH AVE,49.261162,-123.104983,local,0,0,3,1.8,0.6,1.7,0.0,4.0,1.1,0.22,687,1698
E 22ND AVE & LILLOOET ST,49.25061,-123.039103,collector,0,0,2,2.2,1.2,2.3,0.0,5.0,1.1,0.119,688,1489
E 38TH AVE & EARLES ST,49.235829,-123.048849,local,0,0,2,1.8,0.4,1.5,0.0,4.0,1.1,0.278,689,1787
E 3RD AVE & ONTARIO ST & W 3RD AVE,49.268301,-123.104686,local,0,0,3,1.8,0.6,1.7,0.0,4.0,1.1,0.22,690,1703
E 47TH AVE & TYNE ST,49.226404,-123.032194,local,0,0,2,1.8,0.4,1.5,0.0,4.0,1.1,0.278,691,1788
E 48TH AVE & VIVIAN ST,49.225914,-123.050276,local,0,0,2,1.8,0.4,1.5,0.0,4.0,1.1,0.278,692,1789
E 49TH AVE & FREDERICK ST,49.225479,-123.091985,secondary_arterial,0,0,2,3.4,2.5,3.6,1.0,7.0,1.1,0.06,693,1185
E 57TH AVE & MAIN ST,49.218467,-123.101887,arterial,1,0,2,17.4,17.9,19.0,11.0,28.0,1.1,0.009,694,285
E 6TH AVE & VICTORIA DR,49.265048,-123.065851,secondary_arterial,0,0,2,3.4,2.5,3.6,1.0,7.0,1.1,0.06,695,1186
E 7TH AVE & GLEN DR,49.264269,-123.081324,local,0,0,2,1.8,0.4,1.5,0.0,4.0,1.1,0.278,696,1793
E 8TH AVE & PRINCE ALBERT ST,49.263407,-123.087157,local,0,0,2,1.8,0.4,1.5,0.0,4.0,1.1,0.278,697,1794
E GEORGIA ST & GORE AVE,49.278531,-123.097066,local,0,0,2,1.8,0.4,1.5,0.0,4.0,1.1,0.278,698,1795
E HASTINGS ST & MCLEAN DR,49.28131,-123.074117,arterial,1,0,2,17.4,17.9,19.0,11.0,28.0,1.1,0.009,699,286
E PENDER ST & VICTORIA DR,49.280242,-123.065586,collector,0,0,2,2.2,1.2,2.3,0.0,5.0,1.1,0.119,700,1498
EARLES ST & EUCLID AVE,49.241182,-123.045389,secondary_arterial,0,0,2,3.4,2.5,3.6,1.0,7.0,1.1,0.06,701,1188
EAST BOULEVARD & W 42ND AVE,49.233602,-123.155027,local,0,0,2,1.8,0.4,1.5,0.0,4.0,1.1,0.278,702,1796
FRANCES ST & MCLEAN DR,49.279428,-123.074119,local,0,0,2,1.8,0.4,1.5,0.0,4.0,1.1,0.278,703,1797
GILFORD ST & NELSON ST,49.290383,-123.140196,local,0,0,2,1.8,0.4,1.5,0.0,4.0,1.1,0.278,704,1798
GRANVILLE ST & W 6TH AVE,49.266182,-123.138468,arterial,1,0,2,17.4,17.9,19.0,11.0,28.0,1.1,0.009,705,287
GRANVILLE ST & W GEORGIA ST,49.282477,-123.118135,arterial,1,0,2,17.4,17.9,19.0,11.0,28.0,1.1,0.009,706,288
HEATHER ST & W KENT AVE N,49.205054,-123.122486,local,0,0,2,1.8,0.4,1.5,0.0,4.0,1.1,0.278,707,1799
HUDSON ST & W 73RD AVE,49.204296,-123.134747,local,0,0,2,1.8,0.4,1.5,0.0,4.0,1.1,0.278,708,1801
JERVIS ST & PENDRELL ST,49.283519,-123.133885,local,0,0,2,1.8,0.4,1.5,0.0,4.0,1.1,0.278,709,1802
LARCH ST & W 39TH AVE,49.236537,-123.162673,collector,0,0,2,2.2,1.2,2.3,0.0,5.0,1.1,0.119,710,1505
LAUREL ST & W 7TH AVE,49.265119,-123.124107,local,0,0,2,1.8,0.4,1.5,0.0,4.0,1.1,0.278,711,1804
MANITOBA ST & W 10TH AVE,49.262105,-123.106872,local,0,0,2,1.8,0.4,1.5,0.0,4.0,1.1,0.278,712,1805
MANITOBA ST & W 5TH AVE,49.266529,-123.106688,local,0,0,2,1.8,0.4,1.5,0.0,4.0,1.1,0.278,713,1806
MAPLE ST & W 3RD AVE,49.268989,-123.150354,local,0,0,2,1.8,0.4,1.5,0.0,4.0,1.1,0.278,714,1807
PARKER ST & VERNON DR,49.275884,-123.07863,local,0,0,2,1.8,0.4,1.5,0.0,4.0,1.1,0.278,715,1808
PINE ST & W 3RD AVE,49.268864,-123.143206,local,0,0,2,1.8,0.4,1.5,0.0,4.0,1.1,0.278,716,1809
PINE ST & W 7TH AVE,49.265417,-123.143322,local,0,0,2,1.8,0.4,1.5,0.0,4.0,1.1,0.278,717,1810
RAYMUR AVE & UNION ST,49.277372,-123.083287,local,0,0,2,1.8,0.4,1.5,0.0,4.0,1.1,0.278,718,1811
VINE ST & W 2ND AVE,49.269974,-123.157444,local,0,0,2,1.8,0.4,1.5,0.0,4.0,1.1,0.278,719,1812
VINE ST & W 8TH AVE,49.264814,-123.157634,local,0,0,2,1.8,0.4,1.5,0.0,4.0,1.1,0.278,720,1813
W 1ST AVE & WYLIE ST,49.268258,-123.113979,local,0,0,2,1.8,0.4,1.5,0.0,4.0,1.1,0.278,721,1814
W 64TH AVE & YUKON ST,49.212255,-123.114674,local,0,0,2,1.8,0.4,1.5,0.0,4.0,1.1,0.278,722,1815
ALBERNI ST & GILFORD ST,49.293185,-123.135968,local,0,0,2,1.6,0.4,1.4,0.0,4.0,1.0,0.278,723,1817
ALDER ST & W 10TH AVE,49.262521,-123.131416,local,0,0,2,1.6,0.4,1.4,0.0,4.0,1.0,0.278,724,1818
BALSAM ST & W 1ST AVE,49.270898,-123.159758,local,0,0,2,1.6,0.4,1.4,0.0,4.0,1.0,0.278,725,1823
BAYSHORE DR & CARDERO ST,49.291418,-123.129298,local,0,0,2,1.6,0.4,1.4,0.0,4.0,1.0,0.278,726,1824
BIDWELL ST & COMOX ST,49.287628,-123.13812,local,0,0,2,1.6,0.4,1.4,0.0,4.0,1.0,0.278,727,1827
BIRCH ST & W 11TH AVE,49.261623,-123.133793,local,0,0,2,1.6,0.4,1.4,0.0,4.0,1.0,0.278,728,1828
BROUGHTON ST & NELSON ST,49.285787,-123.133114,local,0,0,2,1.6,0.4,1.4,0.0,4.0,1.0,0.278,729,1830
BURNABY ST & JERVIS ST,49.282112,-123.13601,local,0,0,2,1.6,0.4,1.4,0.0,4.0,1.0,0.278,730,1831
CAMBIE ST & W 28TH AVE,49.246112,-123.115738,local,0,0,2,1.6,0.4,1.4,0.0,4.0,1.0,0.278,731,1832
CAROLINA ST & E 10TH AVE,49.261548,-123.091101,local,0,0,2,1.6,0.4,1.4,0.0,4.0,1.0,0.278,732,1834
CARTIER ST & W 71ST AVE,49.207025,-123.137714,local,0,0,2,1.6,0.4,1.4,0.0,4.0,1.0,0.278,733,1835
CLARK DR & NAPIER ST,49.274941,-123.077297,arterial,0,0,2,4.8,4.2,5.2,1.0,10.0,1.0,0.037,734,960
COLUMBIA ST & W 3RD AVE,49.26839,-123.109434,local,0,0,2,1.6,0.4,1.4,0.0,4.0,1.0,0.278,735,1841
COLUMBIA ST & W 63RD AVE,49.213363,-123.112749,local,0,0,2,1.6,0.4,1.4,0.0,4.0,1.0,0.278,736,1842
COLUMBIA ST & W 6TH AVE,49.265645,-123.109461,local,0,0,2,1.6,0.4,1.4,0.0,4.0,1.0,0.278,737,1843
CYPRESS ST & W 5TH AVE,49.267203,-123.148017,local,0,0,2,1.6,0.4,1.4,0.0,4.0,1.0,0.278,738,1845
CYPRESS ST & YORK AVE,49.271572,-123.147841,local,0,0,2,1.6,0.4,1.4,0.0,4.0,1.0,0.278,739,1846
E 12TH AVE & GARDEN DR,49.259469,-123.058212,local,0,0,2,1.6,0.4,1.4,0.0,4.0,1.0,0.278,740,1855
E 1ST AVE & KAMLOOPS ST,49.269511,-123.054681,arterial,0,0,2,4.8,4.2,5.2,1.0,10.0,1.0,0.037,741,961
E 39TH AVE & GLADSTONE ST,49.234902,-123.062114,local,0,0,2,1.6,0.4,1.4,0.0,4.0,1.0,0.278,742,1862
E 43RD AVE & PRINCE EDWARD ST,49.231098,-123.097314,local,0,0,2,1.6,0.4,1.4,0.0,4.0,1.0,0.278,743,1864
E 45TH AVE & KERR ST,49.229278,-123.040816,local,0,0,2,1.6,0.4,1.4,0.0,4.0,1.0,0.278,744,1865
E 45TH AVE & KILLARNEY ST,49.229289,-123.045961,local,0,0,2,1.6,0.4,1.4,0.0,4.0,1.0,0.278,745,1866
E 53RD AVE & INVERNESS ST,49.221835,-123.080177,local,0,0,2,1.6,0.4,1.4,0.0,4.0,1.0,0.278,746,1867
E 59TH AVE & INVERNESS ST,49.216421,-123.080118,local,0,0,2,1.6,0.4,1.4,0.0,4.0,1.0,0.278,747,1870
E 59TH AVE & PRINCE EDWARD ST,49.216657,-123.097784,local,0,0,2,1.6,0.4,1.4,0.0,4.0,1.0,0.278,748,1871
E PENDER ST & JACKSON AVE,49.280271,-123.093473,local,0,0,2,1.6,0.4,1.4,0.0,4.0,1.0,0.278,749,1875
FREMLIN ST & W 67TH AVE,49.210686,-123.127395,local,0,0,2,1.6,0.4,1.4,0.0,4.0,1.0,0.278,750,1880
GLEN DR & TERMINAL AVE,49.269879,-123.081408,local,0,0,2,1.6,0.4,1.4,0.0,4.0,1.0,0.278,751,1881
GRAVELEY ST & LILLOOET ST,49.270395,-123.038935,local,0,0,2,1.6,0.4,1.4,0.0,4.0,1.0,0.278,752,1882
LAKEWOOD DR & PANDORA ST,49.283023,-123.061691,local,0,0,2,1.6,0.4,1.4,0.0,4.0,1.0,0.278,753,1886
LAUREL ST & W 13TH AVE,49.259598,-123.124333,local,0,0,2,1.6,0.4,1.4,0.0,4.0,1.0,0.278,754,1889
MANITOBA ST & W 4TH AVE,49.267409,-123.106675,local,0,0,2,1.6,0.4,1.4,0.0,4.0,1.0,0.278,755,1893
NANAIMO ST & VANNESS AVE,49.248406,-123.056651,arterial,0,0,2,4.8,4.2,5.2,1.0,10.0,1.0,0.037,756,962
NATIONAL AVE & STATION ST,49.274891,-123.099097,local,0,0,2,1.6,0.4,1.4,0.0,4.0,1.0,0.278,757,1897
OAK ST & W KENT AVE S,49.202914,-123.130448,local,0,0,2,1.6,0.4,1.4,0.0,4.0,1.0,0.278,758,1898
VINE ST & W 1ST AVE,49.27086,-123.157415,local,0,0,2,1.6,0.4,1.4,0.0,4.0,1.0,0.278,759,1904
VINE ST & W 3RD AVE,49.269092,-123.157474,local,0,0,2,1.6,0.4,1.4,0.0,4.0,1.0,0.278,760,1905
VINE ST & W 43RD AVE,49.232787,-123.159996,local,0,0,2,1.6,0.4,1.4,0.0,4.0,1.0,0.278,761,1906
W 10TH AVE & YUKON ST,49.262208,-123.112913,local,0,0,2,1.6,0.4,1.4,0.0,4.0,1.0,0.278,762,1907
W 1ST AVE & YEW ST,49.270821,-123.155043,local,0,0,2,1.6,0.4,1.4,0.0,4.0,1.0,0.278,763,1909
W 42ND AVE & WILLOW ST,49.23288,-123.123901,local,0,0,2,1.6,0.4,1.4,0.0,4.0,1.0,0.278,764,1910
W 5TH AVE & YEW ST,49.267289,-123.155184,local,0,0,2,1.6,0.4,1.4,0.0,4.0,1.0,0.278,765,1912
ARBUTUS GREENWAY & EAST BOULEVARD & W 64TH AVE,49.213257,-123.146742,local,0,0,3,1.6,0.6,1.5,0.0,4.0,0.9,0.22,766,1770
ARBUTUS ST & W 57TH AVE,49.219571,-123.154515,collector,0,0,2,2.0,1.2,2.1,0.0,5.0,0.9,0.119,767,1556
ASH ST & CORNELIA MEWS & W 45TH AVE,49.229871,-123.117972,local,0,0,3,1.6,0.6,1.5,0.0,4.0,0.9,0.22,768,1772
BURRARD ST & W 15TH AVE,49.258096,-123.145972,secondary_arterial,0,0,2,3.2,2.5,3.4,1.0,7.0,0.9,0.06,769,1210
CAROLINA ST & E 16TH AVE,49.256461,-123.091843,secondary_arterial,0,0,2,3.2,2.5,3.4,1.0,7.0,0.9,0.06,770,1212
COMMERCIAL DR & E 7TH AVE,49.264168,-123.069757,secondary_arterial,0,0,2,3.2,2.5,3.4,1.0,7.0,0.9,0.06,771,1213
COMMERCIAL DR & PARKER ST,49.275761,-123.069532,secondary_arterial,0,0,2,3.2,2.5,3.4,1.0,7.0,0.9,0.06,772,1214
E 26TH AVE & RUPERT ST,49.247097,-123.033832,secondary_arterial,0,0,2,3.2,2.5,3.4,1.0,7.0,0.9,0.06,773,1218
E 33RD AVE & QUEBEC ST,49.240528,-123.102738,secondary_arterial,0,0,2,3.2,2.5,3.4,1.0,7.0,0.9,0.06,774,1219
E 49TH AVE & GLADSTONE ST,49.225113,-123.062365,secondary_arterial,0,0,2,3.2,2.5,3.4,1.0,7.0,0.9,0.06,775,1221
E 57TH AVE & PRINCE ALBERT ST,49.218235,-123.087804,collector,0,0,2,2.0,1.2,2.1,0.0,5.0,0.9,0.119,776,1562
E 5TH AVE & ONTARIO ST & W 5TH AVE,49.266496,-123.104753,local,0,0,3,1.6,0.6,1.5,0.0,4.0,0.9,0.22,777,1792
MACDONALD ST & W 5TH AVE,49.267464,-123.168324,secondary_arterial,0,0,2,3.2,2.5,3.4,1.0,7.0,0.9,0.06,778,1225
MACKENZIE ST & W 37TH AVE,49.238532,-123.170254,collector,0,0,2,2.0,1.2,2.1,0.0,5.0,0.9,0.119,779,1566
PARKER ST & RENFREW ST,49.275372,-123.044127,secondary_arterial,0,0,2,3.2,2.5,3.4,1.0,7.0,0.9,0.06,780,1227
PARKER ST & VICTORIA DR,49.275736,-123.065638,collector,0,0,2,2.0,1.2,2.1,0.0,5.0,0.9,0.119,781,1568
W 16TH AVE & WILLOW ST,49.257027,-123.12203,secondary_arterial,0,0,2,3.2,2.5,3.4,1.0,7.0,0.9,0.06,782,1228
W 33RD AVE & YEW ST,49.242172,-123.157406,collector,0,0,2,2.0,1.2,2.1,0.0,5.0,0.9,0.119,783,1570
ALBERTA ST & W 11TH AVE,49.261273,-123.111036,local,0,0,2,1.4,0.4,1.2,0.0,3.0,0.8,0.278,784,1929
ALBERTA ST & W 4TH AVE,49.267471,-123.11078,local,0,0,2,1.4,0.4,1.2,0.0,3.0,0.8,0.278,785,1930
ALEXANDER ST & GORE AVE,49.284067,-123.097836,local,0,0,2,1.4,0.4,1.2,0.0,3.0,0.8,0.278,786,1931
ALEXANDRA ST & NANTON AVE,49.247438,-123.141572,local,0,0,2,1.4,0.4,1.2,0.0,3.0,0.8,0.278,787,1932
ANGUS DR & NANTON AVE,49.247514,-123.146172,local,0,0,2,1.4,0.4,1.2,0.0,3.0,0.8,0.278,788,1937
ANGUS DR & W 45TH AVE,49.230745,-123.147807,local,0,0,2,1.4,0.4,1.2,0.0,3.0,0.8,0.278,789,1938
BALACLAVA ST & W 41ST AVE,49.234751,-123.176728,arterial,0,0,2,4.6,4.2,5.0,1.0,9.0,0.8,0.037,790,977
BALACLAVA ST & W 8TH AVE,49.265053,-123.173959,local,0,0,2,1.4,0.4,1.2,0.0,3.0,0.8,0.278,791,1942
BARCLAY ST & BUTE ST,49.284639,-123.129096,local,0,0,2,1.4,0.4,1.2,0.0,3.0,0.8,0.278,792,1945
BARCLAY ST & NICOLA ST,49.287279,-123.133214,local,0,0,2,1.4,0.4,1.2,0.0,3.0,0.8,0.278,793,1946
BURRARD ST & JUNG LANE,49.27736,-123.131816,arterial,0,0,2,4.6,4.2,5.0,1.0,9.0,0.8,0.037,794,978
BURRARD ST & W 8TH AVE,49.264637,-123.145737,arterial,0,0,2,4.6,4.2,5.0,1.0,9.0,0.8,0.037,795,979
CAMBIE ST & W 27TH AVE,49.247029,-123.115486,arterial,0,0,2,4.6,4.2,5.0,1.0,9.0,0.8,0.037,796,980
CAMBIE ST & WATER ST,49.28431,-123.108822,arterial,0,0,2,4.6,4.2,5.0,1.0,9.0,0.8,0.037,797,981
CARDERO ST & NELSON ST,49.287297,-123.135466,local,0,0,2,1.4,0.4,1.2,0.0,3.0,0.8,0.278,798,1953
CARDERO ST & ROSEMARY BROWN LANE,49.289065,-123.13284,local,0,0,2,1.4,0.4,1.2,0.0,3.0,0.8,0.278,799,1954
CHARLES ST & WINDERMERE ST,49.273244,-123.03638,local,0,0,2,1.4,0.4,1.2,0.0,3.0,0.8,0.278,800,1956
CHESTER ST & E 47TH AVE,49.227359,-123.089346,local,0,0,2,1.4,0.4,1.2,0.0,3.0,0.8,0.278,801,1957
CHURCH ST & STAMFORD ST,49.233299,-123.031612,local,0,0,2,1.4,0.4,1.2,0.0,3.0,0.8,0.278,802,1958
CLARK DR & E 14TH AVE,49.257824,-123.077602,local,0,0,2,1.4,0.4,1.2,0.0,3.0,0.8,0.278,803,1959
CLARK DR & E 15TH AVE,49.256691,-123.077721,local,0,0,2,1.4,0.4,1.2,0.0,3.0,0.8,0.278,804,1960
CLARK DR & E 22ND AVE,49.250837,-123.078021,local,0,0,2,1.4,0.4,1.2,0.0,3.0,0.8,0.278,805,1961
COMOX ST & JERVIS ST,49.284212,-123.13283,local,0,0,2,1.4,0.4,1.2,0.0,3.0,0.8,0.278,806,1962
CREELMAN AVE & CYPRESS ST,49.274462,-123.147747,local,0,0,2,1.4,0.4,1.2,0.0,3.0,0.8,0.278,807,1965
CULLODEN ST & E 35TH AVE,49.238563,-123.079066,local,0,0,2,1.4,0.4,1.2,0.0,3.0,0.8,0.278,808,1966
CULLODEN ST & E 41ST AVE,49.232755,-123.078413,arterial,0,0,2,4.6,4.2,5.0,1.0,9.0,0.8,0.037,809,982
CYPRESS ST & WHYTE AVE,49.27533,-123.1477,local,0,0,2,1.4,0.4,1.2,0.0,3.0,0.8,0.278,810,1967
DUCHESS ST & WARD ST,49.240717,-123.051121,local,0,0,2,1.4,0.4,1.2,0.0,3.0,0.8,0.278,811,1968
DUMFRIES ST & E 32ND AVE,49.241629,-123.073591,local,0,0,2,1.4,0.4,1.2,0.0,3.0,0.8,0.278,812,1969
DUNDAS ST & GARDEN DR & N GARDEN DR,49.284791,-123.057767,arterial,0,0,3,6.0,5.7,6.5,2.0,12.0,0.8,0.028,813,807
E 10TH AVE & ST GEORGE ST,49.261543,-123.093016,local,0,0,2,1.4,0.4,1.2,0.0,3.0,0.8,0.278,814,1975
E 10TH AVE & WOODLAND DR,49.261401,-123.07366,local,0,0,2,1.4,0.4,1.2,0.0,3.0,0.8,0.278,815,1976
E 18TH AVE & PRINCE EDWARD ST,49.254728,-123.096543,local,0,0,2,1.4,0.4,1.2,0.0,3.0,0.8,0.278,816,1982
E 28TH AVE & GLADSTONE ST,49.245798,-123.060445,local,0,0,2,1.4,0.4,1.2,0.0,3.0,0.8,0.278,817,1986
E 2ND AVE & SLOCAN ST,49.26848,-123.049466,local,0,0,2,1.4,0.4,1.2,0.0,3.0,0.8,0.278,818,1987
E 3RD AVE & WOODLAND DR,49.267825,-123.073541,local,0,0,2,1.4,0.4,1.2,0.0,3.0,0.8,0.278,819,1991
E 41ST AVE & EARLES ST,49.232759,-123.048784,arterial,1,0,2,17.2,17.9,18.7,11.0,28.0,0.8,0.009,820,290
E 48TH AVE & PRINCE EDWARD ST,49.226629,-123.097481,local,0,0,2,1.4,0.4,1.2,0.0,3.0,0.8,0.278,821,1993
E 4TH AVE & WOODLAND DR,49.266892,-123.073559,local,0,0,2,1.4,0.4,1.2,0.0,3.0,0.8,0.278,822,1996
E 56TH AVE & MAIN ST,49.219308,-123.101855,arterial,0,0,2,4.6,4.2,5.0,1.0,9.0,0.8,0.037,823,984
E 57TH AVE & ONTARIO ST,49.218581,-123.10619,local,0,0,2,1.4,0.4,1.2,0.0,3.0,0.8,0.278,824,2000
E 5TH AVE & SCOTIA ST,49.266364,-123.098817,local,0,0,2,1.4,0.4,1.2,0.0,3.0,0.8,0.278,825,2001
E 7TH AVE & KEITH DR,49.264251,-123.07941,local,0,0,2,1.4,0.4,1.2,0.0,3.0,0.8,0.278,826,2004
E 8TH AVE & PRINCE EDWARD ST,49.263477,-123.095931,local,0,0,2,1.4,0.4,1.2,0.0,3.0,0.8,0.278,827,2005
E PENDER ST & KASLO ST,49.280214,-123.046675,local,0,0,2,1.4,0.4,1.2,0.0,3.0,0.8,0.278,828,2007
FRENCH ST & W 64TH AVE,49.213135,-123.139029,local,0,0,2,1.4,0.4,1.2,0.0,3.0,0.8,0.278,829,2010
HARO ST & JERVIS ST,49.286323,-123.12963,local,0,0,2,1.4,0.4,1.2,0.0,3.0,0.8,0.278,830,2013
HIGHBURY ST & W 8TH AVE,49.265263,-123.187733,local,0,0,2,1.4,0.4,1.2,0.0,3.0,0.8,0.278,831,2016
HUDSON ST & W 64TH AVE,49.213053,-123.134238,local,0,0,2,1.4,0.4,1.2,0.0,3.0,0.8,0.278,832,2017
JERVIS ST & SEE-EM-IA LANE,49.283183,-123.134373,local,0,0,2,1.4,0.4,1.2,0.0,3.0,0.8,0.278,833,2018
MANITOBA ST & W 63RD AVE,49.213372,-123.109922,local,0,0,2,1.4,0.4,1.2,0.0,3.0,0.8,0.278,834,2024
OAK ST & W 26TH AVE,49.248149,-123.127569,arterial,0,0,2,4.6,4.2,5.0,1.0,9.0,0.8,0.037,835,985
OAK ST & W KENT AVE N,49.20322,-123.130436,local,0,0,2,1.4,0.4,1.2,0.0,3.0,0.8,0.278,836,2028
OSLER ST & W 71ST AVE,49.206931,-123.131689,local,0,0,2,1.4,0.4,1.2,0.0,3.0,0.8,0.278,837,2029
PIPELINE RD & STANLEY PARK DR,49.297403,-123.136087,none,0,0,2,2.0,1.3,2.1,0.0,5.0,0.8,0.11,838,1569
SPRUCE ST & W 10TH AVE,49.262485,-123.129037,local,0,0,2,1.4,0.4,1.2,0.0,3.0,0.8,0.278,839,2031
TRAFALGAR ST & W 8TH AVE,49.264917,-123.16464,local,0,0,2,1.4,0.4,1.2,0.0,3.0,0.8,0.278,840,2032
VINE ST & W 5TH AVE,49.267337,-123.157547,local,0,0,2,1.4,0.4,1.2,0.0,3.0,0.8,0.278,841,2033
W 29TH AVE & WALLACE ST,49.246186,-123.190893,local,0,0,2,1.4,0.4,1.2,0.0,3.0,0.8,0.278,842,2034
W 42ND AVE & YEW ST,49.233658,-123.158533,local,0,0,2,1.4,0.4,1.2,0.0,3.0,0.8,0.278,843,2036
W 5TH AVE & YUKON ST,49.266634,-123.112745,local,0,0,2,1.4,0.4,1.2,0.0,3.0,0.8,0.278,844,2040
W BROADWAY & WILLOW ST,49.263317,-123.121819,arterial,1,0,2,17.2,17.9,18.7,11.0,28.0,0.8,0.009,845,291
ALEXANDRA ST & BEVERLY CRES & W 29TH AVE,49.245482,-123.141631,local,0,0,3,1.4,0.6,1.3,0.0,4.0,0.7,0.22,846,1914
ANGUS DR & W 33RD AVE,49.241989,-123.145512,collector,0,0,2,1.8,1.2,1.9,0.0,5.0,0.7,0.119,847,1623
BLENHEIM ST & W 29TH AVE,49.246153,-123.178596,collector,0,0,2,1.8,1.2,1.9,0.0,5.0,0.7,0.119,848,1626
COMMERCIAL DR & FRANKLIN ST,49.282184,-123.070378,secondary_arterial,0,0,2,3.0,2.5,3.2,0.0,7.0,0.7,0.06,849,1253
COMMERCIAL ST & E 20TH AVE & STAINSBURY AVE,49.252409,-123.068048,local,0,0,3,1.4,0.6,1.3,0.0,4.0,0.7,0.22,850,1918
DUNLEVY AVE & PRIOR ST,49.276695,-123.095587,secondary_arterial,0,0,2,3.0,2.5,3.2,0.0,7.0,0.7,0.06,851,1256
E 22ND AVE & WINDERMERE ST,49.250604,-123.036601,collector,0,0,2,1.8,1.2,1.9,0.0,5.0,0.7,0.119,852,1629
E 35TH AVE & QUEBEC ST & UNNAMED LANE,49.239097,-123.103469,local,0,0,3,1.4,0.6,1.3,0.0,4.0,0.7,0.22,853,1921
E 46TH AVE & VICTORIA DR,49.228564,-123.065613,secondary_arterial,0,0,2,3.0,2.5,3.2,0.0,7.0,0.7,0.06,854,1257
E 4TH AVE & ONTARIO ST & W 4TH AVE,49.267375,-123.104719,local,0,0,3,1.4,0.6,1.3,0.0,4.0,0.7,0.22,855,1922
E 54TH AVE & FRASER ST,49.22075,-123.090891,secondary_arterial,0,0,2,3.0,2.5,3.2,0.0,7.0,0.7,0.06,856,1259
E 54TH AVE & GLADSTONE ST,49.22022,-123.062633,collector,0,0,2,1.8,1.2,1.9,0.0,5.0,0.7,0.119,857,1630
E 63RD AVE & ONTARIO ST & W 63RD AVE,49.213322,-123.106504,local,0,0,3,1.4,0.6,1.3,0.0,4.0,0.7,0.22,858,1925
GRAVELEY ST & RENFREW ST,49.270411,-123.044203,secondary_arterial,0,0,2,3.0,2.5,3.2,0.0,7.0,0.7,0.06,859,1260
GRAVELEY ST & VICTORIA DR,49.27047,-123.065753,collector,0,0,2,1.8,1.2,1.9,0.0,5.0,0.7,0.119,860,1637
HUDSON ST & W 49TH AVE,49.226795,-123.135096,secondary_arterial,0,0,2,3.0,2.5,3.2,0.0,7.0,0.7,0.06,861,1261
JERVIS MEWS & JERVIS ST & W CORDOVA ST,49.290075,-123.123917,local,0,0,3,1.4,0.6,1.3,0.0,4.0,0.7,0.22,862,1926
TRAFALGAR ST & W 33RD AVE,49.242298,-123.165589,collector,0,0,2,1.8,1.2,1.9,0.0,5.0,0.7,0.119,863,1638
VINE ST & W 16TH AVE,49.257354,-123.15791,secondary_arterial,0,0,2,3.0,2.5,3.2,0.0,7.0,0.7,0.06,864,1264
W 12TH AVE & YEW ST,49.261035,-123.155419,secondary_arterial,0,0,2,3.0,2.5,3.2,0.0,7.0,0.7,0.06,865,1265
W 43RD AVE & WEST BOULEVARD,49.232709,-123.155645,secondary_arterial,0,0,2,3.0,2.5,3.2,0.0,7.0,0.7,0.06,866,1266
ABBOTT ST & WATER ST,49.283892,-123.106413,arterial,0,0,2,4.4,4.2,4.8,1.0,9.0,0.6,0.037,867,1001
ADANAC ST & SKEENA ST,49.277431,-123.02835,local,0,0,2,1.2,0.4,1.1,0.0,3.0,0.6,0.278,868,2041
ALBERTA ST & W 3RD AVE,49.268388,-123.110732,local,0,0,2,1.2,0.4,1.1,0.0,3.0,0.6,0.278,869,2042
ALBERTA ST & W 48TH AVE,49.226877,-123.112977,local,0,0,2,1.2,0.4,1.1,0.0,3.0,0.6,0.278,870,2043
ALDER CROSSING & LAMEYS MILL RD,49.266646,-123.132012,local,0,0,2,1.2,0.4,1.1,0.0,3.0,0.6,0.278,871,2044
ALDER ST & W 11TH AVE,49.261592,-123.131448,local,0,0,2,1.2,0.4,1.1,0.0,3.0,0.6,0.278,872,2045
ALDER ST & W 7TH AVE,49.265231,-123.131283,local,0,0,2,1.2,0.4,1.1,0.0,3.0,0.6,0.278,873,2046
ALEXANDER ST & DUNLEVY AVE,49.284017,-123.095293,local,0,0,2,1.2,0.4,1.1,0.0,3.0,0.6,0.278,874,2047
ALEXANDER ST & JACKSON AVE,49.283988,-123.093305,local,0,0,2,1.2,0.4,1.1,0.0,3.0,0.6,0.278,875,2048
ARBOR AVE & MATHESON CRES & TALON SQ,49.217415,-123.025078,local,0,0,3,1.2,0.6,1.1,0.0,3.0,0.6,0.22,876,2049
ARGYLE ST & E 35TH AVE,49.23843,-123.071317,local,0,0,2,1.2,0.4,1.1,0.0,3.0,0.6,0.278,877,2050
ARGYLE ST & E 54TH AVE,49.220368,-123.071952,local,0,0,2,1.2,0.4,1.1,0.0,3.0,0.6,0.278,878,2051
ARLINGTON ST & E 45TH AVE,49.229251,-123.027805,local,0,0,2,1.2,0.4,1.1,0.0,3.0,0.6,0.278,879,2052
BALACLAVA ST & W 49TH AVE,49.22741,-123.175873,local,0,0,2,1.2,0.4,1.1,0.0,3.0,0.6,0.278,880,2054
BALSAM ST & W 2ND AVE,49.270012,-123.159792,local,0,0,2,1.2,0.4,1.1,0.0,3.0,0.6,0.278,881,2055
BALSAM ST & W 39TH AVE,49.236518,-123.161281,local,0,0,2,1.2,0.4,1.1,0.0,3.0,0.6,0.278,882,2056
BALSAM ST & W 3RD AVE,49.269125,-123.159823,local,0,0,2,1.2,0.4,1.1,0.0,3.0,0.6,0.278,883,2057
BALSAM ST & YORK AVE,49.271782,-123.159727,local,0,0,2,1.2,0.4,1.1,0.0,3.0,0.6,0.278,884,2058
BAYSWATER ST & W 8TH AVE,49.265026,-123.171207,local,0,0,2,1.2,0.4,1.1,0.0,3.0,0.6,0.278,885,2059
BEACH AVE & HORNBY ST,49.27536,-123.132758,arterial,0,0,2,4.4,4.2,4.8,1.0,9.0,0.6,0.037,886,1002
BEATRICE ST & E 43RD AVE,49.230508,-123.066967,local,0,0,2,1.2,0.4,1.1,0.0,3.0,0.6,0.278,887,2060
BENTLEY ST & W 75TH AVE,49.204342,-123.142578,local,0,0,2,1.2,0.4,1.1,0.0,3.0,0.6,0.278,888,2061
BIDWELL ST & SEE-EM-IA LANE,49.286609,-123.139696,local,0,0,2,1.2,0.4,1.1,0.0,3.0,0.6,0.278,889,2062
BIRCH ST & W 13TH AVE,49.259747,-123.13387,local,0,0,2,1.2,0.4,1.1,0.0,3.0,0.6,0.278,890,2063
CHESTER ST & E 63RD AVE,49.212982,-123.089526,local,0,0,2,1.2,0.4,1.1,0.0,3.0,0.6,0.278,891,2067
CHILCO ST & COMOX ST,49.29056,-123.142627,local,0,0,2,1.2,0.4,1.1,0.0,3.0,0.6,0.278,892,2068
CLARK DR & E 11TH AVE,49.260518,-123.077534,arterial,0,0,2,4.4,4.2,4.8,1.0,9.0,0.6,0.037,893,1003
COLUMBIA ST & W 10TH AVE,49.26215,-123.10949,local,0,0,2,1.2,0.4,1.1,0.0,3.0,0.6,0.278,894,2070
COLUMBIA ST & W 4TH AVE,49.26745,-123.109445,local,0,0,2,1.2,0.4,1.1,0.0,3.0,0.6,0.278,895,2071
COMMERCIAL ST & E 34TH AVE,49.239269,-123.068534,local,0,0,2,1.2,0.4,1.1,0.0,3.0,0.6,0.278,896,2072
COTTON DR & GRAVELEY ST,49.270511,-123.071561,local,0,0,2,1.2,0.4,1.1,0.0,3.0,0.6,0.278,897,2074
CROWE ST & W 1ST AVE & PRIVATE DRIVEWAY,49.269051,-123.112377,local,0,0,3,1.2,0.6,1.1,0.0,3.0,0.6,0.22,898,2075
CYPRESS ST & W 45TH AVE,49.23077,-123.14936,local,0,0,2,1.2,0.4,1.1,0.0,3.0,0.6,0.278,899,2076
CYPRESS ST & W 8TH AVE,49.264677,-123.148102,local,0,0,2,1.2,0.4,1.1,0.0,3.0,0.6,0.278,900,2077
DRAKE ST & MARINASIDE CRES,49.271987,-123.121398,local,0,0,2,1.2,0.4,1.1,0.0,3.0,0.6,0.278,901,2078
E 10TH AVE & GUELPH ST,49.261557,-123.094966,local,0,0,2,1.2,0.4,1.1,0.0,3.0,0.6,0.278,902,2079
E 10TH AVE & WINDSOR ST,49.261455,-123.08333,local,0,0,2,1.2,0.4,1.1,0.0,3.0,0.6,0.278,903,2080
E 11TH AVE & MAIN ST,49.261116,-123.101137,arterial,0,0,2,4.4,4.2,4.8,1.0,9.0,0.6,0.037,904,1005
E 11TH AVE & PRINCE EDWARD ST,49.26068,-123.096168,local,0,0,2,1.2,0.4,1.1,0.0,3.0,0.6,0.278,905,2081
E 11TH AVE & SOPHIA ST,49.261078,-123.098275,local,0,0,2,1.2,0.4,1.1,0.0,3.0,0.6,0.278,906,2082
E 11TH AVE & ST GEORGE ST,49.260654,-123.093033,local,0,0,2,1.2,0.4,1.1,0.0,3.0,0.6,0.278,907,2083
E 11TH AVE & WATSON ST,49.261106,-123.100391,local,0,0,2,1.2,0.4,1.1,0.0,3.0,0.6,0.278,908,2084
E 13TH AVE & QUEBEC ST,49.259333,-123.103147,local,0,0,2,1.2,0.4,1.1,0.0,3.0,0.6,0.278,909,2085
E 13TH AVE & SOPHIA ST,49.259277,-123.09834,local,0,0,2,1.2,0.4,1.1,0.0,3.0,0.6,0.278,910,2086
E 14TH AVE & WATSON ST,49.25839,-123.100552,local,0,0,2,1.2,0.4,1.1,0.0,3.0,0.6,0.278,911,2087
E 15TH AVE & QUEBEC ST,49.257533,-123.103185,local,0,0,2,1.2,0.4,1.1,0.0,3.0,0.6,0.278,912,2088
E 15TH AVE & SOPHIA ST,49.25747,-123.098414,local,0,0,2,1.2,0.4,1.1,0.0,3.0,0.6,0.278,913,2089
E 1ST AVE & GARDEN DR,49.269496,-123.058015,arterial,0,0,2,4.4,4.2,4.8,1.0,9.0,0.6,0.037,914,1006
E 20TH AVE & QUEBEC ST,49.252736,-123.102855,local,0,0,2,1.2,0.4,1.1,0.0,3.0,0.6,0.278,915,2090
E 27TH AVE & KNIGHT ST,49.246437,-123.076236,arterial,0,0,2,4.4,4.2,4.8,1.0,9.0,0.6,0.037,916,1009
E 28TH AVE & NANAIMO ST,49.245792,-123.056656,arterial,0,0,2,4.4,4.2,4.8,1.0,9.0,0.6,0.037,917,1010
E 29TH AVE & ONTARIO ST & PEVERIL AVE,49.244527,-123.105208,local,0,0,3,1.2,0.6,1.1,0.0,3.0,0.6,0.22,918,2093
E 2ND AVE & KASLO ST,49.268479,-123.046959,local,0,0,2,1.2,0.4,1.1,0.0,3.0,0.6,0.278,919,2094
E 2ND AVE & NANAIMO ST,49.268573,-123.056624,arterial,0,0,2,4.4,4.2,4.8,1.0,9.0,0.6,0.037,920,1011
E 30TH AVE & ONTARIO ST,49.243371,-123.105255,local,0,0,2,1.2,0.4,1.1,0.0,3.0,0.6,0.278,921,2095
E 40TH AVE & NANAIMO ST,49.233878,-123.058808,local,0,0,2,1.2,0.4,1.1,0.0,3.0,0.6,0.278,922,2096
E 45TH AVE & INVERNESS ST,49.229038,-123.07994,local,0,0,2,1.2,0.4,1.1,0.0,3.0,0.6,0.278,923,2097
E 48TH AVE & KILLARNEY ST,49.225886,-123.045635,local,0,0,2,1.2,0.4,1.1,0.0,3.0,0.6,0.278,924,2098
E 61ST AVE & ONTARIO ST & W 61ST AVE,49.215075,-123.106378,local,0,0,3,1.2,0.6,1.1,0.0,3.0,0.6,0.22,925,2100
E 6TH AVE & FRASER ST,49.265222,-123.089088,local,0,0,2,1.2,0.4,1.1,0.0,3.0,0.6,0.278,926,2101
E 7TH AVE & ST CATHERINES ST,49.264299,-123.085205,local,0,0,2,1.2,0.4,1.1,0.0,3.0,0.6,0.278,927,2102
E BROADWAY & GARDEN DR,49.262242,-123.058157,arterial,0,0,2,4.4,4.2,4.8,1.0,9.0,0.6,0.037,928,1013
E BROADWAY & WOODLAND DR,49.262359,-123.073646,arterial,1,0,2,17.0,17.9,18.5,11.0,27.0,0.6,0.009,929,292
E PENDER ST & LILLOOET ST,49.280198,-123.038845,local,0,0,2,1.2,0.4,1.1,0.0,3.0,0.6,0.278,930,2103
E PENDER ST & LORD STRATHCONA ELEMENTARY SCHOOL ACCESS & PRINCESS AVE,49.280232,-123.091524,local,0,0,3,1.2,0.6,1.1,0.0,3.0,0.6,0.22,931,2104
EXPO BLVD & NELSON ST,49.274907,-123.115955,arterial,1,0,2,17.0,17.9,18.5,11.0,27.0,0.6,0.009,932,293
FRANKLIN ST & KAMLOOPS ST,49.282068,-123.05458,local,0,0,2,1.2,0.4,1.1,0.0,3.0,0.6,0.278,933,2106
FRANKLIN ST & PENTICTON ST,49.282066,-123.051968,local,0,0,2,1.2,0.4,1.1,0.0,3.0,0.6,0.278,934,2107
GLEN DR & UNION ST,49.277339,-123.081372,local,0,0,2,1.2,0.4,1.1,0.0,3.0,0.6,0.278,935,2108
HEATHER ST & W 13TH AVE,49.259526,-123.119989,local,0,0,2,1.2,0.4,1.1,0.0,3.0,0.6,0.278,936,2109
HEATHER ST & W 27TH AVE,49.247113,-123.120447,local,0,0,2,1.2,0.4,1.1,0.0,3.0,0.6,0.278,937,2110
HEATHER ST & W 54TH AVE,49.221458,-123.12375,local,0,0,2,1.2,0.4,1.1,0.0,3.0,0.6,0.278,938,2111
HEATHER ST & W 63RD AVE,49.213723,-123.124017,local,0,0,2,1.2,0.4,1.1,0.0,3.0,0.6,0.278,939,2112
HEATHER ST & W 64TH AVE,49.212899,-123.124042,local,0,0,2,1.2,0.4,1.1,0.0,3.0,0.6,0.278,940,2113
HENSHAW LANE & NICOLA ST,49.286216,-123.134822,local,0,0,2,1.2,0.4,1.1,0.0,3.0,0.6,0.278,941,2114
HIGHBURY ST & W 12TH AVE,49.261703,-123.187852,local,0,0,2,1.2,0.4,1.1,0.0,3.0,0.6,0.278,942,2115
KINGSWAY & ORMIDALE ST,49.232231,-123.02496,arterial,0,0,2,4.4,4.2,4.8,1.0,9.0,0.6,0.037,943,1014
LAKEWOOD DR & VENABLES ST,49.276615,-123.061752,local,0,0,2,1.2,0.4,1.1,0.0,3.0,0.6,0.278,944,2116
LARCH ST & W 10TH AVE,49.263018,-123.162486,local,0,0,2,1.2,0.4,1.1,0.0,3.0,0.6,0.278,945,2117
LARCH ST & W 43RD AVE,49.232838,-123.162801,local,0,0,2,1.2,0.4,1.1,0.0,3.0,0.6,0.278,946,2118
MACKENZIE ST & W BROADWAY,49.264093,-123.170073,arterial,0,0,2,4.4,4.2,4.8,1.0,9.0,0.6,0.037,947,1016
MAPLE ST & W 10TH AVE,49.262824,-123.150574,local,0,0,2,1.2,0.4,1.1,0.0,3.0,0.6,0.278,948,2120
MAPLE ST & W 2ND AVE,49.269864,-123.150352,local,0,0,2,1.2,0.4,1.1,0.0,3.0,0.6,0.278,949,2121
MAPLE ST & W 42ND AVE,49.233547,-123.152076,local,0,0,2,1.2,0.4,1.1,0.0,3.0,0.6,0.278,950,2122
MAPLE ST & W 6TH AVE,49.266375,-123.150439,local,0,0,2,1.2,0.4,1.1,0.0,3.0,0.6,0.278,951,2123
MAPLE ST & WHYTE AVE,49.275371,-123.150102,local,0,0,2,1.2,0.4,1.1,0.0,3.0,0.6,0.278,952,2124
MATAPAN CRES & SKEENA ST,49.257269,-123.028537,local,0,0,2,1.2,0.4,1.1,0.0,3.0,0.6,0.278,953,2125
MCHARDY ST & VANNESS AVE,49.239433,-123.034662,local,0,0,2,1.2,0.4,1.1,0.0,3.0,0.6,0.278,954,2126
MELBOURNE ST & VANNESS AVE,49.236538,-123.028137,local,0,0,2,1.2,0.4,1.1,0.0,3.0,0.6,0.278,955,2127
NANAIMO ST & NAPIER ST,49.27487,-123.056575,arterial,0,0,2,4.4,4.2,4.8,1.0,9.0,0.6,0.037,956,1017
NICOLA ST & PENDRELL ST,49.285153,-123.136379,local,0,0,2,1.2,0.4,1.1,0.0,3.0,0.6,0.278,957,2128
OAK ST & W 71ST AVE,49.206913,-123.130318,arterial,1,0,2,17.0,17.9,18.5,11.0,27.0,0.6,0.009,958,294
OBEN ST & VANNESS AVE,49.235645,-123.026193,local,0,0,2,1.2,0.4,1.1,0.0,3.0,0.6,0.278,959,2129
PANDORA ST & SALSBURY DR,49.283065,-123.068267,local,0,0,2,1.2,0.4,1.1,0.0,3.0,0.6,0.278,960,2131
PANDORA ST & TEMPLETON DR,49.283007,-123.059721,local,0,0,2,1.2,0.4,1.1,0.0,3.0,0.6,0.278,961,2132
PAYNE ST & WELLINGTON AVE,49.239632,-123.029117,local,0,0,2,1.2,0.4,1.1,0.0,3.0,0.6,0.278,962,2133
PINE ST & W 2ND AVE,49.269745,-123.14317,local,0,0,2,1.2,0.4,1.1,0.0,3.0,0.6,0.278,963,2134
SCHOOL AVE & TYNE ST,49.23099,-123.032232,local,0,0,2,1.2,0.4,1.1,0.0,3.0,0.6,0.278,964,2135
SEMLIN DR & TRIUMPH ST,49.283924,-123.063561,local,0,0,2,1.2,0.4,1.1,0.0,3.0,0.6,0.278,965,2136
SHAUGHNESSY ST & W 64TH AVE,49.212952,-123.128728,local,0,0,2,1.2,0.4,1.1,0.0,3.0,0.6,0.278,966,2137
SPRUCE ST & W 8TH AVE,49.26436,-123.128963,local,0,0,2,1.2,0.4,1.1,0.0,3.0,0.6,0.278,967,2138
TRAFALGAR ST & W 2ND AVE,49.270085,-123.164479,local,0,0,2,1.2,0.4,1.1,0.0,3.0,0.6,0.278,968,2139
TRIMBLE ST & W 11TH AVE,49.262854,-123.206121,local,0,0,2,1.2,0.4,1.1,0.0,3.0,0.6,0.278,969,2140
VINE ST & W 37TH AVE,49.238369,-123.159792,local,0,0,2,1.2,0.4,1.1,0.0,3.0,0.6,0.278,970,2141
W 10TH AVE & YEW ST,49.262898,-123.155334,local,0,0,2,1.2,0.4,1.1,0.0,3.0,0.6,0.278,971,2142
W 39TH AVE & YEW ST,49.236476,-123.158473,local,0,0,2,1.2,0.4,1.1,0.0,3.0,0.6,0.278,972,2143
W 3RD AVE & YEW ST,49.269057,-123.155106,local,0,0,2,1.2,0.4,1.1,0.0,3.0,0.6,0.278,973,2144
W 8TH AVE & WATERLOO ST,49.265143,-123.179813,local,0,0,2,1.2,0.4,1.1,0.0,3.0,0.6,0.278,974,2145
ADANAC ST & CASSIAR ST,49.277431,-123.030769,local,0,0,2,1.0,0.4,0.9,0.0,3.0,0.5,0.278,975,2210
ADANAC ST & SLOCAN ST,49.277468,-123.049365,local,0,0,2,1.0,0.4,0.9,0.0,3.0,0.5,0.278,976,2211
ADANAC ST & WOODLAND DR,49.277605,-123.072745,local,0,0,2,1.0,0.4,0.9,0.0,3.0,0.5,0.278,977,2212
ALBERTA ST & W 42ND AVE,49.232439,-123.113482,local,0,0,2,1.0,0.4,0.9,0.0,3.0,0.5,0.278,978,2213
ANZIO DR & E 22ND AVE & SKEENA ST,49.250625,-123.028522,collector,0,0,3,2.0,1.6,2.1,0.0,5.0,0.5,0.09,979,1555
ASH ST & W 16TH AVE,49.256945,-123.118128,secondary_arterial,0,0,2,2.8,2.5,3.0,0.0,7.0,0.5,0.06,980,1284
ASH ST & W 26TH AVE,49.247998,-123.118497,local,0,0,2,1.0,0.4,0.9,0.0,3.0,0.5,0.278,981,2215
ASH ST & W 49TH AVE,49.226132,-123.118119,secondary_arterial,0,0,2,2.8,2.5,3.0,0.0,7.0,0.5,0.06,982,1285
ASH ST & W 63RD AVE,49.213292,-123.120168,local,0,0,2,1.0,0.4,0.9,0.0,3.0,0.5,0.278,983,2216
AVERY AVE & SW MARINE DR,49.208005,-123.142192,secondary_arterial,0,0,2,2.8,2.5,3.0,0.0,7.0,0.5,0.06,984,1286
BALACLAVA ST & W 6TH AVE,49.266723,-123.173899,local,0,0,2,1.0,0.4,0.9,0.0,3.0,0.5,0.278,985,2217
BALSAM ST & W 6TH AVE,49.266513,-123.159919,local,0,0,2,1.0,0.4,0.9,0.0,3.0,0.5,0.278,986,2218
BARCLAY ST & CHILCO ST,49.291976,-123.140504,local,0,0,2,1.0,0.4,0.9,0.0,3.0,0.5,0.278,987,2219
BARCLAY ST & JERVIS ST,49.285613,-123.130633,local,0,0,2,1.0,0.4,0.9,0.0,3.0,0.5,0.278,988,2220
BEACH CRES & RICHARDS ST,49.273182,-123.128341,local,0,0,2,1.0,0.4,0.9,0.0,3.0,0.5,0.278,989,2221
BEATRICE ST & E 47TH AVE,49.227625,-123.067033,local,0,0,2,1.0,0.4,0.9,0.0,3.0,0.5,0.278,990,2222
BIDWELL ST & PANTAGES LANE,49.285911,-123.140728,local,0,0,2,1.0,0.4,0.9,0.0,3.0,0.5,0.278,991,2224
BIDWELL ST & PENDRELL ST,49.286981,-123.139176,local,0,0,2,1.0,0.4,0.9,0.0,3.0,0.5,0.278,992,2225
BIRCH ST & W 7TH AVE,49.265268,-123.13366,local,0,0,2,1.0,0.4,0.9,0.0,3.0,0.5,0.278,993,2226
BIRCH ST & W 8TH AVE,49.264424,-123.133691,local,0,0,2,1.0,0.4,0.9,0.0,3.0,0.5,0.278,994,2227
BLENHEIM ST & W 24TH AVE,49.251029,-123.17859,collector,0,0,2,1.6,1.2,1.7,0.0,4.0,0.5,0.119,995,1696
BORDEN ST & E 62ND AVE,49.213752,-123.074049,local,0,0,2,1.0,0.4,0.9,0.0,3.0,0.5,0.278,996,2233
BROUGHTON ST & SEE-EM-IA LANE,49.284068,-123.135756,local,0,0,2,1.0,0.4,0.9,0.0,3.0,0.5,0.278,997,2234
BRUNSWICK ST & E 6TH AVE,49.265432,-123.096932,local,0,0,2,1.0,0.4,0.9,0.0,3.0,0.5,0.278,998,2235
BUTE ST & HARWOOD ST,49.280378,-123.135495,local,0,0,2,1.0,0.4,0.9,0.0,3.0,0.5,0.278,999,2236
BUTE ST & ROSEMARY BROWN LANE,49.285633,-123.127523,local,0,0,2,1.0,0.4,0.9,0.0,3.0,0.5,0.278,1000,2237
CAMBIE ST & W 26TH AVE,49.247946,-123.115672,local,0,0,2,1.0,0.4,0.9,0.0,3.0,0.5,0.278,1001,2238
CAROLINA ST & E 8TH AVE,49.263448,-123.091056,local,0,0,2,1.0,0.4,0.9,0.0,3.0,0.5,0.278,1002,2239
CHESTNUT ST & WHYTE AVE,49.275305,-123.146217,local,0,0,2,1.0,0.4,0.9,0.0,3.0,0.5,0.278,1003,2241
CLARENDON ST & E 49TH AVE,49.224813,-123.056138,secondary_arterial,0,0,2,2.8,2.5,3.0,0.0,7.0,0.5,0.06,1004,1289
CLARK DR & E 20TH AVE,49.25263,-123.077961,local,0,0,2,1.0,0.4,0.9,0.0,3.0,0.5,0.278,1005,2243
COLUMBIA ST & W 19TH AVE,49.253851,-123.109834,local,0,0,2,1.0,0.4,0.9,0.0,3.0,0.5,0.278,1006,2244
COLUMBIA ST & W 59TH AVE,49.216889,-123.112629,local,0,0,2,1.0,0.4,0.9,0.0,3.0,0.5,0.278,1007,2245
COMMERCIAL DR & FRANCES ST,49.279379,-123.070451,secondary_arterial,0,0,2,2.8,2.5,3.0,0.0,7.0,0.5,0.06,1008,1291
COMMERCIAL DR & WILLIAM ST,49.273951,-123.069559,secondary_arterial,0,0,2,2.8,2.5,3.0,0.0,7.0,0.5,0.06,1009,1292
COMMERCIAL ST & E 22ND AVE,49.250311,-123.06797,local,0,0,2,1.0,0.4,0.9,0.0,3.0,0.5,0.278,1010,2246
COMMERCIAL ST & E 37TH AVE,49.236727,-123.068619,local,0,0,2,1.0,0.4,0.9,0.0,3.0,0.5,0.278,1011,2247
COOK ST & W 1ST AVE,49.269749,-123.110788,local,0,0,2,1.0,0.4,0.9,0.0,3.0,0.5,0.278,1012,2248
CREELMAN AVE & MAPLE ST,49.274492,-123.150128,local,0,0,2,1.0,0.4,0.9,0.0,3.0,0.5,0.278,1013,2249
CYPRESS ST & GREER AVE,49.273519,-123.147767,local,0,0,2,1.0,0.4,0.9,0.0,3.0,0.5,0.278,1014,2251
CYPRESS ST & W 42ND AVE,49.23345,-123.149265,local,0,0,2,1.0,0.4,0.9,0.0,3.0,0.5,0.278,1015,2252
DAVIE ST & MARINASIDE CRES,49.273047,-123.120022,local,0,0,2,1.0,0.4,0.9,0.0,3.0,0.5,0.278,1016,2253
E 10TH AVE & PRINCE ALBERT ST,49.261499,-123.087191,local,0,0,2,1.0,0.4,0.9,0.0,3.0,0.5,0.278,1017,2254
E 11TH AVE & WINDSOR ST,49.260568,-123.08334,local,0,0,2,1.0,0.4,0.9,0.0,3.0,0.5,0.278,1018,2255
E 12TH AVE & SLOCAN ST,49.258754,-123.049549,local,0,0,2,1.0,0.4,0.9,0.0,3.0,0.5,0.278,1019,2256
E 13TH AVE & VICTORIA DR,49.258649,-123.065965,secondary_arterial,0,0,2,2.8,2.5,3.0,0.0,7.0,0.5,0.06,1020,1295
E 14TH AVE & LILLOOET ST,49.257215,-123.039073,local,0,0,2,1.0,0.4,0.9,0.0,3.0,0.5,0.278,1021,2257
E 15TH AVE & ST GEORGE ST,49.257325,-123.093768,local,0,0,2,1.0,0.4,0.9,0.0,3.0,0.5,0.278,1022,2258
E 16TH AVE & SOPHIA ST,49.256545,-123.098439,secondary_arterial,0,0,2,2.8,2.5,3.0,0.0,7.0,0.5,0.06,1023,1297
E 19TH AVE & SOPHIA ST,49.253846,-123.098532,local,0,0,2,1.0,0.4,0.9,0.0,3.0,0.5,0.278,1024,2259
E 1ST AVE & LORNE ST,49.269214,-123.098838,local,0,0,2,1.0,0.4,0.9,0.0,3.0,0.5,0.278,1025,2260
E 20TH AVE & WELWYN ST,49.25249,-123.069378,local,0,0,2,1.0,0.4,0.9,0.0,3.0,0.5,0.278,1026,2261
E 22ND AVE & KOOTENAY ST & WORTHINGTON DR,49.250638,-123.026252,collector,0,0,3,2.0,1.6,2.1,0.0,5.0,0.5,0.09,1027,1561
E 25TH AVE & SKEENA ST,49.247891,-123.028534,local,0,0,2,1.0,0.4,0.9,0.0,3.0,0.5,0.278,1028,2262
E 28TH AVE & SOPHIA ST,49.245689,-123.0992,local,0,0,2,1.0,0.4,0.9,0.0,3.0,0.5,0.278,1029,2263
E 29TH AVE & PRINCE EDWARD ST,49.244776,-123.09688,local,0,0,2,1.0,0.4,0.9,0.0,3.0,0.5,0.278,1030,2264
E 2ND AVE & MCLEAN DR,49.268736,-123.075442,local,0,0,2,1.0,0.4,0.9,0.0,3.0,0.5,0.278,1031,2265
E 31ST AVE & INVERNESS ST,49.242497,-123.080209,local,0,0,2,1.0,0.4,0.9,0.0,3.0,0.5,0.278,1032,2266
E 34TH AVE & GLADSTONE ST,49.238937,-123.062891,local,0,0,2,1.0,0.4,0.9,0.0,3.0,0.5,0.278,1033,2267
E 35TH AVE & ROSS ST,49.238219,-123.082427,local,0,0,2,1.0,0.4,0.9,0.0,3.0,0.5,0.278,1034,2268
E 38TH AVE & FRASER ST,49.23569,-123.090494,secondary_arterial,0,0,2,2.8,2.5,3.0,0.0,7.0,0.5,0.06,1035,1299
E 39TH AVE & NANAIMO ST,49.234876,-123.0588,local,0,0,2,1.0,0.4,0.9,0.0,3.0,0.5,0.278,1036,2269
E 3RD AVE & VICTORIA DR,49.267759,-123.065803,secondary_arterial,0,0,2,2.8,2.5,3.0,0.0,7.0,0.5,0.06,1037,1300
E 40TH AVE & PRINCE EDWARD ST,49.234447,-123.097155,local,0,0,2,1.0,0.4,0.9,0.0,3.0,0.5,0.278,1038,2270
E 43RD AVE & JOYCE ST,49.231141,-123.037434,local,0,0,2,1.0,0.4,0.9,0.0,3.0,0.5,0.278,1039,2271
E 45TH AVE & VIVIAN ST,49.229327,-123.05009,local,0,0,2,1.0,0.4,0.9,0.0,3.0,0.5,0.278,1040,2272
E 47TH AVE & FLEMING ST,49.227142,-123.07309,local,0,0,2,1.0,0.4,0.9,0.0,3.0,0.5,0.278,1041,2273
E 47TH AVE & PRINCE ALBERT ST,49.227341,-123.08796,local,0,0,2,1.0,0.4,0.9,0.0,3.0,0.5,0.278,1042,2274
E 50TH AVE & PRINCE ALBERT ST,49.224499,-123.088045,local,0,0,2,1.0,0.4,0.9,0.0,3.0,0.5,0.278,1043,2275
E 52ND AVE & FRASER ST,49.222717,-123.090841,secondary_arterial,0,0,2,2.8,2.5,3.0,0.0,7.0,0.5,0.06,1044,1301
E 52ND AVE & VICTORIA DR,49.22262,-123.065831,secondary_arterial,0,0,2,2.8,2.5,3.0,0.0,7.0,0.5,0.06,1045,1302
E 54TH AVE & STIRLING ST,49.220211,-123.060678,collector,0,0,2,1.6,1.2,1.7,0.0,4.0,0.5,0.119,1046,1705
E 58TH AVE & FRASER ST,49.217401,-123.090969,secondary_arterial,0,0,2,2.8,2.5,3.0,0.0,7.0,0.5,0.06,1047,1304
E 61ST AVE & INVERNESS ST,49.214663,-123.080164,local,0,0,2,1.0,0.4,0.9,0.0,3.0,0.5,0.278,1048,2278
E 61ST AVE & ROSS ST,49.21467,-123.083156,local,0,0,2,1.0,0.4,0.9,0.0,3.0,0.5,0.278,1049,2279
E 62ND AVE & WINDSOR ST,49.213824,-123.085695,local,0,0,2,1.0,0.4,0.9,0.0,3.0,0.5,0.278,1050,2280
E 63RD AVE & WINDSOR ST,49.212914,-123.085702,local,0,0,2,1.0,0.4,0.9,0.0,3.0,0.5,0.278,1051,2281
E 6TH AVE & GUELPH ST,49.265267,-123.094878,local,0,0,2,1.0,0.4,0.9,0.0,3.0,0.5,0.278,1052,2282
E 6TH AVE & ST GEORGE ST,49.265257,-123.092981,local,0,0,2,1.0,0.4,0.9,0.0,3.0,0.5,0.278,1053,2283
E 8TH AVE & PENTICTON ST,49.262956,-123.052207,local,0,0,2,1.0,0.4,0.9,0.0,3.0,0.5,0.278,1054,2284
E 8TH AVE & ST GEORGE ST,49.263455,-123.09299,local,0,0,2,1.0,0.4,0.9,0.0,3.0,0.5,0.278,1055,2285
E 8TH AVE & WOODLAND DR,49.263289,-123.073631,local,0,0,2,1.0,0.4,0.9,0.0,3.0,0.5,0.278,1056,2286
E GEORGIA ST & PENTICTON ST,49.278286,-123.051999,local,0,0,2,1.0,0.4,0.9,0.0,3.0,0.5,0.278,1057,2287
E GEORGIA ST & SLOCAN ST,49.278278,-123.04934,local,0,0,2,1.0,0.4,0.9,0.0,3.0,0.5,0.278,1058,2288
E PENDER ST & HAWKS AVE,49.280157,-123.087211,local,0,0,2,1.0,0.4,0.9,0.0,3.0,0.5,0.278,1059,2289
E PENDER ST & HEATLEY AVE,49.280208,-123.08957,local,0,0,2,1.0,0.4,0.9,0.0,3.0,0.5,0.278,1060,2290
E PENDER ST & KOOTENAY ST,49.280207,-123.025733,local,0,0,2,1.0,0.4,0.9,0.0,3.0,0.5,0.278,1061,2291
EUCLID AVE & TYNE ST,49.235177,-123.030455,local,0,0,2,1.0,0.4,0.9,0.0,3.0,0.5,0.278,1062,2292
FRANKLIN ST & LAKEWOOD DR,49.282105,-123.061682,local,0,0,2,1.0,0.4,0.9,0.0,3.0,0.5,0.278,1063,2293
FRANKLIN ST & SALSBURY DR,49.282162,-123.068276,local,0,0,2,1.0,0.4,0.9,0.0,3.0,0.5,0.278,1064,2294
FRANKLIN ST & SKEENA ST,49.282061,-123.028319,local,0,0,2,1.0,0.4,0.9,0.0,3.0,0.5,0.278,1065,2295
FRANKLIN ST & SLOCAN ST,49.282066,-123.04933,local,0,0,2,1.0,0.4,0.9,0.0,3.0,0.5,0.278,1066,2296
FRENCH ST & W 71ST AVE,49.207049,-123.139264,local,0,0,2,1.0,0.4,0.9,0.0,3.0,0.5,0.278,1067,2297
GRANT ST & LILLOOET ST,49.271347,-123.038929,local,0,0,2,1.0,0.4,0.9,0.0,3.0,0.5,0.278,1068,2298
GRAVELEY ST & MCLEAN DR,49.270547,-123.075403,local,0,0,2,1.0,0.4,0.9,0.0,3.0,0.5,0.278,1069,2299
GRAVELEY ST & WOODLAND DR,49.270529,-123.073463,local,0,0,2,1.0,0.4,0.9,0.0,3.0,0.5,0.278,1070,2300
HARO ST & NICOLA ST,49.287957,-123.13219,local,0,0,2,1.0,0.4,0.9,0.0,3.0,0.5,0.278,1071,2301
HAROLD ST & SCHOOL AVE,49.232457,-123.035984,local,0,0,2,1.0,0.4,0.9,0.0,3.0,0.5,0.278,1072,2302
HEATHER ST & W 39TH AVE,49.235559,-123.12086,local,0,0,2,1.0,0.4,0.9,0.0,3.0,0.5,0.278,1073,2303
HEATHER ST & W 69TH AVE,49.209279,-123.124185,local,0,0,2,1.0,0.4,0.9,0.0,3.0,0.5,0.278,1074,2304
HUDSON ST & W 46TH AVE,49.229518,-123.134999,local,0,0,2,1.0,0.4,0.9,0.0,3.0,0.5,0.278,1075,2305
HUDSON ST & W 67TH AVE,49.210798,-123.134315,local,0,0,2,1.0,0.4,0.9,0.0,3.0,0.5,0.278,1076,2306
JASPER CRES & VICTORIA DR,49.217161,-123.065956,secondary_arterial,0,0,2,2.8,2.5,3.0,0.0,7.0,0.5,0.06,1077,1307
KASLO ST & PARKER ST,49.275778,-123.046843,local,0,0,2,1.0,0.4,0.9,0.0,3.0,0.5,0.278,1078,2307
LAUREL ST & W 16TH AVE,49.257069,-123.124384,secondary_arterial,0,0,2,2.8,2.5,3.0,0.0,7.0,0.5,0.06,1079,1308
MAPLE ST & W 45TH AVE,49.230813,-123.152185,local,0,0,2,1.0,0.4,0.9,0.0,3.0,0.5,0.278,1080,2310
MARGUERITE ST & W 33RD AVE,49.241966,-123.144122,collector,0,0,2,1.6,1.2,1.7,0.0,4.0,0.5,0.119,1081,1714
MARSTRAND AVE & VINE ST,49.262476,-123.157687,local,0,0,2,1.0,0.4,0.9,0.0,3.0,0.5,0.278,1082,2311
MONS DR & WORTHINGTON DR,49.254029,-123.029301,local,0,0,2,1.0,0.4,0.9,0.0,3.0,0.5,0.278,1083,2312
MONTCALM ST & W 71ST AVE,49.207001,-123.136199,local,0,0,2,1.0,0.4,0.9,0.0,3.0,0.5,0.278,1084,2313
OSLER ST & W 72ND AVE,49.205656,-123.131727,local,0,0,2,1.0,0.4,0.9,0.0,3.0,0.5,0.278,1085,2314
PINE ST & W 11TH AVE,49.261764,-123.143452,local,0,0,2,1.0,0.4,0.9,0.0,3.0,0.5,0.278,1086,2315
PINE ST & W 1ST AVE,49.270628,-123.143129,local,0,0,2,1.0,0.4,0.9,0.0,3.0,0.5,0.278,1087,2316
PRINCESS AVE & UNION ST,49.277514,-123.091647,local,0,0,2,1.0,0.4,0.9,0.0,3.0,0.5,0.278,1088,2318
SELKIRK ST & W 67TH AVE,49.210767,-123.132935,local,0,0,2,1.0,0.4,0.9,0.0,3.0,0.5,0.278,1089,2321
SELKIRK ST & W 72ND AVE,49.205683,-123.133389,local,0,0,2,1.0,0.4,0.9,0.0,3.0,0.5,0.278,1090,2322
SLOCAN ST & TRIUMPH ST,49.283887,-123.049323,local,0,0,2,1.0,0.4,0.9,0.0,3.0,0.5,0.278,1091,2323
TRAFALGAR ST & W 3RD AVE,49.269194,-123.164516,local,0,0,2,1.0,0.4,0.9,0.0,3.0,0.5,0.278,1092,2324
TUPPER ST & W 19TH AVE,49.254204,-123.116,local,0,0,2,1.0,0.4,0.9,0.0,3.0,0.5,0.278,1093,2325
VICTORIA DR & WILLIAM ST,49.273842,-123.065675,collector,0,0,2,1.6,1.2,1.7,0.0,4.0,0.5,0.119,1094,1719
VINE ST & W 45TH AVE,49.230935,-123.160071,local,0,0,2,1.0,0.4,0.9,0.0,3.0,0.5,0.278,1095,2326
W 11TH AVE & YUKON ST,49.261293,-123.11297,local,0,0,2,1.0,0.4,0.9,0.0,3.0,0.5,0.278,1096,2327
W 17TH AVE & YUKON ST,49.255798,-123.112533,local,0,0,2,1.0,0.4,0.9,0.0,3.0,0.5,0.278,1097,2328
W 18TH AVE & YUKON ST,49.254815,-123.112581,local,0,0,2,1.0,0.4,0.9,0.0,3.0,0.5,0.278,1098,2329
W 37TH AVE & YEW ST,49.238343,-123.158396,local,0,0,2,1.0,0.4,0.9,0.0,3.0,0.5,0.278,1099,2331
W 43RD AVE & YEW ST,49.232758,-123.158563,local,0,0,2,1.0,0.4,0.9,0.0,3.0,0.5,0.278,1100,2332
W 47TH AVE & YEW ST,49.229061,-123.158732,local,0,0,2,1.0,0.4,0.9,0.0,3.0,0.5,0.278,1101,2333
W 7TH AVE & YEW ST,49.265618,-123.155235,local,0,0,2,1.0,0.4,0.9,0.0,3.0,0.5,0.278,1102,2334
W KENT AVE N & YUKON ST,49.206434,-123.115307,secondary_arterial,0,0,2,2.8,2.5,3.0,0.0,7.0,0.5,0.06,1103,1310
YEW ST & YORK AVE,49.271688,-123.155011,local,0,0,2,1.0,0.4,0.9,0.0,3.0,0.5,0.278,1104,2335
ALDER ST & LECOLE BILINGUE ELEMENTARY SCHOOL ACCESS & W 14TH AVE,49.25879,-123.131387,local,0,0,3,1.0,0.6,1.0,0.0,3.0,0.4,0.22,1105,2146
BALDWIN ST & E 30TH AVE & E 32ND AVE,49.241518,-123.06014,local,0,0,3,1.0,0.6,1.0,0.0,3.0,0.4,0.22,1106,2151
BRIDGEWAY & MCGILL ST,49.288026,-123.033563,local,0,1,2,2.0,1.8,2.1,0.0,5.0,0.4,0.084,1107,1558
CORNWALL AVE & WALNUT ST,49.272494,-123.148977,arterial,0,0,2,4.2,4.2,4.6,1.0,9.0,0.4,0.037,1108,1036
DENMAN ST & MORTON AVE & SEE-EM-IA LANE,49.287572,-123.141361,arterial,0,0,3,5.6,5.7,6.1,2.0,11.0,0.4,0.028,1109,849
DINMONT AVE & MANITOBA ST & PEVERIL AVE,49.246555,-123.107876,local,0,0,3,1.0,0.6,1.0,0.0,3.0,0.4,0.22,1110,2166
DUNBAR ST & W 17TH AVE,49.257356,-123.185126,arterial,0,0,2,4.2,4.2,4.6,1.0,9.0,0.4,0.037,1111,1037
E 1ST AVE & MAIN ST,49.270128,-123.100736,arterial,1,0,2,16.8,17.9,18.3,11.0,27.0,0.4,0.009,1112,296
E 20TH AVE & ONTARIO ST & W 20TH AVE,49.252761,-123.104815,local,0,0,3,1.0,0.6,1.0,0.0,3.0,0.4,0.22,1113,2172
E 28TH AVE & ONTARIO ST & W 28TH AVE,49.246059,-123.105144,local,0,0,3,1.0,0.6,1.0,0.0,3.0,0.4,0.22,1114,2176
E 39TH AVE & MAIN ST,49.235421,-123.101622,arterial,0,0,2,4.2,4.2,4.6,1.0,9.0,0.4,0.037,1115,1038
E 41ST AVE & LANARK ST,49.232731,-123.075681,arterial,0,0,2,4.2,4.2,4.6,1.0,9.0,0.4,0.037,1116,1039
E 41ST AVE & PRINCE ALBERT ST,49.232832,-123.087796,arterial,0,0,2,4.2,4.2,4.6,1.0,9.0,0.4,0.037,1117,1040
E 45TH AVE & ONTARIO ST & W 45TH AVE,49.229444,-123.105741,local,0,0,3,1.0,0.6,1.0,0.0,3.0,0.4,0.22,1118,2180
GRANVILLE ST & W 46TH AVE,49.229691,-123.139701,arterial,0,0,2,4.2,4.2,4.6,1.0,9.0,0.4,0.037,1119,1042
HUDSON ST & W 41ST AVE,49.234174,-123.134825,arterial,0,0,2,4.2,4.2,4.6,1.0,9.0,0.4,0.037,1120,1044
MAPLE ST & W 4TH AVE,49.268081,-123.150389,arterial,1,0,2,16.8,17.9,18.3,11.0,27.0,0.4,0.009,1121,297
NANAIMO ST & SE MARINE DR,49.207506,-123.059545,arterial,0,0,2,4.2,4.2,4.6,1.0,9.0,0.4,0.037,1122,1045
ROSEMARY BROWN LANE & THURLOW ST,49.284241,-123.125388,arterial,0,0,2,4.2,4.2,4.6,1.0,9.0,0.4,0.037,1123,1046
W KING EDWARD AVE & WILLOW ST,49.249124,-123.12232,arterial,0,0,2,4.2,4.2,4.6,1.0,9.0,0.4,0.037,1124,1047
ADERA ST & W 68TH AVE,49.210559,-123.143661,local,0,0,2,0.8,0.4,0.7,0.0,3.0,0.3,0.278,1125,2409
ALEXANDRA ST & W 26TH AVE,49.248364,-123.141515,local,0,0,2,0.8,0.4,0.7,0.0,3.0,0.3,0.278,1126,2410
ALEXANDRA ST & W 28TH AVE,49.246533,-123.141601,local,0,0,2,0.8,0.4,0.7,0.0,3.0,0.3,0.278,1127,2411
ARBUTUS ST & CREELMAN AVE,49.274533,-123.152523,local,0,0,2,0.8,0.4,0.7,0.0,3.0,0.3,0.278,1128,2414
ARGYLE ST & E 60TH AVE,49.215422,-123.072013,collector,0,0,2,1.4,1.2,1.5,0.0,4.0,0.3,0.119,1129,1771
ASH ST & W 39TH AVE,49.235451,-123.117805,local,0,0,2,0.8,0.4,0.7,0.0,3.0,0.3,0.278,1130,2415
BALACLAVA ST & W 3RD AVE,49.269336,-123.173771,local,0,0,2,0.8,0.4,0.7,0.0,3.0,0.3,0.278,1131,2416
BALACLAVA ST & W 5TH AVE,49.267555,-123.17387,local,0,0,2,0.8,0.4,0.7,0.0,3.0,0.3,0.278,1132,2417
BALSAM ST & W 8TH AVE,49.264841,-123.159985,local,0,0,2,0.8,0.4,0.7,0.0,3.0,0.3,0.278,1133,2418
BARNARD ST & W 75TH AVE,49.205836,-123.145848,local,0,0,2,0.8,0.4,0.7,0.0,3.0,0.3,0.278,1134,2419
BAYSWATER ST & W 3RD AVE,49.269292,-123.171051,local,0,0,2,0.8,0.4,0.7,0.0,3.0,0.3,0.278,1135,2420
BEATRICE ST & E 55TH AVE,49.220334,-123.067197,local,0,0,2,0.8,0.4,0.7,0.0,3.0,0.3,0.278,1136,2422
BIDWELL ST & HARO ST,49.289762,-123.134926,local,0,0,2,0.8,0.4,0.7,0.0,3.0,0.3,0.278,1137,2423
BIDWELL ST & JEPSON-YOUNG LANE,49.287285,-123.138638,local,0,0,2,0.8,0.4,0.7,0.0,3.0,0.3,0.278,1138,2424
BLAKE ST & CHAMPLAIN CRES,49.216675,-123.031151,collector,0,0,2,1.4,1.2,1.5,0.0,4.0,0.3,0.119,1139,1775
BLENHEIM ST & W 20TH AVE,49.254644,-123.178549,collector,0,0,2,1.4,1.2,1.5,0.0,4.0,0.3,0.119,1140,1777
BROUGHTON ST & PENDRELL ST,49.284406,-123.135239,local,0,0,2,0.8,0.4,0.7,0.0,3.0,0.3,0.278,1141,2429
BRUNSWICK ST & E 8TH AVE,49.263633,-123.09699,local,0,0,2,0.8,0.4,0.7,0.0,3.0,0.3,0.278,1142,2430
BURNABY ST & BUTE ST,49.281071,-123.134457,local,0,0,2,0.8,0.4,0.7,0.0,3.0,0.3,0.278,1143,2431
BURRARD ST & W 14TH AVE,49.259051,-123.145937,secondary_arterial,0,0,2,2.6,2.5,2.8,0.0,6.0,0.3,0.06,1144,1346
BUTE ST & PANTAGES LANE,49.281425,-123.133919,local,0,0,2,0.8,0.4,0.7,0.0,3.0,0.3,0.278,1145,2432
BUTE ST & PENDRELL ST,49.282527,-123.132325,local,0,0,2,0.8,0.4,0.7,0.0,3.0,0.3,0.278,1146,2433
CAMOSUN ST & W 12TH AVE,49.261843,-123.196999,local,0,0,2,0.8,0.4,0.7,0.0,3.0,0.3,0.278,1147,2434
CAMOSUN ST & W 28TH AVE,49.24717,-123.196746,local,0,0,2,0.8,0.4,0.7,0.0,3.0,0.3,0.278,1148,2435
CAMPBELL AVE & E GEORGIA ST,49.278299,-123.084919,local,0,0,2,0.8,0.4,0.7,0.0,3.0,0.3,0.278,1149,2436
CAMPBELL AVE & KEEFER ST,49.279203,-123.08488,local,0,0,2,0.8,0.4,0.7,0.0,3.0,0.3,0.278,1150,2437
CARDERO ST & PENDRELL ST,49.285932,-123.137571,local,0,0,2,0.8,0.4,0.7,0.0,3.0,0.3,0.278,1151,2438
CARDERO ST & SEE-EM-IA LANE,49.285584,-123.13811,local,0,0,2,0.8,0.4,0.7,0.0,3.0,0.3,0.278,1152,2439
CARTIER ST & DOGWOOD AVE,49.223474,-123.137585,local,0,0,2,0.8,0.4,0.7,0.0,3.0,0.3,0.278,1153,2440
CARTIER ST & W 62ND AVE,49.214998,-123.13761,local,0,0,2,0.8,0.4,0.7,0.0,3.0,0.3,0.278,1154,2441
CARTIER ST & W 64TH AVE,49.213113,-123.137651,local,0,0,2,0.8,0.4,0.7,0.0,3.0,0.3,0.278,1155,2442
CASSIAR ST & E 5TH AVE,49.265644,-123.031003,local,0,0,2,0.8,0.4,0.7,0.0,3.0,0.3,0.278,1156,2443
CHARLES ST & SALSBURY DR,49.273027,-123.067623,local,0,0,2,0.8,0.4,0.7,0.0,3.0,0.3,0.278,1157,2444
CHARLES ST & WOODLAND DR,49.273046,-123.073434,local,0,0,2,0.8,0.4,0.7,0.0,3.0,0.3,0.278,1158,2445
CHESTER ST & E 35TH AVE,49.238312,-123.089192,local,0,0,2,0.8,0.4,0.7,0.0,3.0,0.3,0.278,1159,2446
CITADEL PARADE & REGIMENT SQ,49.278958,-123.11084,local,0,0,2,0.8,0.4,0.7,0.0,3.0,0.3,0.278,1160,2447
COLUMBIA ST & W 13TH AVE,49.259397,-123.109606,local,0,0,2,0.8,0.4,0.7,0.0,3.0,0.3,0.278,1161,2448
COLUMBIA ST & W 48TH AVE,49.226851,-123.110771,local,0,0,2,0.8,0.4,0.7,0.0,3.0,0.3,0.278,1162,2449
COMMERCIAL ST & E 32ND AVE,49.241554,-123.068006,local,0,0,2,0.8,0.4,0.7,0.0,3.0,0.3,0.278,1163,2450
COMMERCIAL ST & E 36TH AVE,49.237551,-123.068598,local,0,0,2,0.8,0.4,0.7,0.0,3.0,0.3,0.278,1164,2451
COMMERCIAL ST & E 43RD AVE,49.230535,-123.068781,local,0,0,2,0.8,0.4,0.7,0.0,3.0,0.3,0.278,1165,2452
COMMISSIONER ST & NEW BRIGHTON RD,49.290852,-123.041402,local,0,0,2,0.8,0.4,0.7,0.0,3.0,0.3,0.278,1166,2453
CORNETT RD & SKEENA ST,49.261181,-123.028505,local,0,0,2,0.8,0.4,0.7,0.0,3.0,0.3,0.278,1167,2454
COTTON DR & WILLIAM ST,49.273964,-123.071492,local,0,0,2,0.8,0.4,0.7,0.0,3.0,0.3,0.278,1168,2455
CROWLEY DR & GASTON ST,49.236631,-123.030641,local,0,0,2,0.8,0.4,0.7,0.0,3.0,0.3,0.278,1169,2456
CROWN ST & W 15TH AVE,49.259022,-123.194094,local,0,0,2,0.8,0.4,0.7,0.0,3.0,0.3,0.278,1170,2457
CROWN ST & W 27TH AVE,49.24811,-123.193624,local,0,0,2,0.8,0.4,0.7,0.0,3.0,0.3,0.278,1171,2458
CULLODEN ST & E 49TH AVE,49.225305,-123.078683,secondary_arterial,0,0,2,2.6,2.5,2.8,0.0,6.0,0.3,0.06,1172,1351
CULLODEN ST & E 53RD AVE,49.221816,-123.078809,local,0,0,2,0.8,0.4,0.7,0.0,3.0,0.3,0.278,1173,2459
DIEPPE DR & NORMANDY DR,49.251507,-123.024627,local,0,0,2,0.8,0.4,0.7,0.0,3.0,0.3,0.278,1174,2460
DISCOVERY ST & W 11TH AVE,49.262807,-123.203047,local,0,0,2,0.8,0.4,0.7,0.0,3.0,0.3,0.278,1175,2461
DUCHESS ST & DUKE ST,49.239952,-123.051938,local,0,0,2,0.8,0.4,0.7,0.0,3.0,0.3,0.278,1176,2462
DUMFRIES ST & E 31ST AVE,49.243022,-123.073547,local,0,0,2,0.8,0.4,0.7,0.0,3.0,0.3,0.278,1177,2463
DUNBAR ST & W 10TH AVE,49.26345,-123.183815,secondary_arterial,0,0,2,2.6,2.5,2.8,0.0,6.0,0.3,0.06,1178,1352
DUNBAR ST & W 49TH AVE,49.227479,-123.185489,local,0,0,2,0.8,0.4,0.7,0.0,3.0,0.3,0.278,1179,2464
E 10TH AVE & QUEBEC ST,49.262036,-123.103,local,0,0,2,0.8,0.4,0.7,0.0,3.0,0.3,0.278,1180,2466
E 10TH AVE & ST CATHERINES ST,49.261478,-123.085273,local,0,0,2,0.8,0.4,0.7,0.0,3.0,0.3,0.278,1181,2467
E 11TH AVE & ST CATHERINES ST,49.260586,-123.08528,local,0,0,2,0.8,0.4,0.7,0.0,3.0,0.3,0.278,1182,2468
E 11TH AVE & WOODLAND DR,49.260495,-123.073688,local,0,0,2,0.8,0.4,0.7,0.0,3.0,0.3,0.278,1183,2469
E 14TH AVE & QUEBEC ST,49.258425,-123.103184,local,0,0,2,0.8,0.4,0.7,0.0,3.0,0.3,0.278,1184,2470
E 14TH AVE & RUPERT ST,49.257235,-123.033787,secondary_arterial,0,0,2,2.6,2.5,2.8,0.0,6.0,0.3,0.06,1185,1353
E 15TH AVE & PRINCE ALBERT ST,49.257079,-123.087318,local,0,0,2,0.8,0.4,0.7,0.0,3.0,0.3,0.278,1186,2471
E 15TH AVE & ST CATHERINES ST,49.257003,-123.085434,local,0,0,2,0.8,0.4,0.7,0.0,3.0,0.3,0.278,1187,2472
E 17TH AVE & PRINCE EDWARD ST,49.255601,-123.096512,local,0,0,2,0.8,0.4,0.7,0.0,3.0,0.3,0.278,1188,2473
E 19TH AVE & PRINCE EDWARD ST,49.253816,-123.096576,local,0,0,2,0.8,0.4,0.7,0.0,3.0,0.3,0.278,1189,2474
E 19TH AVE & QUEBEC ST,49.253723,-123.102825,local,0,0,2,0.8,0.4,0.7,0.0,3.0,0.3,0.278,1190,2475
E 1ST AVE & PULLMAN PORTER ST,49.270183,-123.103712,local,0,0,2,0.8,0.4,0.7,0.0,3.0,0.3,0.278,1191,2476
E 21ST AVE & KASLO ST,49.251504,-123.047067,local,0,0,2,0.8,0.4,0.7,0.0,3.0,0.3,0.278,1192,2477
E 21ST AVE & WINDERMERE ST,49.251486,-123.036595,local,0,0,2,0.8,0.4,0.7,0.0,3.0,0.3,0.278,1193,2478
E 22ND AVE & PENTICTON ST,49.250654,-123.052233,collector,0,0,2,1.4,1.2,1.5,0.0,4.0,0.3,0.119,1194,1786
E 23RD AVE & PRINCE ALBERT ST,49.250071,-123.087739,local,0,0,2,0.8,0.4,0.7,0.0,3.0,0.3,0.278,1195,2480
E 23RD AVE & RENFREW ST,49.249686,-123.044405,local,0,0,2,0.8,0.4,0.7,0.0,3.0,0.3,0.278,1196,2481
E 26TH AVE & PRINCE ALBERT ST,49.247552,-123.087759,local,0,0,2,0.8,0.4,0.7,0.0,3.0,0.3,0.278,1197,2482
E 26TH AVE & SOPHIA ST,49.247552,-123.099123,local,0,0,2,0.8,0.4,0.7,0.0,3.0,0.3,0.278,1198,2483
E 27TH AVE & SIDNEY ST,49.246741,-123.062726,local,0,0,2,0.8,0.4,0.7,0.0,3.0,0.3,0.278,1199,2484
E 27TH AVE & SKEENA ST,49.246196,-123.028542,local,0,0,2,0.8,0.4,0.7,0.0,3.0,0.3,0.278,1200,2485
E 28TH AVE & PRINCE ALBERT ST,49.245486,-123.087806,local,0,0,2,0.8,0.4,0.7,0.0,3.0,0.3,0.278,1201,2486
E 29TH AVE & QUEBEC ST,49.2445,-123.102552,local,0,0,2,0.8,0.4,0.7,0.0,3.0,0.3,0.278,1202,2488
E 29TH AVE & WALDEN ST,49.244447,-123.09994,local,0,0,2,0.8,0.4,0.7,0.0,3.0,0.3,0.278,1203,2490
E 2ND AVE & KAMLOOPS ST,49.268484,-123.054704,local,0,0,2,0.8,0.4,0.7,0.0,3.0,0.3,0.278,1204,2492
E 30TH AVE & PRINCE ALBERT ST,49.243391,-123.087878,local,0,0,2,0.8,0.4,0.7,0.0,3.0,0.3,0.278,1205,2493
E 30TH AVE & SIDNEY ST,49.24375,-123.064524,local,0,0,2,0.8,0.4,0.7,0.0,3.0,0.3,0.278,1206,2494
E 31ST AVE & VICTORIA DR,49.242826,-123.065268,secondary_arterial,0,0,2,2.6,2.5,2.8,0.0,6.0,0.3,0.06,1207,1354
E 37TH AVE & FLEMING ST,49.236781,-123.072773,local,0,0,2,0.8,0.4,0.7,0.0,3.0,0.3,0.278,1208,2495
E 38TH AVE & GLADSTONE ST,49.235928,-123.062124,local,0,0,2,0.8,0.4,0.7,0.0,3.0,0.3,0.278,1209,2496
E 38TH AVE & NANAIMO ST,49.235884,-123.058781,local,0,0,2,0.8,0.4,0.7,0.0,3.0,0.3,0.278,1210,2497
E 38TH AVE & WALES ST,49.235864,-123.051709,local,0,0,2,0.8,0.4,0.7,0.0,3.0,0.3,0.278,1211,2498
E 40TH AVE & GLADSTONE ST,49.233909,-123.062117,local,0,0,2,0.8,0.4,0.7,0.0,3.0,0.3,0.278,1212,2499
E 43RD AVE & RUPERT ST,49.2311,-123.043145,secondary_arterial,0,0,2,2.6,2.5,2.8,0.0,6.0,0.3,0.06,1213,1358
E 43RD AVE & WALES ST,49.23114,-123.051626,local,0,0,2,0.8,0.4,0.7,0.0,3.0,0.3,0.278,1214,2500
E 45TH AVE & JOYCE ST,49.229265,-123.037396,local,0,0,2,0.8,0.4,0.7,0.0,3.0,0.3,0.278,1215,2501
E 46TH AVE & NANAIMO ST,49.22849,-123.059063,local,0,0,2,0.8,0.4,0.7,0.0,3.0,0.3,0.278,1216,2502
E 46TH AVE & ST GEORGE ST,49.228335,-123.094003,local,0,0,2,0.8,0.4,0.7,0.0,3.0,0.3,0.278,1217,2503
E 47TH AVE & KERR ST,49.227716,-123.040916,local,0,0,2,0.8,0.4,0.7,0.0,3.0,0.3,0.278,1218,2504
E 48TH AVE & SOPHIA ST,49.226646,-123.099531,local,0,0,2,0.8,0.4,0.7,0.0,3.0,0.3,0.278,1219,2505
E 49TH AVE & QUEBEC ST,49.225689,-123.103805,secondary_arterial,0,0,2,2.6,2.5,2.8,0.0,6.0,0.3,0.06,1220,1359
E 49TH AVE & SHERBROOKE ST,49.225352,-123.081439,secondary_arterial,0,0,2,2.6,2.5,2.8,0.0,6.0,0.3,0.06,1221,1360
E 49TH AVE & SOPHIA ST,49.225624,-123.099546,secondary_arterial,0,0,2,2.6,2.5,2.8,0.0,6.0,0.3,0.06,1222,1361
E 50TH AVE & FREDERICK ST,49.224533,-123.09199,local,0,0,2,0.8,0.4,0.7,0.0,3.0,0.3,0.278,1223,2506
E 50TH AVE & PRINCE EDWARD ST,49.224638,-123.097542,local,0,0,2,0.8,0.4,0.7,0.0,3.0,0.3,0.278,1224,2507
E 51ST AVE & PRINCE ALBERT ST,49.223532,-123.088069,local,0,0,2,0.8,0.4,0.7,0.0,3.0,0.3,0.278,1225,2509
E 51ST AVE & RALEIGH ST,49.223121,-123.0473,local,0,0,2,0.8,0.4,0.7,0.0,3.0,0.3,0.278,1226,2510
E 52ND AVE & ELLIOTT ST,49.221968,-123.05482,collector,0,0,2,1.4,1.2,1.5,0.0,4.0,0.3,0.119,1227,1790
E 53RD AVE & NANAIMO ST,49.221305,-123.059371,local,0,0,2,0.8,0.4,0.7,0.0,3.0,0.3,0.278,1228,2511
E 54TH AVE & INVERNESS ST,49.220484,-123.080228,local,0,0,2,0.8,0.4,0.7,0.0,3.0,0.3,0.278,1229,2512
E 54TH AVE & RUPERT ST,49.220188,-123.044412,collector,0,0,2,1.4,1.2,1.5,0.0,4.0,0.3,0.119,1230,1791
E 54TH AVE & ST GEORGE ST,49.220912,-123.094206,local,0,0,2,0.8,0.4,0.7,0.0,3.0,0.3,0.278,1231,2513
E 59TH AVE & ST GEORGE ST,49.216581,-123.094193,local,0,0,2,0.8,0.4,0.7,0.0,3.0,0.3,0.278,1232,2516
E 62ND AVE & PRINCE ALBERT ST,49.213886,-123.088029,local,0,0,2,0.8,0.4,0.7,0.0,3.0,0.3,0.278,1233,2517
E 62ND AVE & ROSS ST,49.213825,-123.083147,local,0,0,2,0.8,0.4,0.7,0.0,3.0,0.3,0.278,1234,2518
E 64TH AVE & INVERNESS ST,49.211966,-123.079892,local,0,0,2,0.8,0.4,0.7,0.0,3.0,0.3,0.278,1235,2519
E 7TH AVE & SCOTIA ST,49.264561,-123.098898,local,0,0,2,0.8,0.4,0.7,0.0,3.0,0.3,0.278,1236,2520
E 8TH AVE & WINDERMERE ST,49.262911,-123.036521,local,0,0,2,0.8,0.4,0.7,0.0,3.0,0.3,0.278,1237,2521
E KENT AVE N & RIVER DISTRICT CROSSING,49.205343,-123.031109,local,0,0,2,0.8,0.4,0.7,0.0,3.0,0.3,0.278,1238,2523
E PENDER ST & PENTICTON ST,49.280229,-123.051983,local,0,0,2,0.8,0.4,0.7,0.0,3.0,0.3,0.278,1239,2524
EAST BOULEVARD & W 47TH AVE,49.228977,-123.155208,local,0,0,2,0.8,0.4,0.7,0.0,3.0,0.3,0.278,1240,2525
ETON ST & WALL ST,49.287541,-123.060753,local,0,0,2,0.8,0.4,0.7,0.0,3.0,0.3,0.278,1241,2527
FALAISE AVE & WORTHINGTON DR,49.254765,-123.03053,local,0,0,2,0.8,0.4,0.7,0.0,3.0,0.3,0.278,1242,2528
FRANCES ST & TURNER ST & VICTORIA DR,49.279236,-123.065599,collector,0,0,3,1.8,1.6,1.9,0.0,5.0,0.3,0.09,1243,1634
FRANKLIN ST & KASLO ST,49.28206,-123.04666,local,0,0,2,0.8,0.4,0.7,0.0,3.0,0.3,0.278,1244,2529
FRANKLIN ST & KOOTENAY ST,49.282052,-123.025705,local,0,0,2,0.8,0.4,0.7,0.0,3.0,0.3,0.278,1245,2530
FRANKLIN ST & VERNON DR,49.282291,-123.079161,local,0,0,2,0.8,0.4,0.7,0.0,3.0,0.3,0.278,1246,2531
FRANKLIN ST & WOODLAND DR,49.282209,-123.072638,local,0,0,2,0.8,0.4,0.7,0.0,3.0,0.3,0.278,1247,2532
FREMLIN ST & W 46TH AVE,49.229252,-123.126804,local,0,0,2,0.8,0.4,0.7,0.0,3.0,0.3,0.278,1248,2533
FREMLIN ST & W 71ST AVE,49.206881,-123.127563,local,0,0,2,0.8,0.4,0.7,0.0,3.0,0.3,0.278,1249,2534
FRENCH ST & W 67TH AVE,49.210865,-123.139134,local,0,0,2,0.8,0.4,0.7,0.0,3.0,0.3,0.278,1250,2535
GILFORD ST & ROBSON ST,49.292474,-123.137027,local,0,0,2,0.8,0.4,0.7,0.0,3.0,0.3,0.278,1251,2536
GRANT ST & WINDERMERE ST,49.271344,-123.036423,local,0,0,2,0.8,0.4,0.7,0.0,3.0,0.3,0.278,1252,2537
HEATHER ST & W 30TH AVE,49.244341,-123.120494,local,0,0,2,0.8,0.4,0.7,0.0,3.0,0.3,0.278,1253,2539
HEATHER ST & W 37TH AVE,49.237401,-123.120758,local,0,0,2,0.8,0.4,0.7,0.0,3.0,0.3,0.278,1254,2540
HEATHER ST & W 52ND AVE,49.223858,-123.123657,local,0,0,2,0.8,0.4,0.7,0.0,3.0,0.3,0.278,1255,2541
HEATHER ST & W 59TH AVE,49.217026,-123.123885,local,0,0,2,0.8,0.4,0.7,0.0,3.0,0.3,0.278,1256,2542
HEATHER ST & W 60TH AVE,49.216061,-123.123915,local,0,0,2,0.8,0.4,0.7,0.0,3.0,0.3,0.278,1257,2543
HEATLEY AVE & UNION ST,49.277481,-123.089697,local,0,0,2,0.8,0.4,0.7,0.0,3.0,0.3,0.278,1258,2544
HENSHAW LANE & JERVIS ST,49.284556,-123.132249,local,0,0,2,0.8,0.4,0.7,0.0,3.0,0.3,0.278,1259,2545
HIGHBURY ST & W 11TH AVE,49.262577,-123.187847,local,0,0,2,0.8,0.4,0.7,0.0,3.0,0.3,0.278,1260,2546
HIGHBURY ST & W 3RD AVE,49.269557,-123.187586,local,0,0,2,0.8,0.4,0.7,0.0,3.0,0.3,0.278,1261,2547
HUDSON ST & W 54TH AVE,49.221638,-123.135266,local,0,0,2,0.8,0.4,0.7,0.0,3.0,0.3,0.278,1262,2549
HUDSON ST & W 57TH AVE,49.219269,-123.13404,collector,0,0,2,1.4,1.2,1.5,0.0,4.0,0.3,0.119,1263,1800
HUDSON ST & W 58TH AVE,49.218278,-123.134076,local,0,0,2,0.8,0.4,0.7,0.0,3.0,0.3,0.278,1264,2550
HUDSON ST & W 77TH AVE,49.201054,-123.135397,local,0,0,2,0.8,0.4,0.7,0.0,3.0,0.3,0.278,1265,2551
INDUSTRIAL AVE & STATION ST,49.269881,-123.098082,local,0,0,2,0.8,0.4,0.7,0.0,3.0,0.3,0.278,1266,2552
JERVIS ST & STOVOLD LANE,49.285952,-123.130106,local,0,0,2,0.8,0.4,0.7,0.0,3.0,0.3,0.278,1267,2553
KASLO ST & TURNER ST,49.279097,-123.046707,local,0,0,2,0.8,0.4,0.7,0.0,3.0,0.3,0.278,1268,2554
KASLO ST & VENABLES ST,49.276644,-123.046785,local,0,0,2,0.8,0.4,0.7,0.0,3.0,0.3,0.278,1269,2555
KINROSS ST & RIVERWALK AVE,49.205379,-123.036747,local,0,0,2,0.8,0.4,0.7,0.0,3.0,0.3,0.278,1270,2556
LAKEWOOD DR & TRIUMPH ST,49.283919,-123.06165,local,0,0,2,0.8,0.4,0.7,0.0,3.0,0.3,0.278,1271,2557
LARCH ST & W 37TH AVE,49.23842,-123.162606,collector,0,0,2,1.4,1.2,1.5,0.0,4.0,0.3,0.119,1272,1803
LARCH ST & W 3RD AVE,49.269161,-123.162234,local,0,0,2,0.8,0.4,0.7,0.0,3.0,0.3,0.278,1273,2560
LARCH ST & W 45TH AVE,49.230988,-123.162893,local,0,0,2,0.8,0.4,0.7,0.0,3.0,0.3,0.278,1274,2561
LARCH ST & W 6TH AVE,49.266549,-123.162328,local,0,0,2,0.8,0.4,0.7,0.0,3.0,0.3,0.278,1275,2562
LAUREL ST & W 67TH AVE,49.210662,-123.126022,local,0,0,2,0.8,0.4,0.7,0.0,3.0,0.3,0.278,1276,2563
LILLOOET ST & VENABLES ST,49.276432,-123.038883,local,0,0,2,0.8,0.4,0.7,0.0,3.0,0.3,0.278,1277,2564
MACDONALD ST & W 15TH AVE,49.258663,-123.168313,secondary_arterial,0,0,2,2.6,2.5,2.8,0.0,6.0,0.3,0.06,1278,1366
MANITOBA ST & W 19TH AVE,49.253799,-123.107232,local,0,0,2,0.8,0.4,0.7,0.0,3.0,0.3,0.278,1279,2566
MANITOBA ST & W 59TH AVE,49.21686,-123.109798,local,0,0,2,0.8,0.4,0.7,0.0,3.0,0.3,0.278,1280,2567
MAPLE ST & W 47TH AVE,49.228948,-123.15226,local,0,0,2,0.8,0.4,0.7,0.0,3.0,0.3,0.278,1281,2568
MAPLE ST & W 5TH AVE,49.267216,-123.150419,local,0,0,2,0.8,0.4,0.7,0.0,3.0,0.3,0.278,1282,2569
MAPLE ST & W 8TH AVE,49.26471,-123.150515,local,0,0,2,0.8,0.4,0.7,0.0,3.0,0.3,0.278,1283,2570
MAPLE ST & YORK AVE,49.271612,-123.150292,local,0,0,2,0.8,0.4,0.7,0.0,3.0,0.3,0.278,1284,2571
MARINER WALK & W 2ND AVE,49.269715,-123.139137,local,0,0,2,0.8,0.4,0.7,0.0,3.0,0.3,0.278,1285,2573
MCGEER ST & WELLINGTON AVE,49.240815,-123.032031,local,0,0,2,0.8,0.4,0.7,0.0,3.0,0.3,0.278,1286,2574
NAPIER ST & SALSBURY DR,49.274853,-123.067585,local,0,0,2,0.8,0.4,0.7,0.0,3.0,0.3,0.278,1287,2575
NATIONAL AVE & THORNTON ST,49.27359,-123.092703,local,0,0,2,0.8,0.4,0.7,0.0,3.0,0.3,0.278,1288,2576
OAK ST & W 74TH AVE,49.204064,-123.130398,local,0,0,2,0.8,0.4,0.7,0.0,3.0,0.3,0.278,1289,2578
ODLUM DR & PARKER ST,49.275834,-123.075876,local,0,0,2,0.8,0.4,0.7,0.0,3.0,0.3,0.278,1290,2579
PANDORA ST & SLOCAN ST,49.28298,-123.04933,local,0,0,2,0.8,0.4,0.7,0.0,3.0,0.3,0.278,1291,2580
PENTICTON ST & TURNER ST,49.279101,-123.051991,local,0,0,2,0.8,0.4,0.7,0.0,3.0,0.3,0.278,1292,2581
PINE ST & W 8TH AVE,49.264582,-123.143343,local,0,0,2,0.8,0.4,0.7,0.0,3.0,0.3,0.278,1293,2582
POINT GREY RD & WALLACE ST,49.271603,-123.189475,local,0,0,2,0.8,0.4,0.7,0.0,3.0,0.3,0.278,1294,2583
REDBUD LANE & VINE ST,49.261575,-123.157715,local,0,0,2,0.8,0.4,0.7,0.0,3.0,0.3,0.278,1295,2584
SALSBURY DR & WILLIAM ST,49.273935,-123.067604,local,0,0,2,0.8,0.4,0.7,0.0,3.0,0.3,0.278,1296,2585
SCHOOL AVE & WESSEX ST,49.232109,-123.035107,local,0,0,2,0.8,0.4,0.7,0.0,3.0,0.3,0.278,1297,2586
SELKIRK ST & W 64TH AVE,49.213031,-123.13286,local,0,0,2,0.8,0.4,0.7,0.0,3.0,0.3,0.278,1298,2587
SHAUGHNESSY ST & W 67TH AVE,49.210709,-123.128784,local,0,0,2,0.8,0.4,0.7,0.0,3.0,0.3,0.278,1299,2588
SHAUGHNESSY ST & W KENT AVE S,49.203608,-123.12743,local,0,0,2,0.8,0.4,0.7,0.0,3.0,0.3,0.278,1300,2589
SKEENA ST & WILLIAM ST,49.274101,-123.0284,local,0,0,2,0.8,0.4,0.7,0.0,3.0,0.3,0.278,1301,2590
SLOCAN ST & VENABLES ST,49.276635,-123.049353,local,0,0,2,0.8,0.4,0.7,0.0,3.0,0.3,0.278,1302,2591
STEPHENS ST & W 10TH AVE,49.263197,-123.166288,local,0,0,2,0.8,0.4,0.7,0.0,3.0,0.3,0.278,1303,2592
TEMPLETON DR & TRIUMPH ST,49.283914,-123.059712,local,0,0,2,0.8,0.4,0.7,0.0,3.0,0.3,0.278,1304,2593
TISDALL ST & W 48TH AVE,49.227258,-123.121758,local,0,0,2,0.8,0.4,0.7,0.0,3.0,0.3,0.278,1305,2594
TRAFALGAR ST & W 37TH AVE,49.238495,-123.165765,local,0,0,2,0.8,0.4,0.7,0.0,3.0,0.3,0.278,1306,2595
TRAFALGAR ST & W 39TH AVE,49.236612,-123.165826,local,0,0,2,0.8,0.4,0.7,0.0,3.0,0.3,0.278,1307,2596
TRAFALGAR ST & W 5TH AVE,49.267431,-123.164552,local,0,0,2,0.8,0.4,0.7,0.0,3.0,0.3,0.278,1308,2597
TRAFALGAR ST & YORK AVE,49.271878,-123.164411,local,0,0,2,0.8,0.4,0.7,0.0,3.0,0.3,0.278,1309,2598
TUPPER ST & W 24TH AVE,49.250028,-123.116209,local,0,0,2,0.8,0.4,0.7,0.0,3.0,0.3,0.278,1310,2599
VENABLES ST & WOODLAND DR,49.276714,-123.073338,secondary_arterial,0,0,2,2.6,2.5,2.8,0.0,6.0,0.3,0.06,1311,1367
VINE ST & W 13TH AVE,49.260154,-123.157788,local,0,0,2,0.8,0.4,0.7,0.0,3.0,0.3,0.278,1312,2600
VINE ST & YORK AVE,49.271725,-123.157388,local,0,0,2,0.8,0.4,0.7,0.0,3.0,0.3,0.278,1313,2601
W 13TH AVE & WILLOW ST,49.259553,-123.121988,local,0,0,2,0.8,0.4,0.7,0.0,3.0,0.3,0.278,1314,2602
W 18TH AVE & WALLACE ST,49.256498,-123.190798,local,0,0,2,0.8,0.4,0.7,0.0,3.0,0.3,0.278,1315,2603
W 20TH AVE & YUKON ST,49.252898,-123.11267,local,0,0,2,0.8,0.4,0.7,0.0,3.0,0.3,0.278,1316,2604
W 26TH AVE & YUKON ST,49.247879,-123.112236,local,0,0,2,0.8,0.4,0.7,0.0,3.0,0.3,0.278,1317,2605
W 38TH AVE & WILLOW ST,49.236617,-123.12377,local,0,0,2,0.8,0.4,0.7,0.0,3.0,0.3,0.278,1318,2606
W 39TH AVE & WILLOW ST,49.23566,-123.123792,local,0,0,2,0.8,0.4,0.7,0.0,3.0,0.3,0.278,1319,2607
W 63RD AVE & YUKON ST,49.213171,-123.114638,local,0,0,2,0.8,0.4,0.7,0.0,3.0,0.3,0.278,1320,2608
W 6TH AVE & YEW ST,49.266443,-123.155202,local,0,0,2,0.8,0.4,0.7,0.0,3.0,0.3,0.278,1321,2609
ADANAC ST & NOOTKA ST,49.277451,-123.041429,local,0,0,2,0.6,0.4,0.6,0.0,2.0,0.2,0.278,1322,2612
ADANAC ST & PENTICTON ST,49.277471,-123.052013,local,0,0,2,0.6,0.4,0.6,0.0,2.0,0.2,0.278,1323,2613
ADANAC ST & TEMPLETON DR,49.27748,-123.059815,local,0,0,2,0.6,0.4,0.6,0.0,2.0,0.2,0.278,1324,2614
ADANAC ST & WINDERMERE ST,49.27746,-123.036234,local,0,0,2,0.6,0.4,0.6,0.0,2.0,0.2,0.278,1325,2615
ADERA ST & W 63RD AVE,49.214061,-123.143483,local,0,0,2,0.6,0.4,0.6,0.0,2.0,0.2,0.278,1326,2616
ALAMEIN AVE & TRAFALGAR ST,49.250061,-123.165284,local,0,0,2,0.6,0.4,0.6,0.0,2.0,0.2,0.278,1327,2617
ALBERTA ST & W 13TH AVE,49.259366,-123.111084,local,0,0,2,0.6,0.4,0.6,0.0,2.0,0.2,0.278,1328,2618
ALBERTA ST & W 39TH AVE,49.235296,-123.113355,local,0,0,2,0.6,0.4,0.6,0.0,2.0,0.2,0.278,1329,2619
ALBERTA ST & W 44TH AVE,49.230627,-123.112977,local,0,0,2,0.6,0.4,0.6,0.0,2.0,0.2,0.278,1330,2620
ALBERTA ST & W 45TH AVE,49.229702,-123.11302,local,0,0,2,0.6,0.4,0.6,0.0,2.0,0.2,0.278,1331,2621
ALBERTA ST & W 46TH AVE,49.228696,-123.113013,local,0,0,2,0.6,0.4,0.6,0.0,2.0,0.2,0.278,1332,2622
ALEXANDER ST & PRINCESS AVE & RAILWAY ST,49.283944,-123.091363,local,0,0,3,0.8,0.6,0.8,0.0,3.0,0.2,0.22,1333,2338
ALMA ST & W 14TH AVE,49.259846,-123.186021,local,0,0,2,0.6,0.4,0.6,0.0,2.0,0.2,0.278,1334,2623
ALMA ST & W 27TH AVE,49.24808,-123.186741,local,0,0,2,0.6,0.4,0.6,0.0,2.0,0.2,0.278,1335,2624
ANGUS DR & W 59TH AVE,49.217746,-123.148313,local,0,0,2,0.6,0.4,0.6,0.0,2.0,0.2,0.278,1336,2626
ANGUS DR & W 75TH AVE,49.207489,-123.149341,local,0,0,2,0.6,0.4,0.6,0.0,2.0,0.2,0.278,1337,2627
ARBUTUS ST & W 59TH AVE,49.218124,-123.154569,local,0,0,2,0.6,0.4,0.6,0.0,2.0,0.2,0.278,1338,2630
ARGYLE ST & E 39TH AVE,49.234731,-123.07145,local,0,0,2,0.6,0.4,0.6,0.0,2.0,0.2,0.278,1339,2631
ARGYLE ST & E 43RD AVE,49.230568,-123.071572,local,0,0,2,0.6,0.4,0.6,0.0,2.0,0.2,0.278,1340,2632
ARGYLE ST & E 56TH AVE,49.218994,-123.072037,local,0,0,2,0.6,0.4,0.6,0.0,2.0,0.2,0.278,1341,2633
ASH ST & W 17TH AVE,49.256069,-123.118159,local,0,0,2,0.6,0.4,0.6,0.0,2.0,0.2,0.278,1342,2634
ASH ST & W 61ST AVE,49.21509,-123.120121,local,0,0,2,0.6,0.4,0.6,0.0,2.0,0.2,0.278,1343,2635
ASH ST & W 62ND AVE,49.214202,-123.120125,local,0,0,2,0.6,0.4,0.6,0.0,2.0,0.2,0.278,1344,2636
ASH ST & W KENT AVE S,49.205475,-123.119074,local,0,0,2,0.6,0.4,0.6,0.0,2.0,0.2,0.278,1345,2637
ATHLETES WAY & MANITOBA ST,49.271542,-123.106634,local,0,0,2,0.6,0.4,0.6,0.0,2.0,0.2,0.278,1346,2638
ATHLETES WAY & ONTARIO ST,49.271506,-123.104592,local,0,0,2,0.6,0.4,0.6,0.0,2.0,0.2,0.278,1347,2639
ATHLETES WAY & SALT ST,49.271532,-123.106062,local,0,0,2,0.6,0.4,0.6,0.0,2.0,0.2,0.278,1348,2640
ATLAS LANE & GRANVILLE ST & W 55TH AVE,49.220813,-123.140059,arterial,0,0,3,5.4,5.7,5.9,2.0,11.0,0.2,0.028,1349,870
BALACLAVA ST & W 15TH AVE,49.258751,-123.174155,local,0,0,2,0.6,0.4,0.6,0.0,2.0,0.2,0.278,1350,2642
BALACLAVA ST & W 2ND AVE,49.270246,-123.173743,local,0,0,2,0.6,0.4,0.6,0.0,2.0,0.2,0.278,1351,2643
BALACLAVA ST & W 34TH AVE,49.241379,-123.175758,local,0,0,2,0.6,0.4,0.6,0.0,2.0,0.2,0.278,1352,2644
BALMORAL ST & E 55TH AVE,49.220334,-123.068454,local,0,0,2,0.6,0.4,0.6,0.0,2.0,0.2,0.278,1353,2645
BALSAM ST & W 5TH AVE,49.267381,-123.159905,local,0,0,2,0.6,0.4,0.6,0.0,2.0,0.2,0.278,1354,2646
BARCLAY ST & CARDERO ST,49.288018,-123.13437,local,0,0,2,0.6,0.4,0.6,0.0,2.0,0.2,0.278,1355,2647
BATTISON ST & E 43RD AVE,49.230826,-123.03059,local,0,0,2,0.6,0.4,0.6,0.0,2.0,0.2,0.278,1356,2648
BEACH AVE & BURRARD ST,49.276011,-123.133776,arterial,0,0,2,4.0,4.2,4.4,1.0,9.0,0.2,0.037,1357,1066
BEACH CRES & HOMER MEWS & HOMER ST,49.271597,-123.126866,local,0,0,3,0.8,0.6,0.8,0.0,3.0,0.2,0.22,1358,2344
BELMONT AVE & TOLMIE ST,49.273736,-123.211767,local,0,0,2,0.6,0.4,0.6,0.0,2.0,0.2,0.278,1359,2652
BIDWELL ST & ROSEMARY BROWN LANE,49.290093,-123.134434,local,0,0,2,0.6,0.4,0.6,0.0,2.0,0.2,0.278,1360,2653
BIRCH ST & W 10TH AVE,49.262555,-123.133753,local,0,0,2,0.6,0.4,0.6,0.0,2.0,0.2,0.278,1361,2654
BLENHEIM ST & W 8TH AVE,49.26511,-123.177793,local,0,0,2,0.6,0.4,0.6,0.0,2.0,0.2,0.278,1362,2657
BROUGHTON ST & BURNABY ST,49.282982,-123.137393,local,0,0,2,0.6,0.4,0.6,0.0,2.0,0.2,0.278,1363,2661
BROUGHTON ST & PANTAGES LANE,49.283363,-123.136824,local,0,0,2,0.6,0.4,0.6,0.0,2.0,0.2,0.278,1364,2662
BRUCE ST & E 32ND AVE,49.241566,-123.06945,local,0,0,2,0.6,0.4,0.6,0.0,2.0,0.2,0.278,1365,2663
BURNABY ST & NICOLA ST,49.283741,-123.138562,local,0,0,2,0.6,0.4,0.6,0.0,2.0,0.2,0.278,1366,2664
BURRARD ST & MELVILLE ST,49.285153,-123.120017,arterial,0,0,2,4.0,4.2,4.4,1.0,9.0,0.2,0.037,1367,1068
BUTE ST & COMOX ST,49.283195,-123.131246,local,0,0,2,0.6,0.4,0.6,0.0,2.0,0.2,0.278,1368,2665
BUTE ST & JUNG LANE,49.280024,-123.136025,local,0,0,2,0.6,0.4,0.6,0.0,2.0,0.2,0.278,1369,2666
BUTE ST & SEE-EM-IA LANE,49.282148,-123.132811,local,0,0,2,0.6,0.4,0.6,0.0,2.0,0.2,0.278,1370,2667
BUTE ST & STOVOLD LANE,49.284952,-123.128613,local,0,0,2,0.6,0.4,0.6,0.0,2.0,0.2,0.278,1371,2668
CAMBIE ST & W 57TH AVE,49.219058,-123.116784,arterial,1,0,2,16.6,17.9,18.1,10.0,27.0,0.2,0.009,1372,299
CAMPBELL AVE & E PENDER ST,49.280107,-123.084839,local,0,0,2,0.6,0.4,0.6,0.0,2.0,0.2,0.278,1373,2672
CARDERO ST & PANTAGES LANE,49.284884,-123.139193,local,0,0,2,0.6,0.4,0.6,0.0,2.0,0.2,0.278,1374,2673
CARNARVON ST & W 12TH AVE,49.261448,-123.172153,local,0,0,2,0.6,0.4,0.6,0.0,2.0,0.2,0.278,1375,2674
CARNARVON ST & W 37TH AVE,49.238546,-123.17302,local,0,0,2,0.6,0.4,0.6,0.0,2.0,0.2,0.278,1376,2675
CAROLINA ST & E 22ND AVE,49.25104,-123.092053,local,0,0,2,0.6,0.4,0.6,0.0,2.0,0.2,0.278,1377,2676
CAROLINA ST & E 24TH AVE,49.249236,-123.092117,local,0,0,2,0.6,0.4,0.6,0.0,2.0,0.2,0.278,1378,2677
CARTIER ST & W 67TH AVE,49.210839,-123.137736,local,0,0,2,0.6,0.4,0.6,0.0,2.0,0.2,0.278,1379,2679
CARTWRIGHT ST & JOHNSTON ST,49.269513,-123.131869,none,0,0,2,1.4,1.3,1.5,0.0,4.0,0.2,0.11,1380,1782
CEDAR CRES & PINE ST,49.256184,-123.143679,local,0,0,2,0.6,0.4,0.6,0.0,2.0,0.2,0.278,1381,2681
CENTENNIAL RD & ROGERS ST & STEWART ST,49.283348,-123.079981,local,0,0,3,0.8,0.6,0.8,0.0,3.0,0.2,0.22,1382,2353
CHAMBERS ST & E 34TH AVE,49.238882,-123.053005,local,0,0,2,0.6,0.4,0.6,0.0,2.0,0.2,0.278,1383,2682
CHARLES ST & KASLO ST,49.273264,-123.04686,local,0,0,2,0.6,0.4,0.6,0.0,2.0,0.2,0.278,1384,2683
CHARLES ST & LAKEWOOD DR,49.272942,-123.061828,local,0,0,2,0.6,0.4,0.6,0.0,2.0,0.2,0.278,1385,2684
CHARLES ST & ODLUM DR,49.2731,-123.075933,local,0,0,2,0.6,0.4,0.6,0.0,2.0,0.2,0.278,1386,2685
CHARLES ST & RUPERT ST,49.27324,-123.033635,local,0,0,2,0.6,0.4,0.6,0.0,2.0,0.2,0.278,1387,2686
CHESTER ST & E 43RD AVE,49.230981,-123.089228,local,0,0,2,0.6,0.4,0.6,0.0,2.0,0.2,0.278,1388,2687
CHESTER ST & E 45TH AVE,49.229141,-123.089292,local,0,0,2,0.6,0.4,0.6,0.0,2.0,0.2,0.278,1389,2688
CHESTNUT ST & CREELMAN AVE,49.274426,-123.146255,local,0,0,2,0.6,0.4,0.6,0.0,2.0,0.2,0.278,1390,2689
CHESTNUT ST & YORK AVE,49.27155,-123.146401,local,0,0,2,0.6,0.4,0.6,0.0,2.0,0.2,0.278,1391,2690
CHILCO ST & HARO ST,49.292672,-123.139443,local,0,0,2,0.6,0.4,0.6,0.0,2.0,0.2,0.278,1392,2691
CHURCHILL ST & W 43RD AVE,49.232493,-123.141484,local,0,0,2,0.6,0.4,0.6,0.0,2.0,0.2,0.278,1393,2692
CLARK DR & E 23RD AVE,49.249926,-123.078044,local,0,0,2,0.6,0.4,0.6,0.0,2.0,0.2,0.278,1394,2693
CLARK DR & E 7TH AVE,49.264234,-123.077487,arterial,1,0,2,16.6,17.9,18.1,10.0,27.0,0.2,0.009,1395,300
COLLINGWOOD ST & W 27TH AVE,49.248059,-123.18184,local,0,0,2,0.6,0.4,0.6,0.0,2.0,0.2,0.278,1396,2694
COLLINGWOOD ST & W 2ND AVE,49.270348,-123.181644,local,0,0,2,0.6,0.4,0.6,0.0,2.0,0.2,0.278,1397,2695
COLLINGWOOD ST & W 3RD AVE,49.269461,-123.181677,local,0,0,2,0.6,0.4,0.6,0.0,2.0,0.2,0.278,1398,2696
COLUMBIA ST & SW MARINE DR,49.21142,-123.112814,arterial,0,0,2,4.0,4.2,4.4,1.0,9.0,0.2,0.037,1399,1069
COLUMBIA ST & W 15TH AVE,49.25767,-123.109639,local,0,0,2,0.6,0.4,0.6,0.0,2.0,0.2,0.278,1400,2697
COLUMBIA ST & W 42ND AVE,49.232353,-123.110802,local,0,0,2,0.6,0.4,0.6,0.0,2.0,0.2,0.278,1401,2698
COMMERCIAL ST & E 35TH AVE,49.238376,-123.068571,local,0,0,2,0.6,0.4,0.6,0.0,2.0,0.2,0.278,1402,2699
COMMERCIAL ST & E 39TH AVE,49.234611,-123.068652,local,0,0,2,0.6,0.4,0.6,0.0,2.0,0.2,0.278,1403,2700
COMMERCIAL ST & E 40TH AVE,49.233617,-123.068666,local,0,0,2,0.6,0.4,0.6,0.0,2.0,0.2,0.278,1404,2701
COMMERCIAL ST & E 47TH AVE,49.227644,-123.068355,local,0,0,2,0.6,0.4,0.6,0.0,2.0,0.2,0.278,1405,2702
CONNAUGHT DR & W 35TH AVE,49.240021,-123.142482,local,0,0,2,0.6,0.4,0.6,0.0,2.0,0.2,0.278,1406,2703
COOPERAGE WAY & SMITHE MEWS & SMITHE ST,49.274504,-123.11252,local,0,0,3,0.8,0.6,0.8,0.0,3.0,0.2,0.22,1407,2360
COPLEY ST & E 15TH AVE,49.256608,-123.055007,local,0,0,2,0.6,0.4,0.6,0.0,2.0,0.2,0.278,1408,2704
COTTON DR & GRANT ST,49.271429,-123.071545,local,0,0,2,0.6,0.4,0.6,0.0,2.0,0.2,0.278,1409,2706
CREEKSIDE DR & MARINER WALK & W 1ST AVE,49.271378,-123.140233,local,0,0,3,0.8,0.6,0.8,0.0,3.0,0.2,0.22,1410,2361
CROWN ST & W 14TH AVE,49.259971,-123.194064,local,0,0,2,0.6,0.4,0.6,0.0,2.0,0.2,0.278,1411,2707
CROWN ST & W 17TH AVE,49.257479,-123.193563,local,0,0,2,0.6,0.4,0.6,0.0,2.0,0.2,0.278,1412,2708
CROWN ST & W 35TH AVE,49.240528,-123.193677,local,0,0,2,0.6,0.4,0.6,0.0,2.0,0.2,0.278,1413,2709
CULLODEN ST & E 29TH AVE,49.244583,-123.078879,local,0,0,2,0.6,0.4,0.6,0.0,2.0,0.2,0.278,1414,2710
CULLODEN ST & E 59TH AVE,49.216404,-123.078579,local,0,0,2,0.6,0.4,0.6,0.0,2.0,0.2,0.278,1415,2711
CYPRESS ST & MCNICOLL AVE,49.27622,-123.147678,local,0,0,2,0.6,0.4,0.6,0.0,2.0,0.2,0.278,1416,2712
CYPRESS ST & W 10TH AVE,49.262787,-123.14818,local,0,0,2,0.6,0.4,0.6,0.0,2.0,0.2,0.278,1417,2713
CYPRESS ST & W 47TH AVE,49.22891,-123.149426,local,0,0,2,0.6,0.4,0.6,0.0,2.0,0.2,0.278,1418,2714
DAVIE ST & HAMILTON ST,49.274871,-123.122664,arterial,0,0,2,4.0,4.2,4.4,1.0,9.0,0.2,0.037,1419,1071
DAWSON ST & E 51ST AVE,49.222766,-123.048884,local,0,0,2,0.6,0.4,0.6,0.0,2.0,0.2,0.278,1420,2715
DEVONSHIRE CRES & GRANVILLE ST & W 28TH AVE,49.246482,-123.139173,arterial,0,0,3,5.4,5.7,5.9,2.0,11.0,0.2,0.028,1421,871
DIEPPE DR & HAIDA DR,49.253581,-123.024632,local,0,0,2,0.6,0.4,0.6,0.0,2.0,0.2,0.278,1422,2716
DISCOVERY ST & W 13TH AVE,49.261014,-123.203114,local,0,0,2,0.6,0.4,0.6,0.0,2.0,0.2,0.278,1423,2718
DISCOVERY ST & W 14TH AVE,49.260111,-123.203148,local,0,0,2,0.6,0.4,0.6,0.0,2.0,0.2,0.278,1424,2719
DOMAN ST & E 46TH AVE,49.22843,-123.036468,local,0,0,2,0.6,0.4,0.6,0.0,2.0,0.2,0.278,1425,2720
DUFF ST & UPLAND DR,49.218036,-123.06464,local,0,0,2,0.6,0.4,0.6,0.0,2.0,0.2,0.278,1426,2721
DUMFRIES ST & E 37TH AVE,49.236799,-123.074154,local,0,0,2,0.6,0.4,0.6,0.0,2.0,0.2,0.278,1427,2722
DUMFRIES ST & E 47TH AVE,49.227157,-123.074471,local,0,0,2,0.6,0.4,0.6,0.0,2.0,0.2,0.278,1428,2723
DUNBAR ST & W BROADWAY,49.264336,-123.183784,arterial,0,0,2,4.0,4.2,4.4,1.0,9.0,0.2,0.037,1429,1072
DUNLEVY AVE & UNION ST,49.277592,-123.095534,local,0,0,2,0.6,0.4,0.6,0.0,2.0,0.2,0.278,1430,2725
E 10TH AVE & LAKEWOOD DR,49.261305,-123.062049,local,0,0,2,0.6,0.4,0.6,0.0,2.0,0.2,0.278,1431,2727
E 11TH AVE & GUELPH ST,49.260671,-123.095065,local,0,0,2,0.6,0.4,0.6,0.0,2.0,0.2,0.278,1432,2728
E 13TH AVE & ST CATHERINES ST,49.258792,-123.085368,local,0,0,2,0.6,0.4,0.6,0.0,2.0,0.2,0.278,1433,2729
E 13TH AVE & WATSON ST,49.259302,-123.100497,local,0,0,2,0.6,0.4,0.6,0.0,2.0,0.2,0.278,1434,2730
E 13TH AVE & WOODLAND DR,49.258693,-123.073724,local,0,0,2,0.6,0.4,0.6,0.0,2.0,0.2,0.278,1435,2731
E 14TH AVE & PRINCE EDWARD ST,49.25833,-123.09641,local,0,0,2,0.6,0.4,0.6,0.0,2.0,0.2,0.278,1436,2732
E 14TH AVE & ST CATHERINES ST,49.257875,-123.085339,local,0,0,2,0.6,0.4,0.6,0.0,2.0,0.2,0.278,1437,2733
E 15TH AVE & GLEN DR,49.256848,-123.081589,local,0,0,2,0.6,0.4,0.6,0.0,2.0,0.2,0.278,1438,2734
E 15TH AVE & KASLO ST,49.25633,-123.047028,local,0,0,2,0.6,0.4,0.6,0.0,2.0,0.2,0.278,1439,2735
E 15TH AVE & WATSON ST,49.257499,-123.100607,local,0,0,2,0.6,0.4,0.6,0.0,2.0,0.2,0.278,1440,2737
E 15TH AVE & WINDERMERE ST,49.256389,-123.03655,local,0,0,2,0.6,0.4,0.6,0.0,2.0,0.2,0.278,1441,2738
E 17TH AVE & ONTARIO ST & W 17TH AVE,49.255708,-123.104987,local,0,0,3,0.8,0.6,0.8,0.0,3.0,0.2,0.22,1442,2368
E 17TH AVE & WINDSOR ST,49.255394,-123.083634,local,0,0,2,0.6,0.4,0.6,0.0,2.0,0.2,0.278,1443,2740
E 18TH AVE & ONTARIO ST & W 18TH AVE,49.254658,-123.104912,local,0,0,3,0.8,0.6,0.8,0.0,3.0,0.2,0.22,1444,2369
E 18TH AVE & SLOCAN ST,49.254029,-123.049543,local,0,0,2,0.6,0.4,0.6,0.0,2.0,0.2,0.278,1445,2741
E 18TH AVE & SOPHIA ST,49.254759,-123.098501,local,0,0,2,0.6,0.4,0.6,0.0,2.0,0.2,0.278,1446,2742
E 19TH AVE & HULL ST,49.253486,-123.063742,local,0,0,2,0.6,0.4,0.6,0.0,2.0,0.2,0.278,1447,2743
E 19TH AVE & ST GEORGE ST,49.253775,-123.093879,local,0,0,2,0.6,0.4,0.6,0.0,2.0,0.2,0.278,1448,2744
E 1ST AVE & SALSBURY DR,49.26956,-123.06772,arterial,0,0,2,4.0,4.2,4.4,1.0,9.0,0.2,0.037,1449,1073
E 1ST AVE & SCOTIA ST,49.268378,-123.097383,local,0,0,2,0.6,0.4,0.6,0.0,2.0,0.2,0.278,1450,2745
E 20TH AVE & PRINCE EDWARD ST,49.252919,-123.096611,local,0,0,2,0.6,0.4,0.6,0.0,2.0,0.2,0.278,1451,2746
E 20TH AVE & SOPHIA ST,49.25295,-123.098563,local,0,0,2,0.6,0.4,0.6,0.0,2.0,0.2,0.278,1452,2747
E 21ST AVE & FLEMING ST,49.251639,-123.071977,local,0,0,2,0.6,0.4,0.6,0.0,2.0,0.2,0.278,1453,2748
E 21ST AVE & SOPHIA ST,49.252036,-123.098596,local,0,0,2,0.6,0.4,0.6,0.0,2.0,0.2,0.278,1454,2749
E 21ST AVE & ST CATHERINES ST,49.251841,-123.085736,local,0,0,2,0.6,0.4,0.6,0.0,2.0,0.2,0.278,1455,2750
E 21ST AVE & ST GEORGE ST,49.251973,-123.093962,local,0,0,2,0.6,0.4,0.6,0.0,2.0,0.2,0.278,1456,2751
E 22ND AVE & PERRY ST,49.250361,-123.07109,local,0,0,2,0.6,0.4,0.6,0.0,2.0,0.2,0.278,1457,2752
E 22ND AVE & PRINCE ALBERT ST,49.25098,-123.087703,local,0,0,2,0.6,0.4,0.6,0.0,2.0,0.2,0.278,1458,2753
E 22ND AVE & WINDSOR ST,49.250922,-123.083809,local,0,0,2,0.6,0.4,0.6,0.0,2.0,0.2,0.278,1459,2754
E 23RD AVE & MAIN ST,49.250251,-123.101012,arterial,0,0,2,4.0,4.2,4.4,1.0,9.0,0.2,0.037,1460,1074
E 23RD AVE & SOPHIA ST,49.250229,-123.098675,local,0,0,2,0.6,0.4,0.6,0.0,2.0,0.2,0.278,1461,2755
E 23RD AVE & WINDERMERE ST,49.249671,-123.036557,local,0,0,2,0.6,0.4,0.6,0.0,2.0,0.2,0.278,1462,2756
E 24TH AVE & SOPHIA ST,49.249328,-123.098694,local,0,0,2,0.6,0.4,0.6,0.0,2.0,0.2,0.278,1463,2758
E 26TH AVE & FLEMING ST,49.247811,-123.072036,local,0,0,2,0.6,0.4,0.6,0.0,2.0,0.2,0.278,1464,2760
E 26TH AVE & SKEENA ST,49.247052,-123.028538,local,0,0,2,0.6,0.4,0.6,0.0,2.0,0.2,0.278,1465,2761
E 26TH AVE & ST GEORGE ST,49.247682,-123.094077,local,0,0,2,0.6,0.4,0.6,0.0,2.0,0.2,0.278,1466,2762
E 27TH AVE & INVERNESS ST,49.246489,-123.080108,local,0,0,2,0.6,0.4,0.6,0.0,2.0,0.2,0.278,1467,2763
E 27TH AVE & PRINCE ALBERT ST,49.246589,-123.08778,local,0,0,2,0.6,0.4,0.6,0.0,2.0,0.2,0.278,1468,2764
E 28TH AVE & MAIN ST,49.245848,-123.101254,arterial,1,0,2,16.6,17.9,18.1,10.0,27.0,0.2,0.009,1469,301
E 29TH AVE & JAMES ST,49.244509,-123.103909,local,0,0,2,0.6,0.4,0.6,0.0,2.0,0.2,0.278,1470,2766
E 2ND AVE & PENTICTON ST,49.268482,-123.052107,local,0,0,2,0.6,0.4,0.6,0.0,2.0,0.2,0.278,1471,2767
E 2ND AVE & SEMLIN DR,49.268653,-123.063837,local,0,0,2,0.6,0.4,0.6,0.0,2.0,0.2,0.278,1472,2768
E 2ND AVE & WOODLAND DR,49.268731,-123.073522,local,0,0,2,0.6,0.4,0.6,0.0,2.0,0.2,0.278,1473,2769
E 31ST AVE & KNIGHT ST,49.243057,-123.07636,arterial,0,0,2,4.0,4.2,4.4,1.0,9.0,0.2,0.037,1474,1075
E 31ST AVE & LANARK ST,49.243038,-123.074836,local,0,0,2,0.6,0.4,0.6,0.0,2.0,0.2,0.278,1475,2771
E 32ND AVE & PRINCE EDWARD ST,49.242198,-123.096849,local,0,0,2,0.6,0.4,0.6,0.0,2.0,0.2,0.278,1476,2772
E 35TH AVE & INVERNESS ST,49.238189,-123.080222,local,0,0,2,0.6,0.4,0.6,0.0,2.0,0.2,0.278,1477,2773
E 35TH AVE & PRINCE ALBERT ST,49.238294,-123.087998,local,0,0,2,0.6,0.4,0.6,0.0,2.0,0.2,0.278,1478,2774
E 37TH AVE & ROSS ST,49.236446,-123.082478,local,0,0,2,0.6,0.4,0.6,0.0,2.0,0.2,0.278,1479,2776
E 39TH AVE & LANARK ST,49.234777,-123.075586,local,0,0,2,0.6,0.4,0.6,0.0,2.0,0.2,0.278,1480,2777
E 39TH AVE & ROSS ST,49.234666,-123.082527,local,0,0,2,0.6,0.4,0.6,0.0,2.0,0.2,0.278,1481,2778
E 3RD AVE & MCLEAN DR,49.267841,-123.075459,local,0,0,2,0.6,0.4,0.6,0.0,2.0,0.2,0.278,1482,2779
E 43RD AVE & ST GEORGE ST,49.231054,-123.094626,local,0,0,2,0.6,0.4,0.6,0.0,2.0,0.2,0.278,1483,2780
E 44TH AVE & TYNE ST,49.230036,-123.032237,local,0,0,2,0.6,0.4,0.6,0.0,2.0,0.2,0.278,1484,2781
E 45TH AVE & NANAIMO ST,49.229406,-123.059077,local,0,0,2,0.6,0.4,0.6,0.0,2.0,0.2,0.278,1485,2782
E 45TH AVE & PRINCE EDWARD ST,49.229305,-123.097375,local,0,0,2,0.6,0.4,0.6,0.0,2.0,0.2,0.278,1486,2783
E 45TH AVE & STIRLING ST,49.229414,-123.059917,local,0,0,2,0.6,0.4,0.6,0.0,2.0,0.2,0.278,1487,2784
E 46TH AVE & TYNE ST,49.228412,-123.032099,local,0,0,2,0.6,0.4,0.6,0.0,2.0,0.2,0.278,1488,2785
E 47TH AVE & MAIN ST,49.227577,-123.101519,arterial,0,0,2,4.0,4.2,4.4,1.0,9.0,0.2,0.037,1489,1076
E 47TH AVE & PRINCE EDWARD ST,49.227491,-123.097434,local,0,0,2,0.6,0.4,0.6,0.0,2.0,0.2,0.278,1490,2786
E 47TH AVE & ST GEORGE ST,49.227424,-123.09402,local,0,0,2,0.6,0.4,0.6,0.0,2.0,0.2,0.278,1491,2787
E 48TH AVE & QUEBEC ST,49.226696,-123.103771,local,0,0,2,0.6,0.4,0.6,0.0,2.0,0.2,0.278,1492,2789
E 48TH AVE & TYNE ST,49.225247,-123.032244,local,0,0,2,0.6,0.4,0.6,0.0,2.0,0.2,0.278,1493,2790
E 4TH AVE & KASLO ST,49.266665,-123.046977,local,0,0,2,0.6,0.4,0.6,0.0,2.0,0.2,0.278,1494,2791
E 4TH AVE & LILLOOET ST,49.266652,-123.039002,local,0,0,2,0.6,0.4,0.6,0.0,2.0,0.2,0.278,1495,2792
E 4TH AVE & MCLEAN DR,49.266902,-123.075482,local,0,0,2,0.6,0.4,0.6,0.0,2.0,0.2,0.278,1496,2793
E 4TH AVE & SLOCAN ST,49.26667,-123.049488,local,0,0,2,0.6,0.4,0.6,0.0,2.0,0.2,0.278,1497,2794
E 51ST AVE & RUPERT ST,49.223175,-123.044243,local,0,0,2,0.6,0.4,0.6,0.0,2.0,0.2,0.278,1498,2795
E 52ND AVE & MCKINNON ST,49.222047,-123.038948,local,0,0,2,0.6,0.4,0.6,0.0,2.0,0.2,0.278,1499,2796
E 54TH AVE & ROSS ST,49.220526,-123.083007,local,0,0,2,0.6,0.4,0.6,0.0,2.0,0.2,0.278,1500,2798
E 55TH AVE & INVERNESS ST,49.219607,-123.080165,local,0,0,2,0.6,0.4,0.6,0.0,2.0,0.2,0.278,1501,2799
E 55TH AVE & ST GEORGE ST,49.220024,-123.094832,local,0,0,2,0.6,0.4,0.6,0.0,2.0,0.2,0.278,1502,2800
E 56TH AVE & ST GEORGE ST,49.219195,-123.09485,local,0,0,2,0.6,0.4,0.6,0.0,2.0,0.2,0.278,1503,2801
E 58TH AVE & WINDSOR ST,49.217313,-123.085464,local,0,0,2,0.6,0.4,0.6,0.0,2.0,0.2,0.278,1504,2802
E 59TH AVE & ONTARIO ST & W 59TH AVE,49.216818,-123.106223,local,0,0,3,0.8,0.6,0.8,0.0,3.0,0.2,0.22,1505,2378
E 61ST AVE & JASPER CRES,49.214558,-123.070043,local,0,0,2,0.6,0.4,0.6,0.0,2.0,0.2,0.278,1506,2804
E 61ST AVE & ST GEORGE ST,49.21487,-123.094235,local,0,0,2,0.6,0.4,0.6,0.0,2.0,0.2,0.278,1507,2805
E 63RD AVE & PRINCE EDWARD ST,49.213432,-123.097883,local,0,0,2,0.6,0.4,0.6,0.0,2.0,0.2,0.278,1508,2807
E 6TH AVE & LAKEWOOD DR,49.265008,-123.061976,local,0,0,2,0.6,0.4,0.6,0.0,2.0,0.2,0.278,1509,2808
E 6TH AVE & NOOTKA ST,49.264733,-123.041533,local,0,0,2,0.6,0.4,0.6,0.0,2.0,0.2,0.278,1510,2809
E 6TH AVE & SCOTIA ST,49.265464,-123.098855,local,0,0,2,0.6,0.4,0.6,0.0,2.0,0.2,0.278,1511,2810
E 7TH AVE & PRINCE EDWARD ST,49.2645,-123.095794,local,0,0,2,0.6,0.4,0.6,0.0,2.0,0.2,0.278,1512,2811
E 8TH AVE & GARDEN DR,49.263172,-123.058146,local,0,0,2,0.6,0.4,0.6,0.0,2.0,0.2,0.278,1513,2812
E 8TH AVE & MCLEAN DR,49.263312,-123.075573,local,0,0,2,0.6,0.4,0.6,0.0,2.0,0.2,0.278,1514,2813
E 8TH AVE & NOOTKA ST,49.262927,-123.041552,local,0,0,2,0.6,0.4,0.6,0.0,2.0,0.2,0.278,1515,2814
E 8TH AVE & ONTARIO ST & W 8TH AVE,49.263766,-123.104855,local,0,0,3,0.8,0.6,0.8,0.0,3.0,0.2,0.22,1516,2380
E BROADWAY & MCLEAN DR,49.262376,-123.075584,arterial,0,0,2,4.0,4.2,4.4,1.0,9.0,0.2,0.037,1517,1078
E BROADWAY & SLOCAN ST,49.262006,-123.049586,arterial,1,0,2,16.6,17.9,18.1,10.0,27.0,0.2,0.009,1518,302
E CORDOVA ST & RAYMUR AVE,49.281932,-123.082406,local,0,0,2,0.6,0.4,0.6,0.0,2.0,0.2,0.278,1519,2815
E GEORGIA ST & LILLOOET ST,49.278265,-123.038849,local,0,0,2,0.6,0.4,0.6,0.0,2.0,0.2,0.278,1520,2816
E GEORGIA ST & MCLEAN DR,49.278534,-123.07412,local,0,0,2,0.6,0.4,0.6,0.0,2.0,0.2,0.278,1521,2817
E GEORGIA ST & SKEENA ST,49.278254,-123.028343,local,0,0,2,0.6,0.4,0.6,0.0,2.0,0.2,0.278,1522,2818
E PENDER ST & WINDERMERE ST,49.280197,-123.036197,local,0,0,2,0.6,0.4,0.6,0.0,2.0,0.2,0.278,1523,2822
EAST BOULEVARD & W 43RD AVE,49.232705,-123.155062,local,0,0,2,0.6,0.4,0.6,0.0,2.0,0.2,0.278,1524,2823
ELM ST & W 39TH AVE,49.23656,-123.16412,local,0,0,2,0.6,0.4,0.6,0.0,2.0,0.2,0.278,1525,2825
ETON ST & N KAMLOOPS ST,49.287726,-123.054574,local,0,0,2,0.6,0.4,0.6,0.0,2.0,0.2,0.278,1526,2826
FRANCES ST & WOODLAND DR,49.279408,-123.072682,local,0,0,2,0.6,0.4,0.6,0.0,2.0,0.2,0.278,1527,2827
FRANKLIN ST & GARDEN DR,49.282061,-123.057817,local,0,0,2,0.6,0.4,0.6,0.0,2.0,0.2,0.278,1528,2828
FRANKLIN ST & TEMPLETON DR,49.282084,-123.059759,local,0,0,2,0.6,0.4,0.6,0.0,2.0,0.2,0.278,1529,2829
FREMLIN ST & PARK DR & W 63RD AVE,49.213775,-123.127314,local,0,0,3,0.8,0.6,0.8,0.0,3.0,0.2,0.22,1530,2388
GARDEN DR & GRANT ST,49.271197,-123.057971,local,0,0,2,0.6,0.4,0.6,0.0,2.0,0.2,0.278,1531,2830
GARDEN DR & TRIUMPH ST,49.283903,-123.057754,local,0,0,2,0.6,0.4,0.6,0.0,2.0,0.2,0.278,1532,2831
GLEN DR & WILLIAM ST,49.274162,-123.081436,local,0,0,2,0.6,0.4,0.6,0.0,2.0,0.2,0.278,1533,2832
GRANT ST & KASLO ST,49.271357,-123.046905,local,0,0,2,0.6,0.4,0.6,0.0,2.0,0.2,0.278,1534,2833
GRANT ST & RUPERT ST,49.27134,-123.03366,local,0,0,2,0.6,0.4,0.6,0.0,2.0,0.2,0.278,1535,2834
GRANT ST & TEMPLETON DR,49.271212,-123.059924,local,0,0,2,0.6,0.4,0.6,0.0,2.0,0.2,0.278,1536,2835
GRANVILLE ST & NANTON AVE,49.247416,-123.139168,arterial,1,0,2,16.6,17.9,18.1,10.0,27.0,0.2,0.009,1537,303
GRAVELEY ST & SALSBURY DR,49.270502,-123.067698,local,0,0,2,0.6,0.4,0.6,0.0,2.0,0.2,0.278,1538,2836
HAWKS AVE & KEEFER ST,49.279251,-123.087239,local,0,0,2,0.6,0.4,0.6,0.0,2.0,0.2,0.278,1539,2838
HEATHER ST & W 14TH AVE,49.258724,-123.120056,local,0,0,2,0.6,0.4,0.6,0.0,2.0,0.2,0.278,1540,2839
HEATHER ST & W 18TH AVE,49.255194,-123.120166,local,0,0,2,0.6,0.4,0.6,0.0,2.0,0.2,0.278,1541,2840
HEATHER ST & W 26TH AVE,49.248032,-123.120414,local,0,0,2,0.6,0.4,0.6,0.0,2.0,0.2,0.278,1542,2841
HEBB AVE & LILLOOET ST,49.259957,-123.037922,local,0,0,2,0.6,0.4,0.6,0.0,2.0,0.2,0.278,1543,2842
HIGHBURY ST & POINT GREY RD,49.272275,-123.187497,local,0,0,2,0.6,0.4,0.6,0.0,2.0,0.2,0.278,1544,2843
HIGHBURY ST & W 35TH AVE,49.240482,-123.188177,local,0,0,2,0.6,0.4,0.6,0.0,2.0,0.2,0.278,1545,2844
HIGHBURY ST & W 39TH AVE,49.236439,-123.188234,local,0,0,2,0.6,0.4,0.6,0.0,2.0,0.2,0.278,1546,2845
HIGHBURY ST & W BROADWAY,49.264373,-123.187784,local,0,0,2,0.6,0.4,0.6,0.0,2.0,0.2,0.278,1547,2846
HOY ST & WELLINGTON AVE,49.238023,-123.025186,local,0,0,2,0.6,0.4,0.6,0.0,2.0,0.2,0.278,1548,2847
HUDSON ST & W 37TH AVE,49.237869,-123.134693,local,0,0,2,0.6,0.4,0.6,0.0,2.0,0.2,0.278,1549,2849
HUDSON ST & W 59TH AVE,49.217249,-123.134071,local,0,0,2,0.6,0.4,0.6,0.0,2.0,0.2,0.278,1550,2850
JEPSON-YOUNG LANE & JERVIS ST,49.283898,-123.133276,local,0,0,2,0.6,0.4,0.6,0.0,2.0,0.2,0.278,1551,2851
JERVIS ST & PANTAGES LANE,49.282464,-123.135458,local,0,0,2,0.6,0.4,0.6,0.0,2.0,0.2,0.278,1552,2852
JERVIS ST & ROSEMARY BROWN LANE,49.286658,-123.12904,local,0,0,2,0.6,0.4,0.6,0.0,2.0,0.2,0.278,1553,2853
KAMLOOPS ST & PANDORA ST,49.282994,-123.054582,local,0,0,2,0.6,0.4,0.6,0.0,2.0,0.2,0.278,1554,2854
KAMLOOPS ST & PARKER ST,49.2758,-123.054679,local,0,0,2,0.6,0.4,0.6,0.0,2.0,0.2,0.278,1555,2855
KAMLOOPS ST & TURNER ST,49.279102,-123.054597,local,0,0,2,0.6,0.4,0.6,0.0,2.0,0.2,0.278,1556,2856
KEEFER ST & PRINCESS AVE,49.27933,-123.091563,local,0,0,2,0.6,0.4,0.6,0.0,2.0,0.2,0.278,1557,2857
KITCHENER ST & MCLEAN DR,49.272178,-123.074478,local,0,0,2,0.6,0.4,0.6,0.0,2.0,0.2,0.278,1558,2858
LAKEWOOD DR & PARKER ST,49.275669,-123.061778,local,0,0,2,0.6,0.4,0.6,0.0,2.0,0.2,0.278,1559,2860
LARCH ST & W 47TH AVE,49.229122,-123.162969,local,0,0,2,0.6,0.4,0.6,0.0,2.0,0.2,0.278,1560,2861
LARCH ST & W 7TH AVE,49.265716,-123.162356,local,0,0,2,0.6,0.4,0.6,0.0,2.0,0.2,0.278,1561,2862
LAUREL ST & W 20TH AVE,49.253482,-123.124548,local,0,0,2,0.6,0.4,0.6,0.0,2.0,0.2,0.278,1562,2863
LAUREL ST & W 22ND AVE,49.251668,-123.124625,local,0,0,2,0.6,0.4,0.6,0.0,2.0,0.2,0.278,1563,2864
LAUREL ST & W 23RD AVE,49.250764,-123.12466,local,0,0,2,0.6,0.4,0.6,0.0,2.0,0.2,0.278,1564,2865
LAUREL ST & W 64TH AVE,49.212918,-123.125944,local,0,0,2,0.6,0.4,0.6,0.0,2.0,0.2,0.278,1565,2866
LIMEWOOD PL & MATHESON CRES,49.211901,-123.025628,local,0,0,2,0.6,0.4,0.6,0.0,2.0,0.2,0.278,1566,2867
MALKIN AVE & THORNTON ST,49.275364,-123.091971,local,0,0,2,0.6,0.4,0.6,0.0,2.0,0.2,0.278,1567,2869
MANITOBA ST & W 62ND AVE,49.214246,-123.109884,local,0,0,2,0.6,0.4,0.6,0.0,2.0,0.2,0.278,1568,2870
MANITOBA ST & W 68TH AVE,49.21004,-123.110109,local,0,0,2,0.6,0.4,0.6,0.0,2.0,0.2,0.278,1569,2871
MANITOBA ST & W 69TH AVE,49.209523,-123.11013,local,0,0,2,0.6,0.4,0.6,0.0,2.0,0.2,0.278,1570,2872
MANITOBA ST & WALTER HARDWICK AVE,49.27093,-123.106634,local,0,0,2,0.6,0.4,0.6,0.0,2.0,0.2,0.278,1571,2873
MAPLE ST & W 43RD AVE,49.232655,-123.152113,local,0,0,2,0.6,0.4,0.6,0.0,2.0,0.2,0.278,1572,2874
MAPLE ST & W 7TH AVE,49.265529,-123.150477,local,0,0,2,0.6,0.4,0.6,0.0,2.0,0.2,0.278,1573,2875
MARGUERITE ST & NANTON AVE,49.247506,-123.144728,local,0,0,2,0.6,0.4,0.6,0.0,2.0,0.2,0.278,1574,2876
MARGUERITE ST & W 37TH AVE,49.23812,-123.144265,local,0,0,2,0.6,0.4,0.6,0.0,2.0,0.2,0.278,1575,2878
MATHESON CRES & RUMBLE AVE,49.214819,-123.025561,local,0,0,2,0.6,0.4,0.6,0.0,2.0,0.2,0.278,1576,2880
MATTHEWS AVE & WOLFE AVE,49.253671,-123.128697,local,0,0,2,0.6,0.4,0.6,0.0,2.0,0.2,0.278,1577,2881
MCGILL ST & N RENFREW ST,49.288721,-123.044048,arterial,1,0,2,16.6,17.9,18.1,10.0,27.0,0.2,0.009,1578,304
N TEMPLETON DR & OXFORD ST,49.285712,-123.059709,local,0,0,2,0.6,0.4,0.6,0.0,2.0,0.2,0.278,1579,2883
NANAIMO ST & UPLAND DR,49.217981,-123.059318,local,0,0,2,0.6,0.4,0.6,0.0,2.0,0.2,0.278,1580,2884
NOOTKA ST & VENABLES ST,49.276409,-123.041387,local,0,0,2,0.6,0.4,0.6,0.0,2.0,0.2,0.278,1581,2885
NORMANDY DR & WORTHINGTON DR,49.251516,-123.02624,local,0,0,2,0.6,0.4,0.6,0.0,2.0,0.2,0.278,1582,2886
NUNAVUT LANE & W 64TH AVE,49.212291,-123.11618,local,0,0,2,0.6,0.4,0.6,0.0,2.0,0.2,0.278,1583,2888
OAK ST & W 15TH AVE,49.257814,-123.127037,arterial,0,0,2,4.0,4.2,4.4,1.0,9.0,0.2,0.037,1584,1079
OAK ST & W 48TH AVE,49.227473,-123.128276,arterial,0,0,2,4.0,4.2,4.4,1.0,9.0,0.2,0.037,1585,1080
ONTARIO ST & W 26TH AVE,49.247745,-123.105051,local,0,0,2,0.6,0.4,0.6,0.0,2.0,0.2,0.278,1586,2889
ONTARIO ST & WALTER HARDWICK AVE,49.270898,-123.104602,local,0,0,2,0.6,0.4,0.6,0.0,2.0,0.2,0.278,1587,2890
OSLER ST & W 64TH AVE,49.212995,-123.131446,local,0,0,2,0.6,0.4,0.6,0.0,2.0,0.2,0.278,1588,2891
PANDORA ST & SEMLIN DR,49.283077,-123.063659,local,0,0,2,0.6,0.4,0.6,0.0,2.0,0.2,0.278,1589,2892
PINE ST & W 5TH AVE,49.267119,-123.143274,local,0,0,2,0.6,0.4,0.6,0.0,2.0,0.2,0.278,1590,2893
RIVERGRASS DR & SAWMILL CRES,49.205772,-123.02835,local,0,0,2,0.6,0.4,0.6,0.0,2.0,0.2,0.278,1591,2897
RUPERT ST & VENABLES ST,49.276619,-123.033601,local,0,0,2,0.6,0.4,0.6,0.0,2.0,0.2,0.278,1592,2898
SASAMAT ST & W 13TH AVE,49.261107,-123.209214,local,0,0,2,0.6,0.4,0.6,0.0,2.0,0.2,0.278,1593,2900
SELKIRK ST & W 73RD AVE,49.204273,-123.133469,local,0,0,2,0.6,0.4,0.6,0.0,2.0,0.2,0.278,1594,2901
SPRUCE ST & W 13TH AVE,49.259672,-123.129123,local,0,0,2,0.6,0.4,0.6,0.0,2.0,0.2,0.278,1595,2905
SPRUCE ST & W 7TH AVE,49.265194,-123.128942,local,0,0,2,0.6,0.4,0.6,0.0,2.0,0.2,0.278,1596,2906
STEPHENS ST & W 8TH AVE,49.264945,-123.166458,local,0,0,2,0.6,0.4,0.6,0.0,2.0,0.2,0.278,1597,2908
TAYLOR ST & W PENDER ST,49.280709,-123.105595,arterial,0,0,2,4.0,4.2,4.4,1.0,9.0,0.2,0.037,1598,1081
TISDALL ST & W 45TH AVE,49.229996,-123.121665,local,0,0,2,0.6,0.4,0.6,0.0,2.0,0.2,0.278,1599,2910
TISDALL ST & W 46TH AVE,49.229078,-123.121697,local,0,0,2,0.6,0.4,0.6,0.0,2.0,0.2,0.278,1600,2911
TRAFALGAR ST & W 10TH AVE,49.263072,-123.164695,local,0,0,2,0.6,0.4,0.6,0.0,2.0,0.2,0.278,1601,2912
TRAFALGAR ST & W 6TH AVE,49.266582,-123.164581,local,0,0,2,0.6,0.4,0.6,0.0,2.0,0.2,0.278,1602,2913
TRIMBLE ST & W 13TH AVE,49.26106,-123.206181,local,0,0,2,0.6,0.4,0.6,0.0,2.0,0.2,0.278,1603,2914
TRINITY ST & WALL ST,49.289323,-123.059307,local,0,0,2,0.6,0.4,0.6,0.0,2.0,0.2,0.278,1604,2915
VALLEY DR & YEW ST,49.245732,-123.154823,local,0,0,2,0.6,0.4,0.6,0.0,2.0,0.2,0.278,1605,2916
VANNESS AVE & WALKER ST,49.24959,-123.059433,local,0,0,2,0.6,0.4,0.6,0.0,2.0,0.2,0.278,1606,2917
VINE ST & W 19TH AVE,49.255367,-123.157986,local,0,0,2,0.6,0.4,0.6,0.0,2.0,0.2,0.278,1607,2918
VINE ST & W 6TH AVE,49.266491,-123.157571,local,0,0,2,0.6,0.4,0.6,0.0,2.0,0.2,0.278,1608,2919
W 12TH AVE & WALLACE ST,49.261744,-123.19089,local,0,0,2,0.6,0.4,0.6,0.0,2.0,0.2,0.278,1609,2920
W 13TH AVE & WATERLOO ST,49.260671,-123.179966,local,0,0,2,0.6,0.4,0.6,0.0,2.0,0.2,0.278,1610,2921
W 14TH AVE & YEW ST,49.259206,-123.15547,local,0,0,2,0.6,0.4,0.6,0.0,2.0,0.2,0.278,1611,2922
W 37TH AVE & WILLOW ST,49.237514,-123.123758,local,0,0,2,0.6,0.4,0.6,0.0,2.0,0.2,0.278,1612,2924
W 38TH AVE & YEW ST,49.237362,-123.158435,local,0,0,2,0.6,0.4,0.6,0.0,2.0,0.2,0.278,1613,2925
ARBUTUS ST & W 8TH AVE,49.264761,-123.152883,local,1,0,2,1.8,1.8,1.9,0.0,5.0,0.1,0.082,1614,1624
BLENHEIM ST & W 42ND AVE,49.233808,-123.178712,collector,0,0,2,1.2,1.2,1.3,0.0,4.0,0.1,0.119,1615,1915
BORDEN ST & E KENT AVE N,49.209533,-123.073999,secondary_arterial,0,0,2,2.4,2.5,2.6,0.0,6.0,0.1,0.06,1616,1392
BRAKENRIDGE ST & EDDINGTON DR & PRINCE OF WALES SECONDARY SCHOOL ACCESS,49.245627,-123.159129,local,0,0,3,0.6,0.6,0.6,0.0,2.0,0.1,0.22,1617,2659
CHAMPLAIN CRES & MATHESON CRES,49.210558,-123.027277,collector,0,0,2,1.2,1.2,1.3,0.0,4.0,0.1,0.119,1618,1916
CLARENDON ST & E 40TH AVE,49.233859,-123.055528,collector,0,0,2,1.2,1.2,1.3,0.0,4.0,0.1,0.119,1619,1917
COLLINGWOOD ST & W 16TH AVE,49.257877,-123.181928,secondary_arterial,0,0,2,2.4,2.5,2.6,0.0,6.0,0.1,0.06,1620,1394
DISCOVERY ST & NW MARINE DR,49.271694,-123.202684,secondary_arterial,0,0,2,2.4,2.5,2.6,0.0,6.0,0.1,0.06,1621,1395
E 15TH AVE & ONTARIO ST & W 15TH AVE,49.257566,-123.105153,local,0,0,3,0.6,0.6,0.6,0.0,2.0,0.1,0.22,1622,2736
E 15TH AVE & VICTORIA DR,49.256816,-123.066008,secondary_arterial,0,0,2,2.4,2.5,2.6,0.0,6.0,0.1,0.06,1623,1396
E 24TH AVE & FRASER ST,49.249185,-123.09014,secondary_arterial,0,0,2,2.4,2.5,2.6,0.0,6.0,0.1,0.06,1624,1397
E 29TH AVE & SKEENA ST,49.244478,-123.028549,collector,0,0,2,1.2,1.2,1.3,0.0,4.0,0.1,0.119,1625,1920
E 30TH AVE & E 31ST AVE & GLADSTONE ST,49.242793,-123.062644,local,0,0,3,0.6,0.6,0.6,0.0,2.0,0.1,0.22,1626,2770
E 33RD AVE & SLOCAN ST,49.239791,-123.054406,secondary_arterial,0,0,2,2.4,2.5,2.6,0.0,6.0,0.1,0.06,1627,1398
E 35TH AVE & FRASER ST,49.238318,-123.090395,secondary_arterial,0,0,2,2.4,2.5,2.6,0.0,6.0,0.1,0.06,1628,1399
E 37TH AVE & ONTARIO ST & W 37TH AVE,49.237333,-123.105494,local,0,0,3,0.6,0.6,0.6,0.0,2.0,0.1,0.22,1629,2775
E 47TH AVE & VICTORIA DR,49.227639,-123.065659,secondary_arterial,1,0,2,10.0,10.7,10.9,5.0,18.0,0.1,0.015,1630,507
E 48TH AVE & ONTARIO ST & W 48TH AVE,49.226745,-123.105866,local,0,0,3,0.6,0.6,0.6,0.0,2.0,0.1,0.22,1631,2788
E 49TH AVE & PRINCE ALBERT ST,49.225419,-123.088019,secondary_arterial,0,0,2,2.4,2.5,2.6,0.0,6.0,0.1,0.06,1632,1401
E 51ST AVE & VICTORIA DR,49.223428,-123.065811,secondary_arterial,0,0,2,2.4,2.5,2.6,0.0,6.0,0.1,0.06,1633,1402
E 57TH AVE & ST GEORGE ST,49.21834,-123.09487,collector,0,0,2,1.2,1.2,1.3,0.0,4.0,0.1,0.119,1634,1924
E 8TH AVE & RUPERT ST,49.262904,-123.03375,secondary_arterial,0,0,2,2.4,2.5,2.6,0.0,6.0,0.1,0.06,1635,1403
E PENDER ST & RENFREW ST,49.280206,-123.044078,secondary_arterial,0,0,2,2.4,2.5,2.6,0.0,6.0,0.1,0.06,1636,1404
GRANT ST & RENFREW ST,49.271359,-123.044216,secondary_arterial,0,0,2,2.4,2.5,2.6,0.0,6.0,0.1,0.06,1637,1405
HEMLOCK ST & MARPOLE AVE & W 15TH AVE,49.257963,-123.136307,secondary_arterial,1,0,3,13.6,14.7,14.8,8.0,23.0,0.1,0.011,1638,372
HUDSON ST & VANCOUVER COLLEGE SCHOOL ACCESS & W 39TH AVE,49.235909,-123.134766,local,0,0,3,0.6,0.6,0.6,0.0,2.0,0.1,0.22,1639,2848
MARGUERITE ST & ROXBURGH CRES & W 35TH AVE,49.239898,-123.144204,local,0,0,3,0.6,0.6,0.6,0.0,2.0,0.1,0.22,1640,2877
MONTGOMERY ST & W 49TH AVE,49.226679,-123.131917,secondary_arterial,0,0,2,2.4,2.5,2.6,0.0,6.0,0.1,0.06,1641,1409
NORTHERN ST & STATION ST & UNNAMED LANE,49.271815,-123.098054,local,0,0,3,0.6,0.6,0.6,0.0,2.0,0.1,0.22,1642,2887
NW MARINE DR & TRIMBLE ST,49.272937,-123.205724,secondary_arterial,0,0,2,2.4,2.5,2.6,0.0,6.0,0.1,0.06,1643,1410
STEPHENS ST & W 16TH AVE,49.257639,-123.166496,secondary_arterial,0,0,2,2.4,2.5,2.6,0.0,6.0,0.1,0.06,1644,1411
W 12TH AVE & YUKON ST,49.260384,-123.112987,secondary_arterial,1,0,2,10.0,10.7,10.9,5.0,18.0,0.1,0.015,1645,511
ADANAC ST & GARDEN DR,49.277468,-123.057878,local,0,0,2,0.4,0.4,0.4,0.0,2.0,0.0,0.278,1646,2988
ADANAC ST & KASLO ST,49.277449,-123.046768,local,0,0,2,0.4,0.4,0.4,0.0,2.0,0.0,0.278,1647,2989
ADANAC ST & LILLOOET ST,49.277455,-123.038869,local,0,0,2,0.4,0.4,0.4,0.0,2.0,0.0,0.278,1648,2990
ADANAC ST & SALSBURY DR,49.277548,-123.068349,local,0,0,2,0.4,0.4,0.4,0.0,2.0,0.0,0.278,1649,2991
ADERA ST & W 43RD AVE,49.232521,-123.143387,local,0,0,2,0.4,0.4,0.4,0.0,2.0,0.0,0.278,1650,2992
ADERA ST & W 58TH AVE,49.218556,-123.143828,local,0,0,2,0.4,0.4,0.4,0.0,2.0,0.0,0.278,1651,2993
ADERA ST & W 59TH AVE,49.217693,-123.143889,local,0,0,2,0.4,0.4,0.4,0.0,2.0,0.0,0.278,1652,2994
ADERA ST & W 64TH AVE,49.213202,-123.143544,local,0,0,2,0.4,0.4,0.4,0.0,2.0,0.0,0.278,1653,2995
ADERA ST & W 66TH AVE,49.211425,-123.143608,local,0,0,2,0.4,0.4,0.4,0.0,2.0,0.0,0.278,1654,2996
ALBERTA ST & W 37TH AVE,49.237041,-123.113265,local,0,0,2,0.4,0.4,0.4,0.0,2.0,0.0,0.278,1655,2997
ALMA ST & W 13TH AVE,49.260722,-123.185986,local,0,0,2,0.4,0.4,0.4,0.0,2.0,0.0,0.278,1656,3000
ALMA ST & W 15TH AVE,49.258931,-123.186056,local,0,0,2,0.4,0.4,0.4,0.0,2.0,0.0,0.278,1657,3001
ANGUS DR & HOSMER AVE,49.253678,-123.144732,local,0,0,2,0.4,0.4,0.4,0.0,2.0,0.0,0.278,1658,3004
ANGUS DR & W 47TH AVE,49.228886,-123.147878,local,0,0,2,0.4,0.4,0.4,0.0,2.0,0.0,0.278,1659,3005
ANGUS DR & W 52ND AVE,49.224176,-123.148057,local,0,0,2,0.4,0.4,0.4,0.0,2.0,0.0,0.278,1660,3006
ANGUS DR & W 54TH AVE,49.221799,-123.148154,local,0,0,2,0.4,0.4,0.4,0.0,2.0,0.0,0.278,1661,3007
ANGUS DR & W 58TH AVE,49.218589,-123.148303,local,0,0,2,0.4,0.4,0.4,0.0,2.0,0.0,0.278,1662,3008
ANGUS DR & W 60TH AVE,49.216909,-123.14831,local,0,0,2,0.4,0.4,0.4,0.0,2.0,0.0,0.278,1663,3009
ANN ST & WELLINGTON AVE,49.239213,-123.02811,local,0,0,2,0.4,0.4,0.4,0.0,2.0,0.0,0.278,1664,3010
AQUARIUS MEWS & MARINASIDE CRES,49.273446,-123.118845,local,0,0,2,0.4,0.4,0.4,0.0,2.0,0.0,0.278,1665,3011
ARBUTUS ST & LAHB AVE,49.248456,-123.153208,arterial,0,0,2,3.8,4.2,4.1,1.0,8.0,-0.0,0.037,1666,1106
ARBUTUS ST & MCNICOLL AVE,49.276266,-123.151081,local,0,0,2,0.4,0.4,0.4,0.0,2.0,0.0,0.278,1667,3013
ARGYLE ST & E 51ST AVE,49.223326,-123.071826,local,0,0,2,0.4,0.4,0.4,0.0,2.0,0.0,0.278,1668,3014
ARGYLE ST & E 55TH AVE,49.219961,-123.071969,local,0,0,2,0.4,0.4,0.4,0.0,2.0,0.0,0.278,1669,3015
ARLINGTON ST & E 46TH AVE,49.228113,-123.02778,local,0,0,2,0.4,0.4,0.4,0.0,2.0,0.0,0.278,1670,3016
ASH ST & W 18TH AVE,49.255159,-123.118191,local,0,0,2,0.4,0.4,0.4,0.0,2.0,0.0,0.278,1671,3017
ASH ST & W 24TH AVE,49.250031,-123.118372,local,0,0,2,0.4,0.4,0.4,0.0,2.0,0.0,0.278,1672,3018
ASH ST & W 50TH AVE,49.225265,-123.118113,local,0,0,2,0.4,0.4,0.4,0.0,2.0,0.0,0.278,1673,3019
ASH ST & W 64TH AVE,49.212378,-123.120197,local,0,0,2,0.4,0.4,0.4,0.0,2.0,0.0,0.278,1674,3020
ASH ST & W 68TH AVE,49.210223,-123.120269,local,0,0,2,0.4,0.4,0.4,0.0,2.0,0.0,0.278,1675,3021
ATHLETES WAY & COLUMBIA ST,49.271591,-123.109382,local,0,0,2,0.4,0.4,0.4,0.0,2.0,0.0,0.278,1676,3022
AUSTREY AVE & MCHARDY ST,49.238246,-123.035816,local,0,0,2,0.4,0.4,0.4,0.0,2.0,0.0,0.278,1677,3023
BAILLIE ST & W 37TH AVE,49.237457,-123.122248,local,0,0,2,0.4,0.4,0.4,0.0,2.0,0.0,0.278,1678,3024
BAILLIE ST & W 39TH AVE,49.235609,-123.122315,local,0,0,2,0.4,0.4,0.4,0.0,2.0,0.0,0.278,1679,3025
BALACLAVA ST & W 39TH AVE,49.23663,-123.176717,local,0,0,2,0.4,0.4,0.4,0.0,2.0,0.0,0.278,1680,3026
BALACLAVA ST & W 45TH AVE,49.231027,-123.175845,local,0,0,2,0.4,0.4,0.4,0.0,2.0,0.0,0.278,1681,3027
BALACLAVA ST & W 48TH AVE,49.228492,-123.175846,local,0,0,2,0.4,0.4,0.4,0.0,2.0,0.0,0.278,1682,3028
BALACLAVA ST & W 53RD AVE,49.223422,-123.17599,local,0,0,2,0.4,0.4,0.4,0.0,2.0,0.0,0.278,1683,3029
BALACLAVA ST & W 7TH AVE,49.265866,-123.173931,local,0,0,2,0.4,0.4,0.4,0.0,2.0,0.0,0.278,1684,3030
BALDWIN ST & BROCK ST,49.243985,-123.057893,local,0,0,2,0.4,0.4,0.4,0.0,2.0,0.0,0.278,1685,3031
BALSAM ST & W 15TH AVE,49.258329,-123.16025,local,0,0,2,0.4,0.4,0.4,0.0,2.0,0.0,0.278,1686,3033
BALSAM ST & W 45TH AVE,49.230953,-123.161491,local,0,0,2,0.4,0.4,0.4,0.0,2.0,0.0,0.278,1687,3034
BALSAM ST & W 51ST AVE,49.225051,-123.161364,local,0,0,2,0.4,0.4,0.4,0.0,2.0,0.0,0.278,1688,3036
BALSAM ST & W 7TH AVE,49.265688,-123.159947,local,0,0,2,0.4,0.4,0.4,0.0,2.0,0.0,0.278,1689,3037
BATTISON ST & E 45TH AVE,49.229245,-123.030509,local,0,0,2,0.4,0.4,0.4,0.0,2.0,0.0,0.278,1690,3038
BAYSWATER ST & W 5TH AVE,49.267491,-123.171115,local,0,0,2,0.4,0.4,0.4,0.0,2.0,0.0,0.278,1691,3040
BAYSWATER ST & W 6TH AVE,49.266676,-123.171145,local,0,0,2,0.4,0.4,0.4,0.0,2.0,0.0,0.278,1692,3041
BEACH AVE & HOWE ST,49.27473,-123.131812,arterial,0,0,2,3.8,4.2,4.1,1.0,8.0,-0.0,0.037,1693,1108
BEACH CRES & STRATHMORE MEWS,49.27228,-123.128012,local,0,0,2,0.4,0.4,0.4,0.0,2.0,0.0,0.278,1694,3045
BEATRICE ST & E 53RD AVE,49.221807,-123.067149,local,0,0,2,0.4,0.4,0.4,0.0,2.0,0.0,0.278,1695,3046
BEGG ST & EVANS AVE,49.271748,-123.087058,local,0,0,2,0.4,0.4,0.4,0.0,2.0,0.0,0.278,1696,3048
BIDWELL ST & MAXINE LANE,49.285216,-123.141763,local,0,0,2,0.4,0.4,0.4,0.0,2.0,0.0,0.278,1697,3049
BIRCH ST & W 64TH AVE,49.21309,-123.136287,local,0,0,2,0.4,0.4,0.4,0.0,2.0,0.0,0.278,1698,3050
BLAKE ST & MATHESON CRES,49.218798,-123.028177,local,0,0,2,0.4,0.4,0.4,0.0,2.0,0.0,0.278,1699,3051
BLANCA ST & W 3RD AVE,49.270263,-123.214976,local,0,0,2,0.4,0.4,0.4,0.0,2.0,0.0,0.278,1700,3052
BONACCORD DR & BURQUITLAM DR,49.210556,-123.063022,local,0,0,2,0.4,0.4,0.4,0.0,2.0,0.0,0.278,1701,3056
BORDEN ST & E 60TH AVE,49.215448,-123.074024,local,0,0,2,0.4,0.4,0.4,0.0,2.0,0.0,0.278,1702,3058
BORDEN ST & E 61ST AVE,49.214598,-123.074037,local,0,0,2,0.4,0.4,0.4,0.0,2.0,0.0,0.278,1703,3059
BORDEN ST & E 64TH AVE,49.211969,-123.074076,local,0,0,2,0.4,0.4,0.4,0.0,2.0,0.0,0.278,1704,3060
BRANT ST & E 25TH AVE,49.248104,-123.058012,local,0,0,2,0.4,0.4,0.4,0.0,2.0,0.0,0.278,1705,3063
BROOKS ST & E 47TH AVE,49.226416,-123.035107,local,0,0,2,0.4,0.4,0.4,0.0,2.0,0.0,0.278,1706,3064
BROUGHTON ST & COMOX ST,49.285092,-123.1342,local,0,0,2,0.4,0.4,0.4,0.0,2.0,0.0,0.278,1707,3066
BROUGHTON ST & HARWOOD ST,49.28233,-123.138434,local,0,0,2,0.4,0.4,0.4,0.0,2.0,0.0,0.278,1708,3067
BROUGHTON ST & MAXINE LANE,49.282668,-123.137852,local,0,0,2,0.4,0.4,0.4,0.0,2.0,0.0,0.278,1709,3068
BROUGHTON ST & ROSEMARY BROWN LANE,49.287566,-123.130473,local,0,0,2,0.4,0.4,0.4,0.0,2.0,0.0,0.278,1710,3069
BROUGHTON ST & TED NORTHE LANE,49.286158,-123.132574,local,0,0,2,0.4,0.4,0.4,0.0,2.0,0.0,0.278,1711,3070
BRUCE ST & E 47TH AVE,49.227663,-123.06984,local,0,0,2,0.4,0.4,0.4,0.0,2.0,0.0,0.278,1712,3071
BRUNSWICK ST & E 5TH AVE,49.266331,-123.096765,local,0,0,2,0.4,0.4,0.4,0.0,2.0,0.0,0.278,1713,3072
BRUNSWICK ST & E 7TH AVE,49.264548,-123.096968,local,0,0,2,0.4,0.4,0.4,0.0,2.0,0.0,0.278,1714,3073
BURNABY ST & CARDERO ST,49.284497,-123.139739,local,0,0,2,0.4,0.4,0.4,0.0,2.0,0.0,0.278,1715,3074
BURQUITLAM DR & FRASERVIEW DR,49.211783,-123.064695,local,0,0,2,0.4,0.4,0.4,0.0,2.0,0.0,0.278,1716,3075
BUTE ST & HARO ST,49.28532,-123.128043,local,0,0,2,0.4,0.4,0.4,0.0,2.0,0.0,0.278,1717,3076
BUTLER ST & E 52ND AVE,49.222351,-123.033726,local,0,0,2,0.4,0.4,0.4,0.0,2.0,0.0,0.278,1718,3077
CAMBIE ST & W 15TH AVE,49.257842,-123.115039,arterial,0,0,2,3.8,4.2,4.1,1.0,8.0,-0.0,0.037,1719,1109
CAMOSUN ST & W 27TH AVE,49.248122,-123.196727,local,0,0,2,0.4,0.4,0.4,0.0,2.0,0.0,0.278,1720,3081
CARDERO ST & HENSHAW LANE,49.286965,-123.135984,local,0,0,2,0.4,0.4,0.4,0.0,2.0,0.0,0.278,1721,3082
CARDERO ST & STOVOLD LANE,49.288354,-123.133873,local,0,0,2,0.4,0.4,0.4,0.0,2.0,0.0,0.278,1722,3083
CARDERO ST & TED NORTHE LANE,49.287664,-123.134908,local,0,0,2,0.4,0.4,0.4,0.0,2.0,0.0,0.278,1723,3084
CARNARVON ST & W 11TH AVE,49.262337,-123.172119,local,0,0,2,0.4,0.4,0.4,0.0,2.0,0.0,0.278,1724,3085
CARNARVON ST & W 22ND AVE,49.252811,-123.172894,local,0,0,2,0.4,0.4,0.4,0.0,2.0,0.0,0.278,1725,3086
CARNARVON ST & W 39TH AVE,49.236612,-123.173052,local,0,0,2,0.4,0.4,0.4,0.0,2.0,0.0,0.278,1726,3087
CAROLINA ST & E 11TH AVE,49.260635,-123.091091,local,0,0,2,0.4,0.4,0.4,0.0,2.0,0.0,0.278,1727,3088
CAROLINA ST & E 1ST AVE,49.267948,-123.090873,local,0,0,2,0.4,0.4,0.4,0.0,2.0,0.0,0.278,1728,3089
CAROLINA ST & E 5TH AVE,49.266161,-123.091005,local,0,0,2,0.4,0.4,0.4,0.0,2.0,0.0,0.278,1729,3090
CAROLINA ST & E 6TH AVE,49.265252,-123.091007,local,0,0,2,0.4,0.4,0.4,0.0,2.0,0.0,0.278,1730,3091
CAROLINA ST & E 7TH AVE,49.264343,-123.091055,local,0,0,2,0.4,0.4,0.4,0.0,2.0,0.0,0.278,1731,3092
CARRINGTON ST & W 55TH AVE,49.221517,-123.182751,local,0,0,2,0.4,0.4,0.4,0.0,2.0,0.0,0.278,1732,3094
CARTIER ST & W 38TH AVE,49.237039,-123.137119,local,0,0,2,0.4,0.4,0.4,0.0,2.0,0.0,0.278,1733,3095
CARTIER ST & W 43RD AVE,49.232405,-123.138061,local,0,0,2,0.4,0.4,0.4,0.0,2.0,0.0,0.278,1734,3096
CARTIER ST & W 46TH AVE,49.229613,-123.137375,local,0,0,2,0.4,0.4,0.4,0.0,2.0,0.0,0.278,1735,3097
CARTIER ST & W 47TH AVE,49.228699,-123.137401,local,0,0,2,0.4,0.4,0.4,0.0,2.0,0.0,0.278,1736,3098
CARTIER ST & W 52ND AVE,49.22404,-123.137561,local,0,0,2,0.4,0.4,0.4,0.0,2.0,0.0,0.278,1737,3099
CASSIAR ST & E 26TH AVE,49.247073,-123.031061,local,0,0,2,0.4,0.4,0.4,0.0,2.0,0.0,0.278,1738,3100
CASSIAR ST & E 2ND AVE,49.268455,-123.030991,local,0,0,2,0.4,0.4,0.4,0.0,2.0,0.0,0.278,1739,3101
CASSIAR ST & E 3RD AVE,49.26755,-123.030991,local,0,0,2,0.4,0.4,0.4,0.0,2.0,0.0,0.278,1740,3102
CASSIAR ST & HERMON DR,49.263091,-123.031018,local,0,0,2,0.4,0.4,0.4,0.0,2.0,0.0,0.278,1741,3103
CENTRAL ST & STATION ST,49.271029,-123.098065,local,0,0,2,0.4,0.4,0.4,0.0,2.0,0.0,0.278,1742,3105
CHARLES ST & KAMLOOPS ST,49.273275,-123.054684,local,0,0,2,0.4,0.4,0.4,0.0,2.0,0.0,0.278,1743,3107
CHARLES ST & LILLOOET ST,49.273249,-123.038912,local,0,0,2,0.4,0.4,0.4,0.0,2.0,0.0,0.278,1744,3108
CHARLES ST & NOOTKA ST,49.273254,-123.041429,local,0,0,2,0.4,0.4,0.4,0.0,2.0,0.0,0.278,1745,3109
CHARLES ST & PENTICTON ST,49.273274,-123.05204,local,0,0,2,0.4,0.4,0.4,0.0,2.0,0.0,0.278,1746,3110
CHARLES ST & ROSSLAND ST,49.273257,-123.045576,local,0,0,2,0.4,0.4,0.4,0.0,2.0,0.0,0.278,1747,3111
CHARLES ST & SLOCAN ST,49.273269,-123.049398,local,0,0,2,0.4,0.4,0.4,0.0,2.0,0.0,0.278,1748,3112
CHARLES ST & VERNON DR,49.27316,-123.078683,local,0,0,2,0.4,0.4,0.4,0.0,2.0,0.0,0.278,1749,3113
CHATHAM ST & VANNESS AVE,49.241115,-123.038778,local,0,0,2,0.4,0.4,0.4,0.0,2.0,0.0,0.278,1750,3114
CHESS ST & NATIONAL AVE,49.272584,-123.086744,local,0,0,2,0.4,0.4,0.4,0.0,2.0,0.0,0.278,1751,3115
CHESTNUT ST & GREER AVE,49.273554,-123.146322,local,0,0,2,0.4,0.4,0.4,0.0,2.0,0.0,0.278,1752,3117
CHESTNUT ST & W 1ST AVE,49.270681,-123.146403,local,0,0,2,0.4,0.4,0.4,0.0,2.0,0.0,0.278,1753,3118
CHEYENNE AVE & DUCHESS ST,49.241808,-123.049588,local,0,0,2,0.4,0.4,0.4,0.0,2.0,0.0,0.278,1754,3119
CHURCHILL ST & W 45TH AVE,49.230648,-123.141535,local,0,0,2,0.4,0.4,0.4,0.0,2.0,0.0,0.278,1755,3120
CHURCHILL ST & W 47TH AVE,49.228795,-123.141574,local,0,0,2,0.4,0.4,0.4,0.0,2.0,0.0,0.278,1756,3121
CHURCHILL ST & W 52ND AVE,49.224113,-123.141757,local,0,0,2,0.4,0.4,0.4,0.0,2.0,0.0,0.278,1757,3122
CLARENDON ST & E 48TH AVE,49.225748,-123.056083,local,0,0,2,0.4,0.4,0.4,0.0,2.0,0.0,0.278,1758,3123
CLARK DR & E 18TH AVE,49.254433,-123.077898,local,0,0,2,0.4,0.4,0.4,0.0,2.0,0.0,0.278,1759,3124
CLARK DR & E 24TH AVE,49.249015,-123.078074,local,0,0,2,0.4,0.4,0.4,0.0,2.0,0.0,0.278,1760,3125
COLLINGWOOD ST & W 20TH AVE,49.254661,-123.181851,local,0,0,2,0.4,0.4,0.4,0.0,2.0,0.0,0.278,1761,3126
COLLINGWOOD ST & W 23RD AVE,49.251933,-123.18186,local,0,0,2,0.4,0.4,0.4,0.0,2.0,0.0,0.278,1762,3127
COLLINGWOOD ST & W 24TH AVE,49.25104,-123.181858,local,0,0,2,0.4,0.4,0.4,0.0,2.0,0.0,0.278,1763,3128
COLLINGWOOD ST & W 28TH AVE,49.247114,-123.181911,local,0,0,2,0.4,0.4,0.4,0.0,2.0,0.0,0.278,1764,3129
COLLINGWOOD ST & W 35TH AVE,49.240466,-123.181965,local,0,0,2,0.4,0.4,0.4,0.0,2.0,0.0,0.278,1765,3130
COLLINGWOOD ST & W 39TH AVE,49.236439,-123.182017,local,0,0,2,0.4,0.4,0.4,0.0,2.0,0.0,0.278,1766,3131
COLLINGWOOD ST & W 42ND AVE,49.23381,-123.182032,local,0,0,2,0.4,0.4,0.4,0.0,2.0,0.0,0.278,1767,3132
COLUMBIA ST & W 11TH AVE,49.261238,-123.109525,local,0,0,2,0.4,0.4,0.4,0.0,2.0,0.0,0.278,1768,3133
COLUMBIA ST & W 37TH AVE,49.237172,-123.110593,local,0,0,2,0.4,0.4,0.4,0.0,2.0,0.0,0.278,1769,3134
COLUMBIA ST & W 40TH AVE,49.234797,-123.110691,local,0,0,2,0.4,0.4,0.4,0.0,2.0,0.0,0.278,1770,3135
COLUMBIA ST & W 44TH AVE,49.230561,-123.110867,local,0,0,2,0.4,0.4,0.4,0.0,2.0,0.0,0.278,1771,3136
COLUMBIA ST & W 47TH AVE,49.227735,-123.110788,local,0,0,2,0.4,0.4,0.4,0.0,2.0,0.0,0.278,1772,3137
COLUMBIA ST & W 62ND AVE,49.214176,-123.112722,local,0,0,2,0.4,0.4,0.4,0.0,2.0,0.0,0.278,1773,3138
COLUMBIA ST & W KING EDWARD AVE,49.248912,-123.110034,arterial,0,0,2,3.8,4.2,4.1,1.0,8.0,-0.0,0.037,1774,1112
COLUMBIA ST & WALTER HARDWICK AVE,49.270977,-123.109397,local,0,0,2,0.4,0.4,0.4,0.0,2.0,0.0,0.278,1775,3139
COMMERCIAL ST & E 55TH AVE,49.220327,-123.069192,local,0,0,2,0.4,0.4,0.4,0.0,2.0,0.0,0.278,1776,3140
COMMODORE RD & MOBERLY RD,49.266965,-123.11792,local,0,0,2,0.4,0.4,0.4,0.0,2.0,0.0,0.278,1777,3141
COMMODORE RD & SPYGLASS PL,49.267917,-123.115317,local,0,0,2,0.4,0.4,0.4,0.0,2.0,0.0,0.278,1778,3142
COTTON DR & KITCHENER ST,49.272147,-123.071526,local,0,0,2,0.4,0.4,0.4,0.0,2.0,0.0,0.278,1779,3144
COURTENAY ST & W 8TH AVE,49.265444,-123.201381,local,0,0,2,0.4,0.4,0.4,0.0,2.0,0.0,0.278,1780,3145
CRANBERRY DR & SALAL DR,49.261535,-123.15374,local,0,0,2,0.4,0.4,0.4,0.0,2.0,0.0,0.278,1781,3146
CRANBERRY DR & W 10TH AVE,49.262873,-123.1538,local,0,0,2,0.4,0.4,0.4,0.0,2.0,0.0,0.278,1782,3147
CRANBERRY DR & W 11TH AVE,49.261952,-123.153643,local,0,0,2,0.4,0.4,0.4,0.0,2.0,0.0,0.278,1783,3148
CREELMAN AVE & WALNUT ST,49.274471,-123.148901,local,0,0,2,0.4,0.4,0.4,0.0,2.0,0.0,0.278,1784,3150
CROMPTON ST & E 66TH AVE,49.210129,-123.080737,local,0,0,2,0.4,0.4,0.4,0.0,2.0,0.0,0.278,1785,3151
CROWN CRES & W 8TH AVE,49.265416,-123.199799,local,0,0,2,0.4,0.4,0.4,0.0,2.0,0.0,0.278,1786,3153
CROWN ST & W 12TH AVE,49.261787,-123.193981,local,0,0,2,0.4,0.4,0.4,0.0,2.0,0.0,0.278,1787,3154
CROWN ST & W 13TH AVE,49.260875,-123.194036,local,0,0,2,0.4,0.4,0.4,0.0,2.0,0.0,0.278,1788,3155
CROWN ST & W 18TH AVE,49.25651,-123.193569,local,0,0,2,0.4,0.4,0.4,0.0,2.0,0.0,0.278,1789,3156
CROWN ST & W 20TH AVE,49.254716,-123.193581,local,0,0,2,0.4,0.4,0.4,0.0,2.0,0.0,0.278,1790,3157
CROWN ST & W 34TH AVE,49.241458,-123.193679,local,0,0,2,0.4,0.4,0.4,0.0,2.0,0.0,0.278,1791,3158
CULLODEN ST & E 34TH AVE,49.239411,-123.079036,local,0,0,2,0.4,0.4,0.4,0.0,2.0,0.0,0.278,1792,3160
CULLODEN ST & E 37TH AVE,49.236868,-123.079122,local,0,0,2,0.4,0.4,0.4,0.0,2.0,0.0,0.278,1793,3161
CYPRESS ST & MAPLE CRES,49.246276,-123.148915,local,0,0,2,0.4,0.4,0.4,0.0,2.0,0.0,0.278,1794,3162
CYPRESS ST & W 36TH AVE,49.239089,-123.14877,local,0,0,2,0.4,0.4,0.4,0.0,2.0,0.0,0.278,1795,3163
CYPRESS ST & W 37TH AVE,49.23819,-123.148948,local,0,0,2,0.4,0.4,0.4,0.0,2.0,0.0,0.278,1796,3164
CYPRESS ST & W 54TH AVE,49.221816,-123.149636,local,0,0,2,0.4,0.4,0.4,0.0,2.0,0.0,0.278,1797,3165
CYPRESS ST & W 7TH AVE,49.265501,-123.148076,local,0,0,2,0.4,0.4,0.4,0.0,2.0,0.0,0.278,1798,3166
DIEPPE DR & DIEPPE PL,49.25645,-123.026704,local,0,0,2,0.4,0.4,0.4,0.0,2.0,0.0,0.278,1799,3167
DISCOVERY ST & W 12TH AVE,49.261925,-123.20308,local,0,0,2,0.4,0.4,0.4,0.0,2.0,0.0,0.278,1800,3168
DISCOVERY ST & W 15TH AVE,49.25919,-123.203183,local,0,0,2,0.4,0.4,0.4,0.0,2.0,0.0,0.278,1801,3169
DISCOVERY ST & W 8TH AVE,49.265472,-123.202945,local,0,0,2,0.4,0.4,0.4,0.0,2.0,0.0,0.278,1802,3170
DOMAN ST & E 47TH AVE,49.227686,-123.036501,local,0,0,2,0.4,0.4,0.4,0.0,2.0,0.0,0.278,1803,3171
DUMFRIES ST & E 15TH AVE,49.256491,-123.072844,local,0,0,2,0.4,0.4,0.4,0.0,2.0,0.0,0.278,1804,3172
DUMFRIES ST & E 22ND AVE,49.250394,-123.073312,local,0,0,2,0.4,0.4,0.4,0.0,2.0,0.0,0.278,1805,3173
DUMFRIES ST & E 26TH AVE,49.247848,-123.073387,local,0,0,2,0.4,0.4,0.4,0.0,2.0,0.0,0.278,1806,3174
DUMFRIES ST & E 35TH AVE,49.238511,-123.074092,local,0,0,2,0.4,0.4,0.4,0.0,2.0,0.0,0.278,1807,3175
DUMFRIES ST & E 39TH AVE,49.234762,-123.074214,local,0,0,2,0.4,0.4,0.4,0.0,2.0,0.0,0.278,1808,3176
DUMFRIES ST & E 43RD AVE,49.230601,-123.074346,local,0,0,2,0.4,0.4,0.4,0.0,2.0,0.0,0.278,1809,3177
DUMFRIES ST & E 59TH AVE,49.216383,-123.075544,local,0,0,2,0.4,0.4,0.4,0.0,2.0,0.0,0.278,1810,3178
DUNBAR ST & W 50TH AVE,49.226501,-123.185468,local,0,0,2,0.4,0.4,0.4,0.0,2.0,0.0,0.278,1811,3182
DUNBAR ST & W 51ST AVE,49.225507,-123.185577,local,0,0,2,0.4,0.4,0.4,0.0,2.0,0.0,0.278,1812,3183
DUNBAR ST & W 5TH AVE,49.267715,-123.183673,local,0,0,2,0.4,0.4,0.4,0.0,2.0,0.0,0.278,1813,3184
DURWARD AVE & PRINCE ALBERT ST,49.240841,-123.087928,local,0,0,2,0.4,0.4,0.4,0.0,2.0,0.0,0.278,1814,3188
E 10TH AVE & GLEN DR,49.261443,-123.081407,local,0,0,2,0.4,0.4,0.4,0.0,2.0,0.0,0.278,1815,3189
E 10TH AVE & WATSON ST,49.262,-123.100337,local,0,0,2,0.4,0.4,0.4,0.0,2.0,0.0,0.278,1816,3190
E 11TH AVE & GLEN DR,49.260558,-123.081425,local,0,0,2,0.4,0.4,0.4,0.0,2.0,0.0,0.278,1817,3191
E 13TH AVE & GLEN DR,49.258766,-123.081458,local,0,0,2,0.4,0.4,0.4,0.0,2.0,0.0,0.278,1818,3192
E 13TH AVE & PRINCE ALBERT ST,49.258806,-123.087275,local,0,0,2,0.4,0.4,0.4,0.0,2.0,0.0,0.278,1819,3193
E 13TH AVE & ST GEORGE ST,49.259295,-123.093059,local,0,0,2,0.4,0.4,0.4,0.0,2.0,0.0,0.278,1820,3194
E 14TH AVE & SOPHIA ST,49.258359,-123.098374,local,0,0,2,0.4,0.4,0.4,0.0,2.0,0.0,0.278,1821,3195
E 14TH AVE & WINDSOR ST,49.257857,-123.083369,local,0,0,2,0.4,0.4,0.4,0.0,2.0,0.0,0.278,1822,3196
E 15TH AVE & FLEMING ST,49.256431,-123.07087,local,0,0,2,0.4,0.4,0.4,0.0,2.0,0.0,0.278,1823,3197
E 15TH AVE & LILLOOET ST,49.256369,-123.039079,local,0,0,2,0.4,0.4,0.4,0.0,2.0,0.0,0.278,1824,3198
E 16TH AVE & SLOCAN ST,49.255448,-123.049529,local,0,0,2,0.4,0.4,0.4,0.0,2.0,0.0,0.278,1825,3199
E 17TH AVE & GARDEN DR,49.255086,-123.058283,local,0,0,2,0.4,0.4,0.4,0.0,2.0,0.0,0.278,1826,3201
E 17TH AVE & GLEN DR,49.255376,-123.08173,local,0,0,2,0.4,0.4,0.4,0.0,2.0,0.0,0.278,1827,3202
E 17TH AVE & QUEBEC ST,49.255708,-123.103295,local,0,0,2,0.4,0.4,0.4,0.0,2.0,0.0,0.278,1828,3203
E 17TH AVE & SOPHIA ST,49.255649,-123.098473,local,0,0,2,0.4,0.4,0.4,0.0,2.0,0.0,0.278,1829,3204
E 18TH AVE & FLEMING ST,49.25437,-123.071453,local,0,0,2,0.4,0.4,0.4,0.0,2.0,0.0,0.278,1830,3205
E 18TH AVE & KASLO ST,49.254027,-123.047046,local,0,0,2,0.4,0.4,0.4,0.0,2.0,0.0,0.278,1831,3206
E 18TH AVE & LILLOOET ST,49.254007,-123.039089,local,0,0,2,0.4,0.4,0.4,0.0,2.0,0.0,0.278,1832,3208
E 18TH AVE & QUEBEC ST,49.254631,-123.103358,local,0,0,2,0.4,0.4,0.4,0.0,2.0,0.0,0.278,1833,3209
E 18TH AVE & ST GEORGE ST,49.254685,-123.093836,local,0,0,2,0.4,0.4,0.4,0.0,2.0,0.0,0.278,1834,3210
E 18TH AVE & WELWYN ST,49.254294,-123.069337,local,0,0,2,0.4,0.4,0.4,0.0,2.0,0.0,0.278,1835,3211
E 19TH AVE & LAKEWOOD ST,49.252642,-123.060698,local,0,0,2,0.4,0.4,0.4,0.0,2.0,0.0,0.278,1836,3212
E 19TH AVE & PRINCE ALBERT ST,49.253686,-123.087567,local,0,0,2,0.4,0.4,0.4,0.0,2.0,0.0,0.278,1837,3213
E 20TH AVE & FLEMING ST,49.252533,-123.071965,local,0,0,2,0.4,0.4,0.4,0.0,2.0,0.0,0.278,1838,3214
E 20TH AVE & HULL ST,49.25268,-123.064277,local,0,0,2,0.4,0.4,0.4,0.0,2.0,0.0,0.278,1839,3215
E 20TH AVE & PRINCE ALBERT ST,49.252769,-123.087632,local,0,0,2,0.4,0.4,0.4,0.0,2.0,0.0,0.278,1840,3216
E 20TH AVE & ST CATHERINES ST,49.252739,-123.085707,local,0,0,2,0.4,0.4,0.4,0.0,2.0,0.0,0.278,1841,3217
E 21ST AVE & SLOCAN ST,49.251548,-123.049608,local,0,0,2,0.4,0.4,0.4,0.0,2.0,0.0,0.278,1842,3218
E 22ND AVE & QUEBEC ST,49.250972,-123.102906,local,0,0,2,0.4,0.4,0.4,0.0,2.0,0.0,0.278,1843,3219
E 22ND AVE & SOPHIA ST,49.251146,-123.098628,local,0,0,2,0.4,0.4,0.4,0.0,2.0,0.0,0.278,1844,3220
E 22ND AVE & ST GEORGE ST,49.251073,-123.094,local,0,0,2,0.4,0.4,0.4,0.0,2.0,0.0,0.278,1845,3221
E 23RD AVE & KASLO ST,49.249689,-123.047082,local,0,0,2,0.4,0.4,0.4,0.0,2.0,0.0,0.278,1846,3222
E 24TH AVE & PENTICTON ST,49.248823,-123.052233,local,0,0,2,0.4,0.4,0.4,0.0,2.0,0.0,0.278,1847,3223
E 24TH AVE & PRINCE ALBERT ST,49.249167,-123.087775,local,0,0,2,0.4,0.4,0.4,0.0,2.0,0.0,0.278,1848,3224
E 26TH AVE & KAMLOOPS ST,49.247122,-123.054267,local,0,0,2,0.4,0.4,0.4,0.0,2.0,0.0,0.278,1849,3225
E 26TH AVE & WATSON ST,49.247571,-123.100489,local,0,0,2,0.4,0.4,0.4,0.0,2.0,0.0,0.278,1850,3226
E 27TH AVE & WINDERMERE ST,49.246256,-123.036643,local,0,0,2,0.4,0.4,0.4,0.0,2.0,0.0,0.278,1851,3227
E 28TH AVE & JAMES ST,49.246028,-123.103913,local,0,0,2,0.4,0.4,0.4,0.0,2.0,0.0,0.278,1852,3228
E 28TH AVE & JOHN ST,49.245646,-123.097368,local,0,0,2,0.4,0.4,0.4,0.0,2.0,0.0,0.278,1853,3229
E 28TH AVE & LILLOOET ST,49.245395,-123.039127,local,0,0,2,0.4,0.4,0.4,0.0,2.0,0.0,0.278,1854,3230
E 28TH AVE & ST GEORGE ST,49.245619,-123.094144,local,0,0,2,0.4,0.4,0.4,0.0,2.0,0.0,0.278,1855,3231
E 28TH AVE & WATSON ST,49.245709,-123.100582,local,0,0,2,0.4,0.4,0.4,0.0,2.0,0.0,0.278,1856,3232
E 28TH AVE & WINDERMERE ST,49.24538,-123.036651,local,0,0,2,0.4,0.4,0.4,0.0,2.0,0.0,0.278,1857,3233
E 29TH AVE & PRINCE ALBERT ST,49.244693,-123.087826,local,0,0,2,0.4,0.4,0.4,0.0,2.0,0.0,0.278,1858,3235
E 29TH AVE & SIDNEY ST,49.244924,-123.062811,local,0,0,2,0.4,0.4,0.4,0.0,2.0,0.0,0.278,1859,3236
E 2ND AVE & LAKEWOOD DR,49.268636,-123.061894,local,0,0,2,0.4,0.4,0.4,0.0,2.0,0.0,0.278,1860,3237
E 2ND AVE & LILLOOET ST,49.268471,-123.03897,local,0,0,2,0.4,0.4,0.4,0.0,2.0,0.0,0.278,1861,3238
E 2ND AVE & LORNE ST,49.268626,-123.099629,arterial,0,0,2,3.8,4.2,4.1,1.0,8.0,-0.0,0.037,1862,1114
E 2ND AVE & WINDERMERE ST,49.26847,-123.036447,local,0,0,2,0.4,0.4,0.4,0.0,2.0,0.0,0.278,1863,3239
E 30TH AVE & JAMES ST,49.24334,-123.103975,local,0,0,2,0.4,0.4,0.4,0.0,2.0,0.0,0.278,1864,3240
E 31ST AVE & HENRY ST,49.242509,-123.07766,local,0,0,2,0.4,0.4,0.4,0.0,2.0,0.0,0.278,1865,3241
E 31ST AVE & PRINCE ALBERT ST,49.242561,-123.087882,local,0,0,2,0.4,0.4,0.4,0.0,2.0,0.0,0.278,1866,3242
E 32ND AVE & FLEMING ST,49.241609,-123.07219,local,0,0,2,0.4,0.4,0.4,0.0,2.0,0.0,0.278,1867,3243
E 32ND AVE & PRINCE ALBERT ST,49.241696,-123.087907,local,0,0,2,0.4,0.4,0.4,0.0,2.0,0.0,0.278,1868,3244
E 35TH AVE & NANAIMO ST,49.238008,-123.058756,local,0,0,2,0.4,0.4,0.4,0.0,2.0,0.0,0.278,1869,3245
E 35TH AVE & PRINCE EDWARD ST,49.238849,-123.096962,local,0,0,2,0.4,0.4,0.4,0.0,2.0,0.0,0.278,1870,3246
E 35TH AVE & SHERBROOKE ST,49.238205,-123.081316,local,0,0,2,0.4,0.4,0.4,0.0,2.0,0.0,0.278,1871,3247
E 35TH AVE & WINDSOR ST,49.238248,-123.08464,local,0,0,2,0.4,0.4,0.4,0.0,2.0,0.0,0.278,1872,3248
E 37TH AVE & GLADSTONE ST,49.236917,-123.062103,local,0,0,2,0.4,0.4,0.4,0.0,2.0,0.0,0.278,1873,3249
E 37TH AVE & NANAIMO ST,49.237394,-123.058736,local,0,0,2,0.4,0.4,0.4,0.0,2.0,0.0,0.278,1874,3250
E 37TH AVE & PRINCE EDWARD ST,49.237175,-123.097037,local,0,0,2,0.4,0.4,0.4,0.0,2.0,0.0,0.278,1875,3251
E 37TH AVE & SLOCAN ST,49.23739,-123.054229,local,0,0,2,0.4,0.4,0.4,0.0,2.0,0.0,0.278,1876,3252
E 37TH AVE & WINDSOR ST,49.23649,-123.084726,local,0,0,2,0.4,0.4,0.4,0.0,2.0,0.0,0.278,1877,3253
E 38TH AVE & RHODES ST,49.235836,-123.050274,local,0,0,2,0.4,0.4,0.4,0.0,2.0,0.0,0.278,1878,3254
E 39TH AVE & FLEMING ST,49.234746,-123.072839,local,0,0,2,0.4,0.4,0.4,0.0,2.0,0.0,0.278,1879,3255
E 39TH AVE & WINDSOR ST,49.234703,-123.084776,local,0,0,2,0.4,0.4,0.4,0.0,2.0,0.0,0.278,1880,3256
E 3RD AVE & LAKEWOOD DR,49.267727,-123.061933,local,0,0,2,0.4,0.4,0.4,0.0,2.0,0.0,0.278,1881,3257
E 40TH AVE & QUEBEC ST,49.234558,-123.103667,local,0,0,2,0.4,0.4,0.4,0.0,2.0,0.0,0.278,1882,3258
E 42ND AVE & EARLES ST,49.232028,-123.048797,local,0,0,2,0.4,0.4,0.4,0.0,2.0,0.0,0.278,1883,3259
E 42ND AVE & GLADSTONE ST,49.232051,-123.062081,local,0,0,2,0.4,0.4,0.4,0.0,2.0,0.0,0.278,1884,3260
E 43RD AVE & FLEMING ST,49.230585,-123.072965,local,0,0,2,0.4,0.4,0.4,0.0,2.0,0.0,0.278,1885,3261
E 43RD AVE & INVERNESS ST,49.230836,-123.079875,local,0,0,2,0.4,0.4,0.4,0.0,2.0,0.0,0.278,1886,3262
E 43RD AVE & MCKINNON ST,49.231148,-123.038783,local,0,0,2,0.4,0.4,0.4,0.0,2.0,0.0,0.278,1887,3263
E 43RD AVE & ONTARIO ST,49.23098,-123.105675,local,0,0,2,0.4,0.4,0.4,0.0,2.0,0.0,0.278,1888,3264
E 44TH AVE & GLADSTONE ST,49.23032,-123.062049,local,0,0,2,0.4,0.4,0.4,0.0,2.0,0.0,0.278,1889,3265
E 44TH AVE & PRINCE EDWARD ST,49.230197,-123.097339,local,0,0,2,0.4,0.4,0.4,0.0,2.0,0.0,0.278,1890,3266
E 45TH AVE & ELGIN ST,49.229081,-123.083804,local,0,0,2,0.4,0.4,0.4,0.0,2.0,0.0,0.278,1891,3267
E 45TH AVE & LATTA ST,49.229259,-123.034398,local,0,0,2,0.4,0.4,0.4,0.0,2.0,0.0,0.278,1892,3268
E 45TH AVE & MCKINNON ST,49.229271,-123.038715,local,0,0,2,0.4,0.4,0.4,0.0,2.0,0.0,0.278,1893,3269
E 45TH AVE & ROSS ST,49.229065,-123.082659,local,0,0,2,0.4,0.4,0.4,0.0,2.0,0.0,0.278,1894,3270
E 45TH AVE & TODERICK ST,49.229244,-123.02915,local,0,0,2,0.4,0.4,0.4,0.0,2.0,0.0,0.278,1895,3271
E 45TH AVE & WINDSOR ST,49.229096,-123.085146,local,0,0,2,0.4,0.4,0.4,0.0,2.0,0.0,0.278,1896,3272
E 46TH AVE & PRINCE EDWARD ST,49.228405,-123.09741,local,0,0,2,0.4,0.4,0.4,0.0,2.0,0.0,0.278,1897,3273
E 46TH AVE & VIVIAN ST,49.228443,-123.050137,local,0,0,2,0.4,0.4,0.4,0.0,2.0,0.0,0.278,1898,3274
E 46TH AVE & WALES ST,49.228452,-123.05168,local,0,0,2,0.4,0.4,0.4,0.0,2.0,0.0,0.278,1899,3275
E 47TH AVE & KIRKLAND ST,49.226379,-123.024747,local,0,0,2,0.4,0.4,0.4,0.0,2.0,0.0,0.278,1900,3276
E 48TH AVE & INVERNESS ST,49.226163,-123.080045,local,0,0,2,0.4,0.4,0.4,0.0,2.0,0.0,0.278,1901,3277
E 48TH AVE & NANAIMO ST,49.226239,-123.059134,local,0,0,2,0.4,0.4,0.4,0.0,2.0,0.0,0.278,1902,3278
E 48TH AVE & ST GEORGE ST,49.226574,-123.094035,local,0,0,2,0.4,0.4,0.4,0.0,2.0,0.0,0.278,1903,3279
E 4TH AVE & GARDEN DR,49.266766,-123.058069,local,0,0,2,0.4,0.4,0.4,0.0,2.0,0.0,0.278,1904,3280
E 4TH AVE & NOOTKA ST,49.266656,-123.041513,local,0,0,2,0.4,0.4,0.4,0.0,2.0,0.0,0.278,1905,3281
E 4TH AVE & SEMLIN DR,49.266838,-123.06388,local,0,0,2,0.4,0.4,0.4,0.0,2.0,0.0,0.278,1906,3282
E 50TH AVE & ONTARIO ST,49.224773,-123.105915,local,0,0,2,0.4,0.4,0.4,0.0,2.0,0.0,0.278,1907,3283
E 50TH AVE & ROSS ST,49.224421,-123.082852,local,0,0,2,0.4,0.4,0.4,0.0,2.0,0.0,0.278,1908,3284
E 51ST AVE & GLADSTONE ST,49.223098,-123.062494,local,0,0,2,0.4,0.4,0.4,0.0,2.0,0.0,0.278,1909,3285
E 51ST AVE & NANAIMO ST,49.222529,-123.059248,local,0,0,2,0.4,0.4,0.4,0.0,2.0,0.0,0.278,1910,3286
E 51ST AVE & ONTARIO ST,49.223809,-123.105957,local,0,0,2,0.4,0.4,0.4,0.0,2.0,0.0,0.278,1911,3287
E 51ST AVE & SHERBROOKE ST,49.223445,-123.081534,local,0,0,2,0.4,0.4,0.4,0.0,2.0,0.0,0.278,1912,3288
E 51ST AVE & VIVIAN ST,49.222709,-123.050449,local,0,0,2,0.4,0.4,0.4,0.0,2.0,0.0,0.278,1913,3289
E 52ND AVE & ONTARIO ST,49.222968,-123.10605,local,0,0,2,0.4,0.4,0.4,0.0,2.0,0.0,0.278,1914,3290
E 52ND AVE & ST GEORGE ST,49.222725,-123.094173,local,0,0,2,0.4,0.4,0.4,0.0,2.0,0.0,0.278,1915,3291
E 52ND AVE & WINDSOR ST,49.222644,-123.085233,local,0,0,2,0.4,0.4,0.4,0.0,2.0,0.0,0.278,1916,3292
E 53RD AVE & LANARK ST,49.221783,-123.076055,local,0,0,2,0.4,0.4,0.4,0.0,2.0,0.0,0.278,1917,3293
E 53RD AVE & ROSS ST,49.221876,-123.082961,local,0,0,2,0.4,0.4,0.4,0.0,2.0,0.0,0.278,1918,3294
E 53RD AVE & WALES ST,49.221115,-123.052579,local,0,0,2,0.4,0.4,0.4,0.0,2.0,0.0,0.278,1919,3295
E 55TH AVE & PRINCE EDWARD ST,49.220071,-123.097681,local,0,0,2,0.4,0.4,0.4,0.0,2.0,0.0,0.278,1920,3296
E 55TH AVE & ROSS ST,49.21973,-123.083033,local,0,0,2,0.4,0.4,0.4,0.0,2.0,0.0,0.278,1921,3297
E 56TH AVE & FLEMING ST,49.219014,-123.073975,local,0,0,2,0.4,0.4,0.4,0.0,2.0,0.0,0.278,1922,3298
E 56TH AVE & ONTARIO ST,49.219392,-123.10618,local,0,0,2,0.4,0.4,0.4,0.0,2.0,0.0,0.278,1923,3299
E 56TH AVE & PRINCE EDWARD ST,49.219215,-123.097707,local,0,0,2,0.4,0.4,0.4,0.0,2.0,0.0,0.278,1924,3300
E 56TH AVE & RUPERT ST,49.218226,-123.043805,local,0,0,2,0.4,0.4,0.4,0.0,2.0,0.0,0.278,1925,3301
E 57TH AVE & VIVIAN DR,49.218064,-123.050566,local,0,0,2,0.4,0.4,0.4,0.0,2.0,0.0,0.278,1926,3302
E 59TH AVE & SHERBROOKE ST,49.216435,-123.081645,local,0,0,2,0.4,0.4,0.4,0.0,2.0,0.0,0.278,1927,3303
E 5TH AVE & FRASER ST,49.266139,-123.08908,local,0,0,2,0.4,0.4,0.4,0.0,2.0,0.0,0.278,1928,3304
E 5TH AVE & KAMLOOPS ST,49.26572,-123.054708,local,0,0,2,0.4,0.4,0.4,0.0,2.0,0.0,0.278,1929,3305
E 5TH AVE & SLOCAN ST,49.265707,-123.049494,local,0,0,2,0.4,0.4,0.4,0.0,2.0,0.0,0.278,1930,3306
E 60TH AVE & PRINCE EDWARD ST,49.215767,-123.097813,local,0,0,2,0.4,0.4,0.4,0.0,2.0,0.0,0.278,1931,3307
E 62ND AVE & ST GEORGE ST,49.214219,-123.094249,local,0,0,2,0.4,0.4,0.4,0.0,2.0,0.0,0.278,1932,3308
E 64TH AVE & WINDSOR ST,49.211991,-123.085732,local,0,0,2,0.4,0.4,0.4,0.0,2.0,0.0,0.278,1933,3309
E 6TH AVE & KAMLOOPS ST,49.264776,-123.054713,local,0,0,2,0.4,0.4,0.4,0.0,2.0,0.0,0.278,1934,3310
E 6TH AVE & KASLO ST,49.264768,-123.046995,local,0,0,2,0.4,0.4,0.4,0.0,2.0,0.0,0.278,1935,3311
E 7TH AVE & FRASER ST,49.264332,-123.08908,local,0,0,2,0.4,0.4,0.4,0.0,2.0,0.0,0.278,1936,3312
E 7TH AVE & KASLO ST,49.263862,-123.047022,local,0,0,2,0.4,0.4,0.4,0.0,2.0,0.0,0.278,1937,3313
E 7TH AVE & LAKEWOOD DR,49.264135,-123.062,local,0,0,2,0.4,0.4,0.4,0.0,2.0,0.0,0.278,1938,3314
E 7TH AVE & WINDERMERE ST,49.26383,-123.036507,local,0,0,2,0.4,0.4,0.4,0.0,2.0,0.0,0.278,1939,3315
E 7TH AVE & WOODLAND DR,49.264185,-123.073613,local,0,0,2,0.4,0.4,0.4,0.0,2.0,0.0,0.278,1940,3316
E 8TH AVE & GLEN DR,49.263361,-123.081331,local,0,0,2,0.4,0.4,0.4,0.0,2.0,0.0,0.278,1941,3317
E 8TH AVE & WINDSOR ST,49.263375,-123.083294,local,0,0,2,0.4,0.4,0.4,0.0,2.0,0.0,0.278,1942,3318
E BROADWAY & KAMLOOPS ST,49.262017,-123.054705,arterial,0,0,2,3.8,4.2,4.1,1.0,8.0,-0.0,0.037,1943,1116
E GEORGIA ST & KASLO ST,49.278278,-123.046709,local,0,0,2,0.4,0.4,0.4,0.0,2.0,0.0,0.278,1944,3319
E GEORGIA ST & NOOTKA ST,49.278265,-123.04146,local,0,0,2,0.4,0.4,0.4,0.0,2.0,0.0,0.278,1945,3320
E PENDER ST & GARDEN DR,49.280233,-123.057847,local,0,0,2,0.4,0.4,0.4,0.0,2.0,0.0,0.278,1946,3326
E PENDER ST & KAMLOOPS ST,49.280231,-123.05459,local,0,0,2,0.4,0.4,0.4,0.0,2.0,0.0,0.278,1947,3327
E PENDER ST & MCLEAN DR,49.280325,-123.07412,local,0,0,2,0.4,0.4,0.4,0.0,2.0,0.0,0.278,1948,3328
E PENDER ST & NOOTKA ST,49.280203,-123.041449,local,0,0,2,0.4,0.4,0.4,0.0,2.0,0.0,0.278,1949,3329
E PENDER ST & SEMLIN DR,49.280239,-123.063656,local,0,0,2,0.4,0.4,0.4,0.0,2.0,0.0,0.278,1950,3330
E PENDER ST & SLOCAN ST,49.280222,-123.049336,local,0,0,2,0.4,0.4,0.4,0.0,2.0,0.0,0.278,1951,3331
E PENDER ST & TEMPLETON DR,49.280234,-123.059778,local,0,0,2,0.4,0.4,0.4,0.0,2.0,0.0,0.278,1952,3332
EAST BOULEVARD & W 44TH AVE,49.231849,-123.155098,local,0,0,2,0.4,0.4,0.4,0.0,2.0,0.0,0.278,1953,3333
EAST BOULEVARD & W 46TH AVE,49.229877,-123.155175,local,0,0,2,0.4,0.4,0.4,0.0,2.0,0.0,0.278,1954,3334
EAST BOULEVARD & W 54TH AVE,49.221836,-123.15136,local,0,0,2,0.4,0.4,0.4,0.0,2.0,0.0,0.278,1955,3335
EDDINGTON DR & HAGGART ST,49.245215,-123.160467,local,0,0,2,0.4,0.4,0.4,0.0,2.0,0.0,0.278,1956,3336
EDDINGTON DR & VALLEY DR,49.246772,-123.157138,local,0,0,2,0.4,0.4,0.4,0.0,2.0,0.0,0.278,1957,3337
ELM ST & W 45TH AVE,49.230995,-123.164344,local,0,0,2,0.4,0.4,0.4,0.0,2.0,0.0,0.278,1958,3339
EUCLID AVE & MCKINNON ST,49.23725,-123.035639,local,0,0,2,0.4,0.4,0.4,0.0,2.0,0.0,0.278,1959,3340
EVANS AVE & THORNTON ST,49.272753,-123.092921,local,0,0,2,0.4,0.4,0.4,0.0,2.0,0.0,0.278,1960,3341
FAIRCHILD RD & W 45TH AVE,49.229919,-123.119363,local,0,0,2,0.4,0.4,0.4,0.0,2.0,0.0,0.278,1961,3342
FAIRMONT ST & HORLEY ST,49.238832,-123.044553,local,0,0,2,0.4,0.4,0.4,0.0,2.0,0.0,0.278,1962,3343
FAIRMONT ST & VANNESS AVE,49.242265,-123.041599,local,0,0,2,0.4,0.4,0.4,0.0,2.0,0.0,0.278,1963,3344
FIR ST & MARPOLE AVE,49.255872,-123.140565,local,0,0,2,0.4,0.4,0.4,0.0,2.0,0.0,0.278,1964,3345
FOSTER AVE & LINCOLN ST,49.234129,-123.02592,local,0,0,2,0.4,0.4,0.4,0.0,2.0,0.0,0.278,1965,3347
FOSTER AVE & ORMIDALE ST,49.234127,-123.024822,local,0,0,2,0.4,0.4,0.4,0.0,2.0,0.0,0.278,1966,3348
FRANCES ST & SALSBURY DR,49.27935,-123.06833,local,0,0,2,0.4,0.4,0.4,0.0,2.0,0.0,0.278,1967,3349
FREMLIN ST & W 64TH AVE,49.21294,-123.127349,local,0,0,2,0.4,0.4,0.4,0.0,2.0,0.0,0.278,1968,3350
GALT ST & GLADSTONE ST,49.244312,-123.060976,local,0,0,2,0.4,0.4,0.4,0.0,2.0,0.0,0.278,1969,3351
GARDEN DR & VENABLES ST,49.276574,-123.057891,local,0,0,2,0.4,0.4,0.4,0.0,2.0,0.0,0.278,1970,3352
GLADSTONE ST & MANNERING AVE,49.240672,-123.06284,local,0,0,2,0.4,0.4,0.4,0.0,2.0,0.0,0.278,1971,3353
GLADSTONE ST & UPLAND DR,49.21801,-123.062036,local,0,0,2,0.4,0.4,0.4,0.0,2.0,0.0,0.278,1972,3354
GLEN DR & MALKIN AVE,49.273094,-123.081456,local,0,0,2,0.4,0.4,0.4,0.0,2.0,0.0,0.278,1973,3355
GRANDVIEW HWY N & LAKEWOOD DR,49.260645,-123.062059,local,0,1,2,1.6,1.8,1.7,0.0,4.0,-0.0,0.084,1974,1712
GRANT ST & MCLEAN DR,49.271479,-123.075381,local,0,0,2,0.4,0.4,0.4,0.0,2.0,0.0,0.278,1975,3357
GRANT ST & NOOTKA ST,49.271351,-123.041409,local,0,0,2,0.4,0.4,0.4,0.0,2.0,0.0,0.278,1976,3358
GRANT ST & ODLUM DR,49.271486,-123.075965,local,0,0,2,0.4,0.4,0.4,0.0,2.0,0.0,0.278,1977,3359
GRANT ST & SALSBURY DR,49.271284,-123.067698,local,0,0,2,0.4,0.4,0.4,0.0,2.0,0.0,0.278,1978,3360
GRAVELEY ST & KASLO ST,49.270422,-123.04692,local,0,0,2,0.4,0.4,0.4,0.0,2.0,0.0,0.278,1979,3365
GRAVELEY ST & KOOTENAY ST,49.270328,-123.026886,local,0,0,2,0.4,0.4,0.4,0.0,2.0,0.0,0.278,1980,3366
GRAVELEY ST & WINDERMERE ST,49.270384,-123.036428,local,0,0,2,0.4,0.4,0.4,0.0,2.0,0.0,0.278,1981,3367
HAIG ST & W 64TH AVE,49.213102,-123.136908,local,0,0,2,0.4,0.4,0.4,0.0,2.0,0.0,0.278,1982,3368
HAWKS AVE & UNION ST,49.277436,-123.087298,local,0,0,2,0.4,0.4,0.4,0.0,2.0,0.0,0.278,1983,3369
HEATHER ST & W 22ND AVE,49.251586,-123.120309,local,0,0,2,0.4,0.4,0.4,0.0,2.0,0.0,0.278,1984,3370
HEATHER ST & W 23RD AVE,49.250682,-123.120323,local,0,0,2,0.4,0.4,0.4,0.0,2.0,0.0,0.278,1985,3371
HEATHER ST & W 28TH AVE,49.246199,-123.120436,local,0,0,2,0.4,0.4,0.4,0.0,2.0,0.0,0.278,1986,3372
HEATHER ST & W 61ST AVE,49.215521,-123.123937,local,0,0,2,0.4,0.4,0.4,0.0,2.0,0.0,0.278,1987,3373
HEATHER ST & W 66TH AVE,49.211282,-123.124109,local,0,0,2,0.4,0.4,0.4,0.0,2.0,0.0,0.278,1988,3374
HEATHER ST & W 67TH AVE,49.210646,-123.124132,local,0,0,2,0.4,0.4,0.4,0.0,2.0,0.0,0.278,1989,3375
HEATLEY AVE & KEEFER ST,49.279261,-123.089685,local,0,0,2,0.4,0.4,0.4,0.0,2.0,0.0,0.278,1990,3376
HEBB AVE & NOOTKA ST,49.259632,-123.040127,local,0,0,2,0.4,0.4,0.4,0.0,2.0,0.0,0.278,1991,3377
HIGHBURY ST & W 13TH AVE,49.260782,-123.187908,local,0,0,2,0.4,0.4,0.4,0.0,2.0,0.0,0.278,1992,3379
HIGHBURY ST & W 17TH AVE,49.257399,-123.188005,local,0,0,2,0.4,0.4,0.4,0.0,2.0,0.0,0.278,1993,3380
HIGHBURY ST & W 18TH AVE,49.256486,-123.188015,local,0,0,2,0.4,0.4,0.4,0.0,2.0,0.0,0.278,1994,3381
HIGHBURY ST & W 19TH AVE,49.255569,-123.188025,local,0,0,2,0.4,0.4,0.4,0.0,2.0,0.0,0.278,1995,3382
HIGHBURY ST & W 1ST AVE,49.271351,-123.187519,local,0,0,2,0.4,0.4,0.4,0.0,2.0,0.0,0.278,1996,3383
HIGHBURY ST & W 31ST AVE,49.244275,-123.188139,local,0,0,2,0.4,0.4,0.4,0.0,2.0,0.0,0.278,1997,3384
HOWE ST & W PENDER ST,49.285277,-123.115844,arterial,1,0,2,16.4,17.9,17.9,10.0,27.0,-0.0,0.009,1998,305
HOYLAKE AVE & MUIRFIELD DR,49.215782,-123.055306,local,0,0,2,0.4,0.4,0.4,0.0,2.0,0.0,0.278,1999,3386
HOYLAKE AVE & NANAIMO ST,49.215837,-123.059344,local,0,0,2,0.4,0.4,0.4,0.0,2.0,0.0,0.278,2000,3387
HUDSON ST & W 38TH AVE,49.236956,-123.134728,local,0,0,2,0.4,0.4,0.4,0.0,2.0,0.0,0.278,2001,3388
HUDSON ST & W 51ST AVE,49.224897,-123.135158,local,0,0,2,0.4,0.4,0.4,0.0,2.0,0.0,0.278,2002,3389
HUDSON ST & W 52ND AVE,49.224006,-123.135188,local,0,0,2,0.4,0.4,0.4,0.0,2.0,0.0,0.278,2003,3390
HUDSON ST & W 75TH AVE,49.202151,-123.134852,local,0,0,2,0.4,0.4,0.4,0.0,2.0,0.0,0.278,2004,3391
INDUSTRIAL AVE & WESTERN ST,49.270455,-123.100006,local,0,0,2,0.4,0.4,0.4,0.0,2.0,0.0,0.278,2005,3392
JACK UPPAL ST & SAWMILL CRES,49.206294,-123.033176,local,0,0,2,0.4,0.4,0.4,0.0,2.0,0.0,0.278,2006,3393
JACKSON AVE & RAILWAY ST,49.284755,-123.093272,local,0,0,2,0.4,0.4,0.4,0.0,2.0,0.0,0.278,2007,3394
JERVIS ST & JUNG LANE,49.281064,-123.137525,local,0,0,2,0.4,0.4,0.4,0.0,2.0,0.0,0.278,2008,3396
JERVIS ST & TED NORTHE LANE,49.285243,-123.131195,local,0,0,2,0.4,0.4,0.4,0.0,2.0,0.0,0.278,2009,3397
JOYCE STATION LOOP & VANNESS AVE,49.238758,-123.033007,local,0,0,2,0.4,0.4,0.4,0.0,2.0,0.0,0.278,2010,3398
JUNG LANE & NICOLA ST,49.282718,-123.140158,local,0,0,2,0.4,0.4,0.4,0.0,2.0,0.0,0.278,2011,3399
KERR ST & RIVERWALK AVE,49.206104,-123.042291,local,0,0,2,0.4,0.4,0.4,0.0,2.0,0.0,0.278,2012,3400
KERSLAND DR & W 37TH AVE,49.237132,-123.11448,local,0,0,2,0.4,0.4,0.4,0.0,2.0,0.0,0.278,2013,3402
KITCHENER ST & LILLOOET ST,49.272284,-123.038921,local,0,0,2,0.4,0.4,0.4,0.0,2.0,0.0,0.278,2014,3403
KITCHENER ST & SALSBURY DR,49.27213,-123.067664,local,0,0,2,0.4,0.4,0.4,0.0,2.0,0.0,0.278,2015,3404
LABURNUM ST & W 61ST AVE,49.216091,-123.151219,local,0,0,2,0.4,0.4,0.4,0.0,2.0,0.0,0.278,2016,3405
LAGOON DR & STANLEY PARK DR,49.293517,-123.14797,none,0,0,2,1.2,1.3,1.3,0.0,4.0,0.0,0.11,2017,1927
LAKEWOOD DR & TURNER ST,49.279119,-123.061748,local,0,0,2,0.4,0.4,0.4,0.0,2.0,0.0,0.278,2018,3406
LAKEWOOD DR & WILLIAM ST,49.27382,-123.061815,local,0,0,2,0.4,0.4,0.4,0.0,2.0,0.0,0.278,2019,3407
LANCASTER ST & SCHOOL AVE,49.234881,-123.041692,local,0,0,2,0.4,0.4,0.4,0.0,2.0,0.0,0.278,2020,3408
LARCH ST & W 14TH AVE,49.25931,-123.162594,local,0,0,2,0.4,0.4,0.4,0.0,2.0,0.0,0.278,2021,3409
LARCH ST & W 1ST AVE,49.270936,-123.16217,local,0,0,2,0.4,0.4,0.4,0.0,2.0,0.0,0.278,2022,3410
LARCH ST & W 2ND AVE,49.270049,-123.162201,local,0,0,2,0.4,0.4,0.4,0.0,2.0,0.0,0.278,2023,3411
LARCH ST & W 5TH AVE,49.267413,-123.162284,local,0,0,2,0.4,0.4,0.4,0.0,2.0,0.0,0.278,2024,3412
LARCH ST & W 8TH AVE,49.264897,-123.162378,local,0,0,2,0.4,0.4,0.4,0.0,2.0,0.0,0.278,2025,3413
LARCH ST & YORK AVE,49.271832,-123.162136,local,0,0,2,0.4,0.4,0.4,0.0,2.0,0.0,0.278,2026,3414
LAUREL ST & W 15TH AVE,49.257774,-123.124361,local,0,0,2,0.4,0.4,0.4,0.0,2.0,0.0,0.278,2027,3415
LAUREL ST & W 19TH AVE,49.254364,-123.12452,local,0,0,2,0.4,0.4,0.4,0.0,2.0,0.0,0.278,2028,3416
LAUREL ST & W 27TH AVE,49.247181,-123.124788,local,0,0,2,0.4,0.4,0.4,0.0,2.0,0.0,0.278,2029,3417
LAUREL ST & W 52ND AVE,49.223875,-123.125248,local,0,0,2,0.4,0.4,0.4,0.0,2.0,0.0,0.278,2030,3418
LAUREL ST & W 54TH AVE,49.22147,-123.125356,local,0,0,2,0.4,0.4,0.4,0.0,2.0,0.0,0.278,2031,3419
LAUREL ST & W 59TH AVE,49.217048,-123.126137,local,0,0,2,0.4,0.4,0.4,0.0,2.0,0.0,0.278,2032,3420
LAUREL ST & W 71ST AVE,49.206855,-123.126301,local,0,0,2,0.4,0.4,0.4,0.0,2.0,0.0,0.278,2033,3421
LAURIER AVE & OSLER ST,49.250689,-123.12977,local,0,0,2,0.4,0.4,0.4,0.0,2.0,0.0,0.278,2034,3422
LORD ST & W 65TH AVE,49.211445,-123.118587,local,0,0,2,0.4,0.4,0.4,0.0,2.0,0.0,0.278,2035,3424
MACKENZIE ST & W 11TH AVE,49.262307,-123.170205,local,0,0,2,0.4,0.4,0.4,0.0,2.0,0.0,0.278,2036,3426
MACKENZIE ST & W 12TH AVE,49.261396,-123.170251,local,0,0,2,0.4,0.4,0.4,0.0,2.0,0.0,0.278,2037,3427
MACKENZIE ST & W 19TH AVE,49.255517,-123.170094,local,0,0,2,0.4,0.4,0.4,0.0,2.0,0.0,0.278,2038,3428
MACKENZIE ST & W 42ND AVE,49.233756,-123.170286,local,0,0,2,0.4,0.4,0.4,0.0,2.0,0.0,0.278,2039,3429
MACKENZIE ST & W 44TH AVE,49.231908,-123.170298,local,0,0,2,0.4,0.4,0.4,0.0,2.0,0.0,0.278,2040,3430
MACKENZIE ST & W 45TH AVE,49.230997,-123.170303,local,0,0,2,0.4,0.4,0.4,0.0,2.0,0.0,0.278,2041,3431
MANITOBA ST & W 22ND AVE,49.251009,-123.107335,local,0,0,2,0.4,0.4,0.4,0.0,2.0,0.0,0.278,2042,3434
MANITOBA ST & W 23RD AVE,49.24996,-123.107399,local,0,0,2,0.4,0.4,0.4,0.0,2.0,0.0,0.278,2043,3435
MANITOBA ST & W 45TH AVE,49.229533,-123.108236,local,0,0,2,0.4,0.4,0.4,0.0,2.0,0.0,0.278,2044,3436
MANITOBA ST & W 46TH AVE,49.228612,-123.108325,local,0,0,2,0.4,0.4,0.4,0.0,2.0,0.0,0.278,2045,3437
MANOR ST & VANNESS AVE,49.241501,-123.039725,local,0,0,2,0.4,0.4,0.4,0.0,2.0,0.0,0.278,2046,3439
MAPLE ST & NANTON AVE,49.247644,-123.151832,local,0,0,2,0.4,0.4,0.4,0.0,2.0,0.0,0.278,2047,3440
MAPLE ST & W 11TH AVE,49.261904,-123.150603,local,0,0,2,0.4,0.4,0.4,0.0,2.0,0.0,0.278,2048,3441
MAPLE ST & W 14TH AVE,49.259118,-123.150692,local,0,0,2,0.4,0.4,0.4,0.0,2.0,0.0,0.278,2049,3442
MAPLE ST & W 44TH AVE,49.231787,-123.152146,local,0,0,2,0.4,0.4,0.4,0.0,2.0,0.0,0.278,2050,3443
MAPLE ST & W 60TH AVE,49.217196,-123.15253,local,0,0,2,0.4,0.4,0.4,0.0,2.0,0.0,0.278,2051,3444
MARGUERITE ST & W 28TH AVE,49.246589,-123.144373,local,0,0,2,0.4,0.4,0.4,0.0,2.0,0.0,0.278,2052,3445
MARGUERITE ST & W 40TH AVE,49.235699,-123.144677,local,0,0,2,0.4,0.4,0.4,0.0,2.0,0.0,0.278,2053,3446
MARINE WAY & SE MARINE DR & TURNING LANE,49.207883,-123.038868,arterial,1,0,2,16.4,17.9,17.9,10.0,27.0,-0.0,0.009,2054,306
MARSTRAND AVE & YEW ST,49.262432,-123.155351,local,0,0,2,0.4,0.4,0.4,0.0,2.0,0.0,0.278,2055,3447
MATTHEWS AVE & OSLER ST,49.254021,-123.130767,local,0,0,2,0.4,0.4,0.4,0.0,2.0,0.0,0.278,2056,3448
MCHARDY ST & PRICE ST,49.242925,-123.031374,local,0,0,2,0.4,0.4,0.4,0.0,2.0,0.0,0.278,2057,3449
MILTON ST & W 75TH AVE,49.204223,-123.141597,local,0,0,2,0.4,0.4,0.4,0.0,2.0,0.0,0.278,2058,3450
MONTCALM ST & W 62ND AVE,49.21497,-123.13555,local,0,0,2,0.4,0.4,0.4,0.0,2.0,0.0,0.278,2059,3451
MONTCALM ST & W 64TH AVE,49.21308,-123.135591,local,0,0,2,0.4,0.4,0.4,0.0,2.0,0.0,0.278,2060,3452
MONTCALM ST & W 73RD AVE,49.204547,-123.136357,local,0,0,2,0.4,0.4,0.4,0.0,2.0,0.0,0.278,2061,3453
N GARDEN DR & OXFORD ST,49.285705,-123.05775,local,0,0,2,0.4,0.4,0.4,0.0,2.0,0.0,0.278,2062,3454
N LAKEWOOD DR & OXFORD ST,49.285717,-123.061615,local,0,0,2,0.4,0.4,0.4,0.0,2.0,0.0,0.278,2063,3455
NANAIMO ST & SCARBORO AVE,49.213351,-123.059401,local,0,0,2,0.4,0.4,0.4,0.0,2.0,0.0,0.278,2064,3456
NANAIMO ST & WAVERLEY AVE,49.227078,-123.05909,local,0,0,2,0.4,0.4,0.4,0.0,2.0,0.0,0.278,2065,3457
NAPIER ST & VERNON DR,49.274964,-123.078659,local,0,0,2,0.4,0.4,0.4,0.0,2.0,0.0,0.278,2066,3458
NEAL ST & W 50TH AVE,49.225416,-123.122253,local,0,0,2,0.4,0.4,0.4,0.0,2.0,0.0,0.278,2067,3459
NICOLA ST & PANTAGES LANE,49.284116,-123.137992,local,0,0,2,0.4,0.4,0.4,0.0,2.0,0.0,0.278,2068,3460
NORTHERN ST & WESTERN ST,49.271855,-123.099373,local,0,0,2,0.4,0.4,0.4,0.0,2.0,0.0,0.278,2069,3461
OAK ST & W 29TH AVE,49.245404,-123.12765,arterial,0,0,2,3.8,4.2,4.1,1.0,8.0,-0.0,0.037,2070,1118
OSLER ST & W 32ND AVE,49.242469,-123.130074,local,0,0,2,0.4,0.4,0.4,0.0,2.0,0.0,0.278,2071,3463
PANDORA ST & PENTICTON ST,49.282988,-123.05195,local,0,0,2,0.4,0.4,0.4,0.0,2.0,0.0,0.278,2072,3465
PANDORA ST & SKEENA ST,49.282953,-123.02832,local,0,0,2,0.4,0.4,0.4,0.0,2.0,0.0,0.278,2073,3466
PARK DR & SHAUGHNESSY ST,49.214082,-123.128702,local,0,0,2,0.4,0.4,0.4,0.0,2.0,0.0,0.278,2074,3467
PARKER ST & RUPERT ST,49.275797,-123.033608,local,0,0,2,0.4,0.4,0.4,0.0,2.0,0.0,0.278,2075,3468
PENTICTON ST & TRIUMPH ST,49.283894,-123.051966,local,0,0,2,0.4,0.4,0.4,0.0,2.0,0.0,0.278,2076,3470
PINE CRES & W 19TH AVE,49.254607,-123.14596,local,0,0,2,0.4,0.4,0.4,0.0,2.0,0.0,0.278,2077,3471
PINE ST & W 6TH AVE,49.266263,-123.143308,local,0,0,2,0.4,0.4,0.4,0.0,2.0,0.0,0.278,2078,3472
ROSE ST & WILLIAM ST,49.273762,-123.062906,local,0,0,2,0.4,0.4,0.4,0.0,2.0,0.0,0.278,2079,3475
RUBY ST & WELLINGTON AVE,49.238833,-123.027135,local,0,0,2,0.4,0.4,0.4,0.0,2.0,0.0,0.278,2080,3476
SALSBURY DR & TRIUMPH ST,49.283446,-123.06826,local,0,0,2,0.4,0.4,0.4,0.0,2.0,0.0,0.278,2081,3477
SASAMAT ST & W 5TH AVE,49.268155,-123.208914,local,0,0,2,0.4,0.4,0.4,0.0,2.0,0.0,0.278,2082,3478
SASAMAT ST & W 8TH AVE,49.26558,-123.209073,local,0,0,2,0.4,0.4,0.4,0.0,2.0,0.0,0.278,2083,3479
SASAMAT ST & W 9TH AVE,49.264711,-123.209077,local,0,0,2,0.4,0.4,0.4,0.0,2.0,0.0,0.278,2084,3480
SCHOOL AVE & SENLAC ST,49.231754,-123.03421,local,0,0,2,0.4,0.4,0.4,0.0,2.0,0.0,0.278,2085,3481
SEAFORTH DR & WORTHINGTON DR,49.254727,-123.030972,local,0,0,2,0.4,0.4,0.4,0.0,2.0,0.0,0.278,2086,3482
SELKIRK ST & W 39TH AVE,49.235953,-123.132488,local,0,0,2,0.4,0.4,0.4,0.0,2.0,0.0,0.278,2087,3483
SKEENA ST & TRIUMPH ST,49.283865,-123.028313,local,0,0,2,0.4,0.4,0.4,0.0,2.0,0.0,0.278,2088,3486
SLOCAN ST & WILLIAM ST,49.274142,-123.049388,local,0,0,2,0.4,0.4,0.4,0.0,2.0,0.0,0.278,2089,3487
STEPHENS ST & W 13TH AVE,49.260449,-123.166376,local,0,0,2,0.4,0.4,0.4,0.0,2.0,0.0,0.278,2090,3489
STEPHENS ST & W 15TH AVE,49.258633,-123.166484,local,0,0,2,0.4,0.4,0.4,0.0,2.0,0.0,0.278,2091,3490
STEPHENS ST & W 2ND AVE,49.270113,-123.166301,local,0,0,2,0.4,0.4,0.4,0.0,2.0,0.0,0.278,2092,3491
STEPHENS ST & W 3RD AVE,49.26922,-123.166329,local,0,0,2,0.4,0.4,0.4,0.0,2.0,0.0,0.278,2093,3492
STEPHENS ST & W 7TH AVE,49.265769,-123.166436,local,0,0,2,0.4,0.4,0.4,0.0,2.0,0.0,0.278,2094,3493
STIRLING ST & UPLAND DR,49.217996,-123.06074,local,0,0,2,0.4,0.4,0.4,0.0,2.0,0.0,0.278,2095,3494
SW MARINE DR & YEW ST,49.222105,-123.159199,arterial,0,0,2,3.8,4.2,4.1,1.0,8.0,-0.0,0.037,2096,1119
TECUMSEH AVE & THE CRESCENT,49.256246,-123.134256,local,0,0,2,0.4,0.4,0.4,0.0,2.0,0.0,0.278,2097,3495
TISDALL ST & W 42ND AVE,49.232773,-123.122603,local,0,0,2,0.4,0.4,0.4,0.0,2.0,0.0,0.278,2098,3496
TISDALL ST & W 50TH AVE,49.225373,-123.120897,local,0,0,2,0.4,0.4,0.4,0.0,2.0,0.0,0.278,2099,3497
TOLMIE ST & W 11TH AVE,49.262971,-123.212183,local,0,0,2,0.4,0.4,0.4,0.0,2.0,0.0,0.278,2100,3498
TOLMIE ST & W 13TH AVE,49.261153,-123.212231,local,0,0,2,0.4,0.4,0.4,0.0,2.0,0.0,0.278,2101,3499
TOLMIE ST & W 15TH AVE,49.259337,-123.212294,local,0,0,2,0.4,0.4,0.4,0.0,2.0,0.0,0.278,2102,3500
TRAFALGAR ST & W 15TH AVE,49.258507,-123.164881,local,0,0,2,0.4,0.4,0.4,0.0,2.0,0.0,0.278,2103,3501
TRAFALGAR ST & W 18TH AVE,49.256396,-123.165093,local,0,0,2,0.4,0.4,0.4,0.0,2.0,0.0,0.278,2104,3502
TRAFALGAR ST & W 19TH AVE,49.255486,-123.165128,local,0,0,2,0.4,0.4,0.4,0.0,2.0,0.0,0.278,2105,3503
TRIMBLE ST & W 12TH AVE,49.261966,-123.206149,local,0,0,2,0.4,0.4,0.4,0.0,2.0,0.0,0.278,2106,3504
TRIMBLE ST & W 15TH AVE,49.25924,-123.20624,local,0,0,2,0.4,0.4,0.4,0.0,2.0,0.0,0.278,2107,3505
TRIMBLE ST & W 7TH AVE,49.266396,-123.20597,local,0,0,2,0.4,0.4,0.4,0.0,2.0,0.0,0.278,2108,3506
TRIMBLE ST & W 8TH AVE,49.265527,-123.206006,local,0,0,2,0.4,0.4,0.4,0.0,2.0,0.0,0.278,2109,3507
TRIMBLE ST & W 9TH AVE,49.264662,-123.206044,local,0,0,2,0.4,0.4,0.4,0.0,2.0,0.0,0.278,2110,3508
TUPPER ST & W 17TH AVE,49.256029,-123.11601,local,0,0,2,0.4,0.4,0.4,0.0,2.0,0.0,0.278,2111,3509
TUPPER ST & W 18TH AVE,49.255066,-123.116019,local,0,0,2,0.4,0.4,0.4,0.0,2.0,0.0,0.278,2112,3510
UNION ST & VERNON DR,49.277303,-123.079281,local,0,0,2,0.4,0.4,0.4,0.0,2.0,0.0,0.278,2113,3511
VALLEY DR & W 23RD AVE,49.251793,-123.160732,local,0,0,2,0.4,0.4,0.4,0.0,2.0,0.0,0.278,2114,3512
VALLEY DR & W 30TH AVE,49.244767,-123.152372,local,0,0,2,0.4,0.4,0.4,0.0,2.0,0.0,0.278,2115,3513
VENABLES ST & WINDERMERE ST,49.276507,-123.036283,local,0,0,2,0.4,0.4,0.4,0.0,2.0,0.0,0.278,2116,3514
VERNON DR & WILLIAM ST,49.274061,-123.078668,local,0,0,2,0.4,0.4,0.4,0.0,2.0,0.0,0.278,2117,3515
VINE ST & W 14TH AVE,49.259265,-123.157816,local,0,0,2,0.4,0.4,0.4,0.0,2.0,0.0,0.278,2118,3516
VINE ST & W 22ND AVE,49.252661,-123.158083,local,0,0,2,0.4,0.4,0.4,0.0,2.0,0.0,0.278,2119,3517
VINE ST & W 36TH AVE,49.239329,-123.159754,local,0,0,2,0.4,0.4,0.4,0.0,2.0,0.0,0.278,2120,3518
VINE ST & W 7TH AVE,49.265649,-123.157617,local,0,0,2,0.4,0.4,0.4,0.0,2.0,0.0,0.278,2121,3519
W 11TH AVE & WATERLOO ST,49.262456,-123.17986,local,0,0,2,0.4,0.4,0.4,0.0,2.0,0.0,0.278,2122,3521
W 12TH AVE & WATERLOO ST,49.261578,-123.179924,local,0,0,2,0.4,0.4,0.4,0.0,2.0,0.0,0.278,2123,3522
W 14TH AVE & YUKON ST,49.258701,-123.113076,local,0,0,2,0.4,0.4,0.4,0.0,2.0,0.0,0.278,2124,3523
W 15TH AVE & WILLOW ST,49.257731,-123.122051,local,0,0,2,0.4,0.4,0.4,0.0,2.0,0.0,0.278,2125,3524
W 19TH AVE & YEW ST,49.255334,-123.155618,local,0,0,2,0.4,0.4,0.4,0.0,2.0,0.0,0.278,2126,3525
W 20TH AVE & YEW ST,49.254437,-123.155652,local,0,0,2,0.4,0.4,0.4,0.0,2.0,0.0,0.278,2127,3526
W 21ST AVE & WALLACE ST,49.253787,-123.190822,local,0,0,2,0.4,0.4,0.4,0.0,2.0,0.0,0.278,2128,3527
W 22ND AVE & WILLOW ST,49.251623,-123.122215,local,0,0,2,0.4,0.4,0.4,0.0,2.0,0.0,0.278,2129,3528
W 23RD AVE & YUKON ST,49.250069,-123.1128,local,0,0,2,0.4,0.4,0.4,0.0,2.0,0.0,0.278,2130,3529
W 27TH AVE & WILLOW ST,49.247141,-123.122406,local,0,0,2,0.4,0.4,0.4,0.0,2.0,0.0,0.278,2131,3530
W 28TH AVE & WILLOW ST,49.246226,-123.122439,local,0,0,2,0.4,0.4,0.4,0.0,2.0,0.0,0.278,2132,3531
W 2ND AVE & SXWMEOKWEYEMASEM ST,49.270272,-123.175696,local,0,0,2,0.4,0.4,0.4,0.0,2.0,0.0,0.278,2133,3532
W 30TH AVE & WALLACE ST,49.245243,-123.1909,local,0,0,2,0.4,0.4,0.4,0.0,2.0,0.0,0.278,2134,3533
W 44TH AVE & YEW ST,49.231883,-123.158617,local,0,0,2,0.4,0.4,0.4,0.0,2.0,0.0,0.278,2135,3534
W 46TH AVE & WILLOW ST,49.229137,-123.123409,local,0,0,2,0.4,0.4,0.4,0.0,2.0,0.0,0.278,2136,3535
W 62ND AVE & YUKON ST,49.214094,-123.115486,local,0,0,2,0.4,0.4,0.4,0.0,2.0,0.0,0.278,2137,3537
W 8TH AVE & SXWMEOKWEYEMASEM ST,49.265072,-123.1759,local,0,0,2,0.4,0.4,0.4,0.0,2.0,0.0,0.278,2138,3538
W 8TH AVE & YEW ST,49.264795,-123.155264,local,0,0,2,0.4,0.4,0.4,0.0,2.0,0.0,0.278,2139,3539
WALES ST & WAVERLEY AVE,49.226734,-123.051761,local,0,0,2,0.4,0.4,0.4,0.0,2.0,0.0,0.278,2140,3540
WORTHINGTON DR & WORTHINGTON PL,49.254743,-123.032431,local,0,0,2,0.4,0.4,0.4,0.0,2.0,0.0,0.278,2141,3541
ABERDEEN ST & FOSTER AVE,49.23413,-123.028143,local,0,0,2,0.2,0.4,0.3,0.0,1.0,-0.1,0.278,2142,3542
ADANAC ST & CASSIAR TUNNEL,49.277431,-123.031683,local,0,0,2,0.2,0.4,0.3,0.0,1.0,-0.1,0.278,2143,3543
ADANAC ST & KAMLOOPS ST,49.27747,-123.054611,local,0,0,2,0.2,0.4,0.3,0.0,1.0,-0.1,0.278,2144,3544
ADANAC ST & LAKEWOOD DR,49.277493,-123.061745,local,0,0,2,0.2,0.4,0.3,0.0,1.0,-0.1,0.278,2145,3545
ADANAC ST & VERNON DR,49.277705,-123.079269,local,0,0,2,0.2,0.4,0.3,0.0,1.0,-0.1,0.278,2146,3546
ADERA ST & W 47TH AVE,49.228812,-123.143519,local,0,0,2,0.2,0.4,0.3,0.0,1.0,-0.1,0.278,2147,3547
ADERA ST & W 52ND AVE,49.22412,-123.143609,local,0,0,2,0.2,0.4,0.3,0.0,1.0,-0.1,0.278,2148,3548
ADERA ST & W 65TH AVE,49.212312,-123.143581,local,0,0,2,0.2,0.4,0.3,0.0,1.0,-0.1,0.278,2149,3549
ALAMEIN AVE & OLIVER CRES,49.250086,-123.169629,local,0,0,2,0.2,0.4,0.3,0.0,1.0,-0.1,0.278,2150,3550
ALAMEIN AVE & PUGET DR,49.250412,-123.170859,local,0,0,2,0.2,0.4,0.3,0.0,1.0,-0.1,0.278,2151,3551
ALBERTA ST & W 14TH AVE,49.258677,-123.111111,local,0,0,2,0.2,0.4,0.3,0.0,1.0,-0.1,0.278,2152,3552
ALBERTA ST & W 15TH AVE,49.257737,-123.111114,local,0,0,2,0.2,0.4,0.3,0.0,1.0,-0.1,0.278,2153,3553
ALBERTA ST & W 43RD AVE,49.23154,-123.113273,local,0,0,2,0.2,0.4,0.3,0.0,1.0,-0.1,0.278,2154,3554
ALBERTA ST & W 47TH AVE,49.22778,-123.112982,local,0,0,2,0.2,0.4,0.3,0.0,1.0,-0.1,0.278,2155,3555
ALBERTA ST & W 58TH AVE,49.21779,-123.113339,local,0,0,2,0.2,0.4,0.3,0.0,1.0,-0.1,0.278,2156,3556
ALDER ST & W 15TH AVE,49.257882,-123.131586,local,0,0,2,0.2,0.4,0.3,0.0,1.0,-0.1,0.278,2157,3557
ALEXANDER ST & HEATLEY AVE,49.283905,-123.089386,local,0,0,2,0.2,0.4,0.3,0.0,1.0,-0.1,0.278,2158,3558
ALICE ST & E 22ND AVE,49.250278,-123.065789,local,0,0,2,0.2,0.4,0.3,0.0,1.0,-0.1,0.278,2159,3559
ALMA ST & W 16TH AVE,49.257937,-123.186093,secondary_arterial,0,0,2,2.2,2.5,2.4,0.0,6.0,-0.1,0.06,2160,1447
ALMA ST & W 28TH AVE,49.24713,-123.186751,local,0,0,2,0.2,0.4,0.3,0.0,1.0,-0.1,0.278,2161,3560
ALMA ST & W 29TH AVE,49.246167,-123.186761,local,0,0,2,0.2,0.4,0.3,0.0,1.0,-0.1,0.278,2162,3561
ANCASTER CRES & HARRISON DR,49.212027,-123.056524,local,0,0,2,0.2,0.4,0.3,0.0,1.0,-0.1,0.278,2163,3562
ANGUS DR & THE CRESCENT,49.255561,-123.136394,local,0,0,2,0.2,0.4,0.3,0.0,1.0,-0.1,0.278,2164,3564
ANGUS DR & W 29TH AVE,49.245534,-123.14548,local,0,0,2,0.2,0.4,0.3,0.0,1.0,-0.1,0.278,2165,3565
ANGUS DR & W 32ND AVE,49.243561,-123.145519,local,0,0,2,0.2,0.4,0.3,0.0,1.0,-0.1,0.278,2166,3566
ANGUS DR & W 35TH AVE,49.239925,-123.145479,local,0,0,2,0.2,0.4,0.3,0.0,1.0,-0.1,0.278,2167,3567
ANGUS DR & W 39TH AVE,49.236309,-123.147599,local,0,0,2,0.2,0.4,0.3,0.0,1.0,-0.1,0.278,2168,3568
ANGUS DR & W 40TH AVE,49.235746,-123.147633,local,0,0,2,0.2,0.4,0.3,0.0,1.0,-0.1,0.278,2169,3569
ANGUS DR & W 43RD AVE,49.232585,-123.147738,local,0,0,2,0.2,0.4,0.3,0.0,1.0,-0.1,0.278,2170,3570
ANTWERP LANE & HIGHBURY ST,49.265809,-123.187713,local,0,0,2,0.2,0.4,0.3,0.0,1.0,-0.1,0.278,2171,3575
ANZIO DR & MONS DR,49.252316,-123.031058,local,0,0,2,0.2,0.4,0.3,0.0,1.0,-0.1,0.278,2172,3576
ARBUTUS DIVERSION & ARBUTUS ST,49.2221,-123.154433,local,0,0,2,0.2,0.4,0.3,0.0,1.0,-0.1,0.278,2173,3577
ARBUTUS GREENWAY & MILTON ST & RAND AVE,49.204723,-123.141381,local,0,0,3,0.4,0.6,0.5,0.0,2.0,-0.1,0.22,2174,2928
ARBUTUS GREENWAY & W 11TH AVE,49.261934,-123.152455,local,0,0,2,0.2,0.4,0.3,0.0,1.0,-0.1,0.278,2175,3578
ARBUTUS GREENWAY & W 13TH AVE,49.260042,-123.152542,local,0,0,2,0.2,0.4,0.3,0.0,1.0,-0.1,0.278,2176,3579
ARBUTUS GREENWAY & W 14TH AVE,49.259139,-123.152558,local,0,0,2,0.2,0.4,0.3,0.0,1.0,-0.1,0.278,2177,3580
ARBUTUS GREENWAY & W 15TH AVE,49.258205,-123.152583,local,0,0,2,0.2,0.4,0.3,0.0,1.0,-0.1,0.278,2178,3581
ARBUTUS ST & W 60TH AVE,49.217224,-123.154603,local,0,0,2,0.2,0.4,0.3,0.0,1.0,-0.1,0.278,2179,3582
ARGYLE ST & E 31ST AVE,49.242987,-123.070757,local,0,0,2,0.2,0.4,0.3,0.0,1.0,-0.1,0.278,2180,3584
ARGYLE ST & E 34TH AVE,49.239309,-123.071282,local,0,0,2,0.2,0.4,0.3,0.0,1.0,-0.1,0.278,2181,3585
ARGYLE ST & E 37TH AVE,49.236763,-123.071387,local,0,0,2,0.2,0.4,0.3,0.0,1.0,-0.1,0.278,2182,3586
ARGYLE ST & E 45TH AVE,49.228937,-123.07165,local,0,0,2,0.2,0.4,0.3,0.0,1.0,-0.1,0.278,2183,3587
ARGYLE ST & E 47TH AVE,49.227689,-123.071681,local,0,0,2,0.2,0.4,0.3,0.0,1.0,-0.1,0.278,2184,3588
ARGYLE ST & E 53RD AVE,49.221743,-123.071905,local,0,0,2,0.2,0.4,0.3,0.0,1.0,-0.1,0.278,2185,3589
ARGYLE ST & E 58TH AVE,49.217301,-123.072079,local,0,0,2,0.2,0.4,0.3,0.0,1.0,-0.1,0.278,2186,3590
ARGYLE ST & ISLAND AVE,49.210046,-123.071316,local,0,0,2,0.2,0.4,0.3,0.0,1.0,-0.1,0.278,2187,3591
ARLINGTON ST & E 47TH AVE,49.226405,-123.027876,local,0,0,2,0.2,0.4,0.3,0.0,1.0,-0.1,0.278,2188,3592
ARLINGTON ST & E 48TH AVE,49.225227,-123.027893,local,0,0,2,0.2,0.4,0.3,0.0,1.0,-0.1,0.278,2189,3593
ASCOT PL & MCGEER ST,49.23927,-123.033485,local,0,0,2,0.2,0.4,0.3,0.0,1.0,-0.1,0.278,2190,3594
ASH ST & MCGUIGAN AVE,49.239815,-123.119514,local,0,0,2,0.2,0.4,0.3,0.0,1.0,-0.1,0.278,2191,3597
ASH ST & ROYAL CANADIAN CHRISTIAN SCHOOL ACCESS & W 71ST AVE,49.207262,-123.119062,local,0,0,3,0.4,0.6,0.5,0.0,2.0,-0.1,0.22,2192,2929
ASH ST & W 19TH AVE,49.254257,-123.118223,local,0,0,2,0.2,0.4,0.3,0.0,1.0,-0.1,0.278,2193,3598
ASH ST & W 22ND AVE,49.251551,-123.118321,local,0,0,2,0.2,0.4,0.3,0.0,1.0,-0.1,0.278,2194,3599
ASH ST & W 27TH AVE,49.247071,-123.118536,local,0,0,2,0.2,0.4,0.3,0.0,1.0,-0.1,0.278,2195,3600
ASH ST & W 28TH AVE,49.246162,-123.118558,local,0,0,2,0.2,0.4,0.3,0.0,1.0,-0.1,0.278,2196,3601
ASH ST & W 37TH AVE,49.237287,-123.117749,local,0,0,2,0.2,0.4,0.3,0.0,1.0,-0.1,0.278,2197,3602
ASH ST & W 60TH AVE,49.215987,-123.120086,local,0,0,2,0.2,0.4,0.3,0.0,1.0,-0.1,0.278,2198,3603
ASH ST & W 65TH AVE,49.211495,-123.120225,local,0,0,2,0.2,0.4,0.3,0.0,1.0,-0.1,0.278,2199,3604
ASH ST & W 69TH AVE,49.209327,-123.120362,local,0,0,2,0.2,0.4,0.3,0.0,1.0,-0.1,0.278,2200,3605
ASH ST & W 70TH AVE,49.20822,-123.119006,local,0,0,2,0.2,0.4,0.3,0.0,1.0,-0.1,0.278,2201,3606
ASHBURN ST & UPLAND DR,49.217841,-123.056324,local,0,0,2,0.2,0.4,0.3,0.0,1.0,-0.1,0.278,2202,3607
ATHLONE ST & W 43RD AVE,49.232354,-123.136472,local,0,0,2,0.2,0.4,0.3,0.0,1.0,-0.1,0.278,2203,3609
ATLANTIC ST & MALKIN AVE,49.275775,-123.093201,local,0,0,2,0.2,0.4,0.3,0.0,1.0,-0.1,0.278,2204,3610
BALACLAVA ST & CARNARVON COMMUNITY SCHOOL ACCESS & W 19TH AVE,49.255535,-123.174196,local,0,0,3,0.4,0.6,0.5,0.0,2.0,-0.1,0.22,2205,2932
BALACLAVA ST & W 12TH AVE,49.261475,-123.174055,local,0,0,2,0.2,0.4,0.3,0.0,1.0,-0.1,0.278,2206,3612
BALACLAVA ST & W 13TH AVE,49.26057,-123.17412,local,0,0,2,0.2,0.4,0.3,0.0,1.0,-0.1,0.278,2207,3613
BALACLAVA ST & W 24TH AVE,49.251018,-123.175673,local,0,0,2,0.2,0.4,0.3,0.0,1.0,-0.1,0.278,2208,3614
BALACLAVA ST & W 27TH AVE,49.248026,-123.175728,local,0,0,2,0.2,0.4,0.3,0.0,1.0,-0.1,0.278,2209,3615
BALACLAVA ST & W 28TH AVE,49.247085,-123.175733,local,0,0,2,0.2,0.4,0.3,0.0,1.0,-0.1,0.278,2210,3616
BALACLAVA ST & W 31ST AVE,49.244239,-123.175712,local,0,0,2,0.2,0.4,0.3,0.0,1.0,-0.1,0.278,2211,3617
BALACLAVA ST & W 33RD AVE,49.242355,-123.175748,collector,0,0,2,1.0,1.2,1.1,0.0,3.0,-0.1,0.119,2212,2053
BALACLAVA ST & W 35TH AVE,49.240443,-123.175774,local,0,0,2,0.2,0.4,0.3,0.0,1.0,-0.1,0.278,2213,3618
BALACLAVA ST & W 36TH AVE,49.239471,-123.175778,local,0,0,2,0.2,0.4,0.3,0.0,1.0,-0.1,0.278,2214,3619
BALACLAVA ST & W 43RD AVE,49.232788,-123.175801,local,0,0,2,0.2,0.4,0.3,0.0,1.0,-0.1,0.278,2215,3620
BALACLAVA ST & W 44TH AVE,49.231912,-123.175823,local,0,0,2,0.2,0.4,0.3,0.0,1.0,-0.1,0.278,2216,3621
BALFOUR AVE & CARTIER ST,49.252068,-123.136725,local,0,0,2,0.2,0.4,0.3,0.0,1.0,-0.1,0.278,2217,3622
BALMORAL ST & E 53RD AVE,49.221832,-123.068413,local,0,0,2,0.2,0.4,0.3,0.0,1.0,-0.1,0.278,2218,3623
BALSAM ST & W 10TH AVE,49.262984,-123.160043,local,0,0,2,0.2,0.4,0.3,0.0,1.0,-0.1,0.278,2219,3624
BALSAM ST & W 14TH AVE,49.259287,-123.160215,local,0,0,2,0.2,0.4,0.3,0.0,1.0,-0.1,0.278,2220,3625
BALSAM ST & W 19TH AVE,49.255401,-123.160359,local,0,0,2,0.2,0.4,0.3,0.0,1.0,-0.1,0.278,2221,3626
BALSAM ST & W 21ST AVE,49.253605,-123.160425,local,0,0,2,0.2,0.4,0.3,0.0,1.0,-0.1,0.278,2222,3627
BARCLAY ST & BIDWELL ST,49.289058,-123.135977,local,0,0,2,0.2,0.4,0.3,0.0,1.0,-0.1,0.278,2223,3628
BARCLAY ST & GILFORD ST,49.291082,-123.139129,local,0,0,2,0.2,0.4,0.3,0.0,1.0,-0.1,0.278,2224,3629
BATTISON ST & E 47TH AVE,49.226399,-123.030594,local,0,0,2,0.2,0.4,0.3,0.0,1.0,-0.1,0.278,2225,3630
BAYSHORE DR & MENCHIONS MEWS,49.292183,-123.130611,local,0,0,2,0.2,0.4,0.3,0.0,1.0,-0.1,0.278,2226,3631
BAYSWATER ST & W 2ND AVE,49.270208,-123.171028,local,0,0,2,0.2,0.4,0.3,0.0,1.0,-0.1,0.278,2227,3632
BEATRICE ST & E 22ND AVE,49.250296,-123.066945,local,0,0,2,0.2,0.4,0.3,0.0,1.0,-0.1,0.278,2228,3633
BEATRICE ST & E 32ND AVE,49.241542,-123.066605,local,0,0,2,0.2,0.4,0.3,0.0,1.0,-0.1,0.278,2229,3634
BEATRICE ST & E 49TH AVE,49.225178,-123.067091,secondary_arterial,0,0,2,2.2,2.5,2.4,0.0,6.0,-0.1,0.06,2230,1449
BEECHWOOD ST & W 53RD AVE,49.222863,-123.157199,local,0,0,2,0.2,0.4,0.3,0.0,1.0,-0.1,0.278,2231,3635
BEECHWOOD ST & W 54TH AVE,49.221953,-123.156359,local,0,0,2,0.2,0.4,0.3,0.0,1.0,-0.1,0.278,2232,3636
BERKELEY ST & E 51ST AVE,49.222528,-123.057731,local,0,0,2,0.2,0.4,0.3,0.0,1.0,-0.1,0.278,2233,3638
BERKELEY ST & UPLAND DR,49.217967,-123.057869,local,0,0,2,0.2,0.4,0.3,0.0,1.0,-0.1,0.278,2234,3639
BIDWELL ST & BURNABY ST,49.285508,-123.141328,local,0,0,2,0.2,0.4,0.3,0.0,1.0,-0.1,0.278,2235,3641
BIDWELL ST & HENSHAW LANE,49.28801,-123.137547,local,0,0,2,0.2,0.4,0.3,0.0,1.0,-0.1,0.278,2236,3642
BIDWELL ST & TED NORTHE LANE,49.288705,-123.136506,local,0,0,2,0.2,0.4,0.3,0.0,1.0,-0.1,0.278,2237,3643
BIRCH ST & W 62ND AVE,49.214979,-123.136269,local,0,0,2,0.2,0.4,0.3,0.0,1.0,-0.1,0.278,2238,3644
BIRCH WALK & ISLAND PARK WALK,49.268448,-123.134505,local,0,0,2,0.2,0.4,0.3,0.0,1.0,-0.1,0.278,2239,3645
BLAKE ST & GARIBALDI DR,49.217275,-123.029885,local,0,0,2,0.2,0.4,0.3,0.0,1.0,-0.1,0.278,2240,3646
BLANCA ST & DRUMMOND DR,49.272593,-123.214889,local,0,0,2,0.2,0.4,0.3,0.0,1.0,-0.1,0.278,2241,3647
BLANCA ST & W 2ND AVE,49.271436,-123.214935,local,0,0,2,0.2,0.4,0.3,0.0,1.0,-0.1,0.278,2242,3648
BLENHEIM ST & PUGET DR & W 17TH AVE,49.257233,-123.178188,collector,0,0,3,1.4,1.6,1.5,0.0,4.0,-0.1,0.09,2243,1776
BLENHEIM ST & W 1ST AVE,49.271187,-123.177618,local,0,0,2,0.2,0.4,0.3,0.0,1.0,-0.1,0.278,2244,3650
BLENHEIM ST & W 28TH AVE,49.247068,-123.178584,collector,0,0,2,1.0,1.2,1.1,0.0,3.0,-0.1,0.119,2245,2064
BLENHEIM ST & W 3RD AVE,49.269399,-123.177652,local,0,0,2,0.2,0.4,0.3,0.0,1.0,-0.1,0.278,2246,3653
BLENHEIM ST & W 5TH AVE,49.267631,-123.177681,local,0,0,2,0.2,0.4,0.3,0.0,1.0,-0.1,0.278,2247,3656
BLENHEIM ST & W 6TH AVE,49.2668,-123.177745,local,0,0,2,0.2,0.4,0.3,0.0,1.0,-0.1,0.278,2248,3657
BONACCORD DR & HARRISON DR,49.211396,-123.056666,local,0,0,2,0.2,0.4,0.3,0.0,1.0,-0.1,0.278,2249,3659
BORDEN ST & E 63RD AVE,49.212869,-123.07406,local,0,0,2,0.2,0.4,0.3,0.0,1.0,-0.1,0.278,2250,3660
BRAEBURN ST & NASSAU DR,49.218704,-123.069473,local,0,0,2,0.2,0.4,0.3,0.0,1.0,-0.1,0.278,2251,3661
BRIGADOON AVE & HUMM ST,49.216578,-123.063396,local,0,0,2,0.2,0.4,0.3,0.0,1.0,-0.1,0.278,2252,3667
BROOKS ST & E 49TH AVE,49.224673,-123.035186,secondary_arterial,0,0,2,2.2,2.5,2.4,0.0,6.0,-0.1,0.06,2253,1450
BROUGHTON ST & JEPSON-YOUNG LANE,49.284722,-123.134761,local,0,0,2,0.2,0.4,0.3,0.0,1.0,-0.1,0.278,2254,3668
BROUGHTON ST & JUNG LANE,49.281957,-123.138936,local,0,0,2,0.2,0.4,0.3,0.0,1.0,-0.1,0.278,2255,3669
BROUGHTON ST & STOVOLD LANE,49.286862,-123.13153,local,0,0,2,0.2,0.4,0.3,0.0,1.0,-0.1,0.278,2256,3670
BRUCE ST & E 30TH AVE,49.243393,-123.069408,local,0,0,2,0.2,0.4,0.3,0.0,1.0,-0.1,0.278,2257,3671
BRUCE ST & E 37TH AVE,49.236744,-123.070011,local,0,0,2,0.2,0.4,0.3,0.0,1.0,-0.1,0.278,2258,3672
BRUCE ST & E 39TH AVE,49.234716,-123.070061,local,0,0,2,0.2,0.4,0.3,0.0,1.0,-0.1,0.278,2259,3673
BRUCE ST & E 45TH AVE,49.228982,-123.069788,local,0,0,2,0.2,0.4,0.3,0.0,1.0,-0.1,0.278,2260,3674
BRUCE ST & E 49TH AVE,49.2252,-123.069937,secondary_arterial,0,0,2,2.2,2.5,2.4,0.0,6.0,-0.1,0.06,2261,1451
BURQUITLAM DR & HARRISON DR,49.209758,-123.057035,local,0,0,2,0.2,0.4,0.3,0.0,1.0,-0.1,0.278,2262,3675
BUSCOMBE ST & E 63RD AVE,49.213269,-123.095341,local,0,0,2,0.2,0.4,0.3,0.0,1.0,-0.1,0.278,2263,3676
BUTE ST & JEPSON-YOUNG LANE,49.282871,-123.13173,local,0,0,2,0.2,0.4,0.3,0.0,1.0,-0.1,0.278,2264,3677
BUTE ST & MAXINE LANE,49.280742,-123.13495,local,0,0,2,0.2,0.4,0.3,0.0,1.0,-0.1,0.278,2265,3678
BUTE ST & TED NORTHE LANE,49.284271,-123.129635,local,0,0,2,0.2,0.4,0.3,0.0,1.0,-0.1,0.278,2266,3679
BUTLER ST & E 47TH AVE,49.226411,-123.033675,local,0,0,2,0.2,0.4,0.3,0.0,1.0,-0.1,0.278,2267,3680
BUTLER ST & E 58TH AVE & ROSEMONT DR,49.21643,-123.034811,local,0,0,3,0.4,0.6,0.5,0.0,2.0,-0.1,0.22,2268,2940
BUTLER ST & MAQUINNA DR,49.215663,-123.033735,local,0,0,2,0.2,0.4,0.3,0.0,1.0,-0.1,0.278,2269,3681
CAMBIE ST & W KENT AVE N,49.206071,-123.117291,secondary_arterial,0,0,2,2.2,2.5,2.4,0.0,6.0,-0.1,0.06,2270,1452
CAMOSUN ST & CROWN CRES,49.264593,-123.196913,local,0,0,2,0.2,0.4,0.3,0.0,1.0,-0.1,0.278,2271,3684
CAMOSUN ST & W 11TH AVE,49.262741,-123.197008,local,0,0,2,0.2,0.4,0.3,0.0,1.0,-0.1,0.278,2272,3685
CAMOSUN ST & W 13TH AVE,49.260921,-123.197041,local,0,0,2,0.2,0.4,0.3,0.0,1.0,-0.1,0.278,2273,3686
CAMOSUN ST & W 15TH AVE,49.25907,-123.197116,local,0,0,2,0.2,0.4,0.3,0.0,1.0,-0.1,0.278,2274,3687
CANADA PL & THURLOW ST & W WATERFRONT RD,49.288851,-123.118279,local,1,0,3,2.2,2.5,2.4,0.0,6.0,-0.1,0.062,2275,1453
CARDERO ST & COAL HARBOUR QUAY & COAL HARBOUR SEAWALK,49.291811,-123.128641,local,0,0,3,0.4,0.6,0.5,0.0,2.0,-0.1,0.22,2276,2941
CARDERO ST & COMOX ST,49.286612,-123.136536,local,0,0,2,0.2,0.4,0.3,0.0,1.0,-0.1,0.278,2277,3688
CARDERO ST & HARO ST,49.288787,-123.13334,local,0,0,2,0.2,0.4,0.3,0.0,1.0,-0.1,0.278,2278,3689
CARDERO ST & HARWOOD ST,49.283787,-123.140782,local,0,0,2,0.2,0.4,0.3,0.0,1.0,-0.1,0.278,2279,3690
CARDERO ST & JUNG LANE,49.283439,-123.141277,local,0,0,2,0.2,0.4,0.3,0.0,1.0,-0.1,0.278,2280,3691
CARDERO ST & MAXINE LANE,49.284178,-123.140208,local,0,0,2,0.2,0.4,0.3,0.0,1.0,-0.1,0.278,2281,3692
CARLISLE ST & NOOTKA ST,49.279616,-123.041453,local,0,0,2,0.2,0.4,0.3,0.0,1.0,-0.1,0.278,2282,3694
CARNARVON ST & W 19TH AVE,49.25553,-123.172868,local,0,0,2,0.2,0.4,0.3,0.0,1.0,-0.1,0.278,2283,3695
CARNARVON ST & W 27TH AVE,49.24802,-123.172937,local,0,0,2,0.2,0.4,0.3,0.0,1.0,-0.1,0.278,2284,3696
CARNARVON ST & W 29TH AVE,49.246119,-123.172972,local,0,0,2,0.2,0.4,0.3,0.0,1.0,-0.1,0.278,2285,3697
CARNARVON ST & W 30TH AVE,49.245179,-123.172986,local,0,0,2,0.2,0.4,0.3,0.0,1.0,-0.1,0.278,2286,3698
CARNARVON ST & W 33RD AVE,49.242334,-123.173002,collector,0,0,2,1.0,1.2,1.1,0.0,3.0,-0.1,0.119,2287,2066
CARNARVON ST & W 36TH AVE,49.239466,-123.173002,local,0,0,2,0.2,0.4,0.3,0.0,1.0,-0.1,0.278,2288,3699
CARNARVON ST & W 38TH AVE,49.237579,-123.173051,local,0,0,2,0.2,0.4,0.3,0.0,1.0,-0.1,0.278,2289,3700
CARNARVON ST & W 42ND AVE,49.233761,-123.173057,local,0,0,2,0.2,0.4,0.3,0.0,1.0,-0.1,0.278,2290,3701
CARNARVON ST & W 45TH AVE,49.231013,-123.173126,local,0,0,2,0.2,0.4,0.3,0.0,1.0,-0.1,0.278,2291,3702
CAROLINA ST & E 13TH AVE,49.258836,-123.091128,local,0,0,2,0.2,0.4,0.3,0.0,1.0,-0.1,0.278,2292,3703
CAROLINA ST & E 17TH AVE,49.255565,-123.091869,local,0,0,2,0.2,0.4,0.3,0.0,1.0,-0.1,0.278,2293,3704
CAROLINA ST & E 19TH AVE,49.253745,-123.091951,local,0,0,2,0.2,0.4,0.3,0.0,1.0,-0.1,0.278,2294,3705
CAROLINA ST & E 23RD AVE,49.25014,-123.092088,local,0,0,2,0.2,0.4,0.3,0.0,1.0,-0.1,0.278,2295,3706
CAROLINA ST & EVANS AVE,49.272105,-123.08908,local,0,0,2,0.2,0.4,0.3,0.0,1.0,-0.1,0.278,2296,3707
CARTIER ST & NANTON AVE,49.247368,-123.136777,local,0,0,2,0.2,0.4,0.3,0.0,1.0,-0.1,0.278,2297,3708
CARTIER ST & W 37TH AVE,49.237981,-123.137088,local,0,0,2,0.2,0.4,0.3,0.0,1.0,-0.1,0.278,2298,3709
CARTIER ST & W 50TH AVE,49.225812,-123.137493,local,0,0,2,0.2,0.4,0.3,0.0,1.0,-0.1,0.278,2299,3710
CARTIER ST & W 51ST AVE,49.224937,-123.137526,local,0,0,2,0.2,0.4,0.3,0.0,1.0,-0.1,0.278,2300,3711
CARTIER ST & W 54TH AVE,49.221671,-123.137655,local,0,0,2,0.2,0.4,0.3,0.0,1.0,-0.1,0.278,2301,3712
CARTIER ST & W 58TH AVE,49.218332,-123.137785,local,0,0,2,0.2,0.4,0.3,0.0,1.0,-0.1,0.278,2302,3713
CARTIER ST & W 59TH AVE,49.217347,-123.137677,local,0,0,2,0.2,0.4,0.3,0.0,1.0,-0.1,0.278,2303,3714
CASSIAR ST & E 23RD AVE,49.249644,-123.031068,local,0,0,2,0.2,0.4,0.3,0.0,1.0,-0.1,0.278,2304,3715
CASSIAR ST & E 4TH AVE,49.266628,-123.030998,local,0,0,2,0.2,0.4,0.3,0.0,1.0,-0.1,0.278,2305,3716
CASSIAR ST & E 6TH AVE,49.264699,-123.031008,local,0,0,2,0.2,0.4,0.3,0.0,1.0,-0.1,0.278,2306,3717
CASSIAR ST & E 8TH AVE,49.262895,-123.03102,local,0,0,2,0.2,0.4,0.3,0.0,1.0,-0.1,0.278,2307,3718
CASSIAR ST & E PENDER ST,49.280215,-123.030838,local,0,0,2,0.2,0.4,0.3,0.0,1.0,-0.1,0.278,2308,3719
CECIL ST & EUCLID AVE,49.23686,-123.034696,local,0,0,2,0.2,0.4,0.3,0.0,1.0,-0.1,0.278,2309,3720
CELISTA DR & MATHESON CRES,49.21887,-123.026633,local,0,0,2,0.2,0.4,0.3,0.0,1.0,-0.1,0.278,2310,3723
CHAMBERS ST & E 38TH AVE,49.235875,-123.053025,local,0,0,2,0.2,0.4,0.3,0.0,1.0,-0.1,0.278,2311,3725
CHARLES ST & COTTON DR,49.273078,-123.071517,local,0,0,2,0.2,0.4,0.3,0.0,1.0,-0.1,0.278,2312,3727
CHARLES ST & GARDEN DR,49.272951,-123.057968,local,0,0,2,0.2,0.4,0.3,0.0,1.0,-0.1,0.278,2313,3728
CHARLES ST & HAZELTON ST,49.273247,-123.037634,local,0,0,2,0.2,0.4,0.3,0.0,1.0,-0.1,0.278,2314,3729
CHARLES ST & MCLEAN DR,49.27307,-123.074477,local,0,0,2,0.2,0.4,0.3,0.0,1.0,-0.1,0.278,2315,3730
CHATHAM ST & EUCLID AVE,49.239242,-123.040583,local,0,0,2,0.2,0.4,0.3,0.0,1.0,-0.1,0.278,2316,3731
CHERRY ST & STAMFORD ST,49.233963,-123.030955,local,0,0,2,0.2,0.4,0.3,0.0,1.0,-0.1,0.278,2317,3732
CHESTER ST & E 37TH AVE,49.236535,-123.089241,local,0,0,2,0.2,0.4,0.3,0.0,1.0,-0.1,0.278,2318,3733
CHESTER ST & E 39TH AVE,49.234751,-123.089232,local,0,0,2,0.2,0.4,0.3,0.0,1.0,-0.1,0.278,2319,3734
CHESTNUT ST & MACMILLAN DR & MCNICOLL AVE,49.276086,-123.146192,local,0,0,3,0.4,0.6,0.5,0.0,2.0,-0.1,0.22,2320,2942
CHILCO ST & NELSON ST,49.291271,-123.141568,local,0,0,2,0.2,0.4,0.3,0.0,1.0,-0.1,0.278,2321,3736
CHILCO ST & PENDRELL ST,49.289862,-123.143669,local,0,0,2,0.2,0.4,0.3,0.0,1.0,-0.1,0.278,2322,3737
CHILCO ST & ROSEMARY BROWN LANE,49.293036,-123.138907,local,0,0,2,0.2,0.4,0.3,0.0,1.0,-0.1,0.278,2323,3738
CHILCO ST & STOVOLD LANE,49.292318,-123.139983,local,0,0,2,0.2,0.4,0.3,0.0,1.0,-0.1,0.278,2324,3739
CHILCO ST & TED NORTHE LANE,49.291641,-123.14101,local,0,0,2,0.2,0.4,0.3,0.0,1.0,-0.1,0.278,2325,3740
CHURCHILL ST & W 49TH AVE,49.227001,-123.141634,secondary_arterial,0,0,2,2.2,2.5,2.4,0.0,6.0,-0.1,0.06,2326,1454
CLARENDON ST & E 54TH AVE,49.220189,-123.056439,collector,0,0,2,1.0,1.2,1.1,0.0,3.0,-0.1,0.119,2327,2069
CLARENDON ST & WAVERLEY AVE,49.226867,-123.056019,local,0,0,2,0.2,0.4,0.3,0.0,1.0,-0.1,0.278,2328,3743
CLARK DR & E 16TH AVE,49.256248,-123.077839,local,0,0,2,0.2,0.4,0.3,0.0,1.0,-0.1,0.278,2329,3744
CLARK DR & E 17TH AVE,49.255337,-123.077868,local,0,0,2,0.2,0.4,0.3,0.0,1.0,-0.1,0.278,2330,3745
CLARK DR & E 19TH AVE,49.253524,-123.077932,local,0,0,2,0.2,0.4,0.3,0.0,1.0,-0.1,0.278,2331,3746
CLARK DR & E 21ST AVE,49.251711,-123.077991,local,0,0,2,0.2,0.4,0.3,0.0,1.0,-0.1,0.278,2332,3747
COLLINGWOOD PL & COLLINGWOOD ST,49.231684,-123.182065,local,0,0,2,0.2,0.4,0.3,0.0,1.0,-0.1,0.278,2333,3748
COLLINGWOOD ST & W 10TH AVE,49.26342,-123.181884,secondary_arterial,0,0,2,2.2,2.5,2.4,0.0,6.0,-0.1,0.06,2334,1455
COLLINGWOOD ST & W 11TH AVE,49.262487,-123.181916,local,0,0,2,0.2,0.4,0.3,0.0,1.0,-0.1,0.278,2335,3749
COLLINGWOOD ST & W 21ST AVE,49.253748,-123.181863,local,0,0,2,0.2,0.4,0.3,0.0,1.0,-0.1,0.278,2336,3750
COLLINGWOOD ST & W 22ND AVE,49.252843,-123.181865,local,0,0,2,0.2,0.4,0.3,0.0,1.0,-0.1,0.278,2337,3751
COLLINGWOOD ST & W 30TH AVE,49.245194,-123.181947,local,0,0,2,0.2,0.4,0.3,0.0,1.0,-0.1,0.278,2338,3752
COLLINGWOOD ST & W 31ST AVE,49.244258,-123.181958,local,0,0,2,0.2,0.4,0.3,0.0,1.0,-0.1,0.278,2339,3753
COLLINGWOOD ST & W 32ND AVE,49.243307,-123.18193,local,0,0,2,0.2,0.4,0.3,0.0,1.0,-0.1,0.278,2340,3754
COLLINGWOOD ST & W 36TH AVE,49.239514,-123.181981,local,0,0,2,0.2,0.4,0.3,0.0,1.0,-0.1,0.278,2341,3755
COLLINGWOOD ST & W 37TH AVE,49.238593,-123.181991,local,0,0,2,0.2,0.4,0.3,0.0,1.0,-0.1,0.278,2342,3756
COLLINGWOOD ST & W 48TH AVE,49.228544,-123.182102,local,0,0,2,0.2,0.4,0.3,0.0,1.0,-0.1,0.278,2343,3757
COLLINGWOOD ST & W 49TH AVE,49.227455,-123.182164,local,0,0,2,0.2,0.4,0.3,0.0,1.0,-0.1,0.278,2344,3758
COLLINGWOOD ST & W 5TH AVE,49.267688,-123.181741,local,0,0,2,0.2,0.4,0.3,0.0,1.0,-0.1,0.278,2345,3759
COLLINGWOOD ST & W 8TH AVE,49.265177,-123.181828,local,0,0,2,0.2,0.4,0.3,0.0,1.0,-0.1,0.278,2346,3760
COLUMBIA ST & PEVERIL AVE & W 26TH AVE,49.247796,-123.110217,local,0,0,3,0.4,0.6,0.5,0.0,2.0,-0.1,0.22,2347,2945
COLUMBIA ST & W 17TH AVE,49.255746,-123.109744,local,0,0,2,0.2,0.4,0.3,0.0,1.0,-0.1,0.278,2348,3761
COLUMBIA ST & W 20TH AVE,49.252846,-123.109881,local,0,0,2,0.2,0.4,0.3,0.0,1.0,-0.1,0.278,2349,3762
COLUMBIA ST & W 21ST AVE,49.251961,-123.109871,local,0,0,2,0.2,0.4,0.3,0.0,1.0,-0.1,0.278,2350,3763
COLUMBIA ST & W 22ND AVE,49.251041,-123.109911,local,0,0,2,0.2,0.4,0.3,0.0,1.0,-0.1,0.278,2351,3764
COLUMBIA ST & W 39TH AVE,49.235694,-123.110651,local,0,0,2,0.2,0.4,0.3,0.0,1.0,-0.1,0.278,2352,3765
COLUMBIA ST & W 43RD AVE,49.231432,-123.110833,local,0,0,2,0.2,0.4,0.3,0.0,1.0,-0.1,0.278,2353,3766
COLUMBIA ST & W 45TH AVE,49.229622,-123.11086,local,0,0,2,0.2,0.4,0.3,0.0,1.0,-0.1,0.278,2354,3767
COLUMBIA ST & W 64TH AVE,49.212565,-123.112776,local,0,0,2,0.2,0.4,0.3,0.0,1.0,-0.1,0.278,2355,3768
COMMERCIAL ST & E 28TH AVE,49.245,-123.067888,local,0,0,2,0.2,0.4,0.3,0.0,1.0,-0.1,0.278,2356,3769
COMMERCIAL ST & E 29TH AVE,49.243975,-123.067955,local,0,0,2,0.2,0.4,0.3,0.0,1.0,-0.1,0.278,2357,3770
COMMERCIAL ST & E 45TH AVE,49.228978,-123.068319,local,0,0,2,0.2,0.4,0.3,0.0,1.0,-0.1,0.278,2358,3771
COMMERCIAL ST & E 51ST AVE,49.223472,-123.069069,local,0,0,2,0.2,0.4,0.3,0.0,1.0,-0.1,0.278,2359,3772
COMMERCIAL ST & E 53RD AVE,49.221841,-123.069133,local,0,0,2,0.2,0.4,0.3,0.0,1.0,-0.1,0.278,2360,3773
COMOX ST & GILFORD ST,49.289694,-123.141267,local,0,0,2,0.2,0.4,0.3,0.0,1.0,-0.1,0.278,2361,3774
CONNAUGHT DR & HUDSON ST,49.244988,-123.135369,local,0,0,2,0.2,0.4,0.3,0.0,1.0,-0.1,0.278,2362,3775
CONNAUGHT DR & W 32ND AVE,49.242975,-123.142112,local,0,0,2,0.2,0.4,0.3,0.0,1.0,-0.1,0.278,2363,3777
CONNAUGHT DR & W 36TH AVE,49.239075,-123.142545,local,0,0,2,0.2,0.4,0.3,0.0,1.0,-0.1,0.278,2364,3778
COPLEY ST & E 16TH AVE,49.255713,-123.055002,local,0,0,2,0.2,0.4,0.3,0.0,1.0,-0.1,0.278,2365,3779
CORNETT RD & NATAL ST,49.260445,-123.030289,local,0,0,2,0.2,0.4,0.3,0.0,1.0,-0.1,0.278,2366,3781
CORNISH ST & W 68TH AVE,49.210541,-123.142039,local,0,0,2,0.2,0.4,0.3,0.0,1.0,-0.1,0.278,2367,3782
CORSICA WAY & SE MARINE DR,49.207936,-123.029309,collector,0,0,2,1.0,1.2,1.1,0.0,3.0,-0.1,0.119,2368,2073
COTTON DR & E 2ND AVE,49.268715,-123.071589,local,0,0,2,0.2,0.4,0.3,0.0,1.0,-0.1,0.278,2369,3783
COTTON DR & E 3RD AVE,49.267808,-123.071605,local,0,0,2,0.2,0.4,0.3,0.0,1.0,-0.1,0.278,2370,3784
COURTENAY ST & W 11TH AVE,49.262787,-123.200017,local,0,0,2,0.2,0.4,0.3,0.0,1.0,-0.1,0.278,2371,3785
COURTENAY ST & W 12TH AVE,49.261883,-123.200046,local,0,0,2,0.2,0.4,0.3,0.0,1.0,-0.1,0.278,2372,3786
CREELMAN AVE & LABURNUM ST,49.274512,-123.15134,local,0,0,2,0.2,0.4,0.3,0.0,1.0,-0.1,0.278,2373,3787
CROWLEY DR & MELBOURNE ST,49.235852,-123.028877,local,0,0,2,0.2,0.4,0.3,0.0,1.0,-0.1,0.278,2374,3788
CROWLEY DR & OBEN ST,49.235017,-123.026985,local,0,0,2,0.2,0.4,0.3,0.0,1.0,-0.1,0.278,2375,3789
CROWLEY DR & TYNE ST,49.236224,-123.02976,local,0,0,2,0.2,0.4,0.3,0.0,1.0,-0.1,0.278,2376,3790
CROWN ST & W 11TH AVE,49.26266,-123.193942,local,0,0,2,0.2,0.4,0.3,0.0,1.0,-0.1,0.278,2377,3792
CROWN ST & W 21ST AVE,49.2538,-123.193586,local,0,0,2,0.2,0.4,0.3,0.0,1.0,-0.1,0.278,2378,3793
CROWN ST & W 28TH AVE,49.247158,-123.193627,local,0,0,2,0.2,0.4,0.3,0.0,1.0,-0.1,0.278,2379,3794
CROWN ST & W 29TH AVE,49.246205,-123.193639,local,0,0,2,0.2,0.4,0.3,0.0,1.0,-0.1,0.278,2380,3795
CROWN ST & W 31ST AVE,49.244299,-123.193658,local,0,0,2,0.2,0.4,0.3,0.0,1.0,-0.1,0.278,2381,3796
CROWN ST & W 32ND AVE,49.243355,-123.193667,local,0,0,2,0.2,0.4,0.3,0.0,1.0,-0.1,0.278,2382,3797
CROWN ST & W 36TH AVE,49.239564,-123.193685,local,0,0,2,0.2,0.4,0.3,0.0,1.0,-0.1,0.278,2383,3798
CROWN ST & W 37TH AVE,49.238625,-123.193689,local,0,0,2,0.2,0.4,0.3,0.0,1.0,-0.1,0.278,2384,3799
CULLODEN ST & E 33RD AVE,49.240216,-123.078983,secondary_arterial,0,0,2,2.2,2.5,2.4,0.0,6.0,-0.1,0.06,2385,1456
CULLODEN ST & E 36TH AVE,49.237727,-123.079094,local,0,0,2,0.2,0.4,0.3,0.0,1.0,-0.1,0.278,2386,3800
CULLODEN ST & E 43RD AVE,49.230743,-123.078483,local,0,0,2,0.2,0.4,0.3,0.0,1.0,-0.1,0.278,2387,3801
CULLODEN ST & E 54TH AVE,49.220462,-123.078859,local,0,0,2,0.2,0.4,0.3,0.0,1.0,-0.1,0.278,2388,3802
CYPRESS ST & MATTHEWS AVE,49.251134,-123.148658,local,0,0,2,0.2,0.4,0.3,0.0,1.0,-0.1,0.278,2389,3803
CYPRESS ST & OGDEN AVE,49.276825,-123.147642,local,0,0,2,0.2,0.4,0.3,0.0,1.0,-0.1,0.278,2390,3804
CYPRESS ST & W 11TH AVE,49.261866,-123.148213,local,0,0,2,0.2,0.4,0.3,0.0,1.0,-0.1,0.278,2391,3805
CYPRESS ST & W 17TH AVE,49.256267,-123.148406,local,0,0,2,0.2,0.4,0.3,0.0,1.0,-0.1,0.278,2392,3806
CYPRESS ST & W 18TH AVE,49.25531,-123.148449,local,0,0,2,0.2,0.4,0.3,0.0,1.0,-0.1,0.278,2393,3807
CYPRESS ST & W 2ND AVE,49.269825,-123.147908,local,0,0,2,0.2,0.4,0.3,0.0,1.0,-0.1,0.278,2394,3808
CYPRESS ST & W 35TH AVE,49.239993,-123.14874,local,0,0,2,0.2,0.4,0.3,0.0,1.0,-0.1,0.278,2395,3809
CYPRESS ST & W 39TH AVE,49.236338,-123.149159,local,0,0,2,0.2,0.4,0.3,0.0,1.0,-0.1,0.278,2396,3810
CYPRESS ST & W 43RD AVE,49.232608,-123.149295,local,0,0,2,0.2,0.4,0.3,0.0,1.0,-0.1,0.278,2397,3811
CYPRESS ST & W 52ND AVE,49.224193,-123.149571,local,0,0,2,0.2,0.4,0.3,0.0,1.0,-0.1,0.278,2398,3812
DIEPPE DR & FALAISE AVE,49.256895,-123.027392,local,0,0,2,0.2,0.4,0.3,0.0,1.0,-0.1,0.278,2399,3814
DIEPPE DR & MALTA AVE,49.255767,-123.025679,local,0,0,2,0.2,0.4,0.3,0.0,1.0,-0.1,0.278,2400,3815
DIEPPE DR & MATAPAN CRES & VIMY CRES,49.257269,-123.027808,local,0,0,3,0.4,0.6,0.5,0.0,2.0,-0.1,0.22,2401,2947
DINMONT AVE & NIGEL AVE,49.245448,-123.110104,local,0,0,2,0.2,0.4,0.3,0.0,1.0,-0.1,0.278,2402,3816
DINMONT AVE & TALISMAN AVE,49.24602,-123.10895,local,0,0,2,0.2,0.4,0.3,0.0,1.0,-0.1,0.278,2403,3817
DISCOVERY ST & LOCARNO CRES,49.268929,-123.202661,local,0,0,2,0.2,0.4,0.3,0.0,1.0,-0.1,0.278,2404,3818
DISCOVERY ST & W 9TH AVE,49.264615,-123.20299,local,0,0,2,0.2,0.4,0.3,0.0,1.0,-0.1,0.278,2405,3819
DOMAN ST & E 48TH AVE,49.225443,-123.03661,local,0,0,2,0.2,0.4,0.3,0.0,1.0,-0.1,0.278,2406,3820
DOMAN ST & E 51ST AVE,49.222844,-123.036731,local,0,0,2,0.2,0.4,0.3,0.0,1.0,-0.1,0.278,2407,3821
DOMAN ST & E 53RD AVE,49.221262,-123.03677,local,0,0,2,0.2,0.4,0.3,0.0,1.0,-0.1,0.278,2408,3822
DOMAN ST & WAVERLEY AVE,49.226952,-123.036537,local,0,0,2,0.2,0.4,0.3,0.0,1.0,-0.1,0.278,2409,3823
DUCHESS ST & EUCLID AVE,49.2425,-123.048942,local,0,0,2,0.2,0.4,0.3,0.0,1.0,-0.1,0.278,2410,3824
DUMFRIES ST & E 18TH AVE,49.254365,-123.072911,local,0,0,2,0.2,0.4,0.3,0.0,1.0,-0.1,0.278,2411,3825
DUMFRIES ST & E 20TH AVE,49.25255,-123.072955,local,0,0,2,0.2,0.4,0.3,0.0,1.0,-0.1,0.278,2412,3826
DUMFRIES ST & E 27TH AVE,49.246399,-123.073433,local,0,0,2,0.2,0.4,0.3,0.0,1.0,-0.1,0.278,2413,3827
DUMFRIES ST & E 30TH AVE,49.24364,-123.073525,local,0,0,2,0.2,0.4,0.3,0.0,1.0,-0.1,0.278,2414,3828
DUMFRIES ST & E 34TH AVE,49.239349,-123.074062,local,0,0,2,0.2,0.4,0.3,0.0,1.0,-0.1,0.278,2415,3829
DUMFRIES ST & E 36TH AVE,49.237689,-123.074123,local,0,0,2,0.2,0.4,0.3,0.0,1.0,-0.1,0.278,2416,3830
DUMFRIES ST & E 53RD AVE,49.22177,-123.07467,local,0,0,2,0.2,0.4,0.3,0.0,1.0,-0.1,0.278,2417,3831
DUMFRIES ST & E 54TH AVE,49.220395,-123.074721,local,0,0,2,0.2,0.4,0.3,0.0,1.0,-0.1,0.278,2418,3832
DUMFRIES ST & E 58TH AVE,49.21725,-123.075521,local,0,0,2,0.2,0.4,0.3,0.0,1.0,-0.1,0.278,2419,3833
DUNBAR ST & W 11TH AVE,49.262515,-123.183844,local,0,0,2,0.2,0.4,0.3,0.0,1.0,-0.1,0.278,2420,3834
DUNBAR ST & W 3RD AVE,49.269494,-123.183602,local,0,0,2,0.2,0.4,0.3,0.0,1.0,-0.1,0.278,2421,3835
DUNBAR ST & W 47TH AVE,49.229351,-123.185444,local,0,0,2,0.2,0.4,0.3,0.0,1.0,-0.1,0.278,2422,3836
DUNBAR ST & W 48TH AVE,49.228431,-123.185467,local,0,0,2,0.2,0.4,0.3,0.0,1.0,-0.1,0.278,2423,3837
DUNLEVY AVE & RAILWAY ST,49.284865,-123.09525,local,0,0,2,0.2,0.4,0.3,0.0,1.0,-0.1,0.278,2424,3839
E 10TH AVE & GARDEN DR,49.261282,-123.058187,local,0,0,2,0.2,0.4,0.3,0.0,1.0,-0.1,0.278,2425,3841
E 10TH AVE & KASLO ST,49.260925,-123.047044,local,0,0,2,0.2,0.4,0.3,0.0,1.0,-0.1,0.278,2426,3842
E 10TH AVE & PRINCE EDWARD ST,49.261531,-123.096097,local,0,0,2,0.2,0.4,0.3,0.0,1.0,-0.1,0.278,2427,3843
E 11TH AVE & PRINCE ALBERT ST,49.260602,-123.087194,local,0,0,2,0.2,0.4,0.3,0.0,1.0,-0.1,0.278,2428,3845
E 12TH AVE & KAMLOOPS ST,49.259151,-123.054749,local,0,0,2,0.2,0.4,0.3,0.0,1.0,-0.1,0.278,2429,3846
E 13TH AVE & LAKEWOOD DR,49.258611,-123.062114,local,0,0,2,0.2,0.4,0.3,0.0,1.0,-0.1,0.278,2430,3847
E 13TH AVE & ONTARIO ST & W 13TH AVE,49.259371,-123.105048,local,0,0,3,0.4,0.6,0.5,0.0,2.0,-0.1,0.22,2431,2950
E 13TH AVE & PRINCE EDWARD ST,49.259255,-123.096342,local,0,0,2,0.2,0.4,0.3,0.0,1.0,-0.1,0.278,2432,3848
E 14TH AVE & KASLO ST,49.257234,-123.047018,local,0,0,2,0.2,0.4,0.3,0.0,1.0,-0.1,0.278,2433,3849
E 14TH AVE & MADDAMS ST,49.257775,-123.075009,local,0,0,2,0.2,0.4,0.3,0.0,1.0,-0.1,0.278,2434,3850
E 14TH AVE & ONTARIO ST & W 14TH AVE,49.258471,-123.105104,local,0,0,3,0.4,0.6,0.5,0.0,2.0,-0.1,0.22,2435,2951
E 14TH AVE & PRINCE ALBERT ST,49.257927,-123.087252,local,0,0,2,0.2,0.4,0.3,0.0,1.0,-0.1,0.278,2436,3851
E 14TH AVE & WINDERMERE ST,49.257231,-123.03654,local,0,0,2,0.2,0.4,0.3,0.0,1.0,-0.1,0.278,2437,3852
E 15TH AVE & GARDEN DR,49.256776,-123.058277,local,0,0,2,0.2,0.4,0.3,0.0,1.0,-0.1,0.278,2438,3853
E 15TH AVE & INVERNESS ST,49.256775,-123.079781,local,0,0,2,0.2,0.4,0.3,0.0,1.0,-0.1,0.278,2439,3854
E 15TH AVE & SLOCAN ST,49.256341,-123.049523,local,0,0,2,0.2,0.4,0.3,0.0,1.0,-0.1,0.278,2440,3855
E 15TH AVE & WINDSOR ST,49.256924,-123.083476,local,0,0,2,0.2,0.4,0.3,0.0,1.0,-0.1,0.278,2441,3856
E 16TH AVE & FINDLAY ST,49.256287,-123.067891,local,0,0,2,0.2,0.4,0.3,0.0,1.0,-0.1,0.278,2442,3857
E 16TH AVE & KASLO ST,49.255433,-123.047034,local,0,0,2,0.2,0.4,0.3,0.0,1.0,-0.1,0.278,2443,3858
E 16TH AVE & LILLOOET ST,49.25558,-123.039081,local,0,0,2,0.2,0.4,0.3,0.0,1.0,-0.1,0.278,2444,3859
E 16TH AVE & PRINCE ALBERT ST,49.256381,-123.087466,local,0,0,2,0.2,0.4,0.3,0.0,1.0,-0.1,0.278,2445,3860
E 16TH AVE & WINDSOR ST,49.256341,-123.083609,local,0,0,2,0.2,0.4,0.3,0.0,1.0,-0.1,0.278,2446,3861
E 17TH AVE & INVERNESS ST,49.255357,-123.079815,local,0,0,2,0.2,0.4,0.3,0.0,1.0,-0.1,0.278,2447,3862
E 17TH AVE & LILLOOET ST,49.254765,-123.039085,local,0,0,2,0.2,0.4,0.3,0.0,1.0,-0.1,0.278,2448,3863
E 17TH AVE & RUPERT ST,49.254735,-123.033798,secondary_arterial,0,0,2,2.2,2.5,2.4,0.0,6.0,-0.1,0.06,2449,1457
E 17TH AVE & ST GEORGE ST,49.255595,-123.093806,local,0,0,2,0.2,0.4,0.3,0.0,1.0,-0.1,0.278,2450,3864
E 17TH AVE & WATSON ST,49.255677,-123.100711,local,0,0,2,0.2,0.4,0.3,0.0,1.0,-0.1,0.278,2451,3865
E 17TH AVE & WINDERMERE ST,49.25475,-123.036563,local,0,0,2,0.2,0.4,0.3,0.0,1.0,-0.1,0.278,2452,3866
E 18TH AVE & GLEN DR,49.254488,-123.081756,local,0,0,2,0.2,0.4,0.3,0.0,1.0,-0.1,0.278,2453,3867
E 18TH AVE & KAMLOOPS ST,49.254045,-123.054538,local,0,0,2,0.2,0.4,0.3,0.0,1.0,-0.1,0.278,2454,3868
E 18TH AVE & WINDSOR ST,49.254515,-123.083675,local,0,0,2,0.2,0.4,0.3,0.0,1.0,-0.1,0.278,2455,3869
E 19TH AVE & INVERNESS ST,49.253557,-123.079869,local,0,0,2,0.2,0.4,0.3,0.0,1.0,-0.1,0.278,2456,3870
E 19TH AVE & KAMLOOPS ST,49.253209,-123.054536,local,0,0,2,0.2,0.4,0.3,0.0,1.0,-0.1,0.278,2457,3871
E 19TH AVE & NOOTKA ST,49.253159,-123.041605,local,0,0,2,0.2,0.4,0.3,0.0,1.0,-0.1,0.278,2458,3872
E 19TH AVE & ST CATHERINES ST,49.253652,-123.08565,local,0,0,2,0.2,0.4,0.3,0.0,1.0,-0.1,0.278,2459,3874
E 20TH AVE & GLEN DR,49.252681,-123.081803,local,0,0,2,0.2,0.4,0.3,0.0,1.0,-0.1,0.278,2460,3875
E 20TH AVE & INVERNESS ST,49.252658,-123.079882,local,0,0,2,0.2,0.4,0.3,0.0,1.0,-0.1,0.278,2461,3876
E 20TH AVE & LILLOOET ST,49.252335,-123.039096,local,0,0,2,0.2,0.4,0.3,0.0,1.0,-0.1,0.278,2462,3877
E 20TH AVE & MARSHALL ST,49.252183,-123.062651,local,0,0,2,0.2,0.4,0.3,0.0,1.0,-0.1,0.278,2463,3878
E 20TH AVE & MAXWELL ST,49.252503,-123.070167,local,0,0,2,0.2,0.4,0.3,0.0,1.0,-0.1,0.278,2464,3879
E 20TH AVE & NOOTKA ST,49.25234,-123.041613,local,0,0,2,0.2,0.4,0.3,0.0,1.0,-0.1,0.278,2465,3880
E 20TH AVE & PENTICTON ST,49.252366,-123.052181,local,0,0,2,0.2,0.4,0.3,0.0,1.0,-0.1,0.278,2466,3881
E 20TH AVE & WINDSOR ST,49.252709,-123.083742,local,0,0,2,0.2,0.4,0.3,0.0,1.0,-0.1,0.278,2467,3882
E 21ST AVE & INVERNESS ST,49.251753,-123.0799,local,0,0,2,0.2,0.4,0.3,0.0,1.0,-0.1,0.278,2468,3883
E 22ND AVE & GLEN DR,49.250894,-123.08187,local,0,0,2,0.2,0.4,0.3,0.0,1.0,-0.1,0.278,2469,3884
E 22ND AVE & INVERNESS ST,49.250866,-123.079949,local,0,0,2,0.2,0.4,0.3,0.0,1.0,-0.1,0.278,2470,3885
E 22ND AVE & ONTARIO ST & W 22ND AVE,49.25097,-123.104906,local,0,0,3,0.4,0.6,0.5,0.0,2.0,-0.1,0.22,2471,2953
E 23RD AVE & GLEN DR,49.249969,-123.081874,local,0,0,2,0.2,0.4,0.3,0.0,1.0,-0.1,0.278,2472,3886
E 23RD AVE & KAMLOOPS ST,49.249717,-123.05459,local,0,0,2,0.2,0.4,0.3,0.0,1.0,-0.1,0.278,2473,3887
E 23RD AVE & KOOTENAY ST,49.249691,-123.026261,local,0,0,2,0.2,0.4,0.3,0.0,1.0,-0.1,0.278,2474,3888
E 23RD AVE & LILLOOET ST,49.249667,-123.039108,local,0,0,2,0.2,0.4,0.3,0.0,1.0,-0.1,0.278,2475,3889
E 23RD AVE & ONTARIO ST & W 23RD AVE,49.249916,-123.104968,local,0,0,3,0.4,0.6,0.5,0.0,2.0,-0.1,0.22,2476,2954
E 23RD AVE & PENTICTON ST,49.249714,-123.05221,local,0,0,2,0.2,0.4,0.3,0.0,1.0,-0.1,0.278,2477,3890
E 23RD AVE & PRINCE EDWARD ST,49.2502,-123.09671,local,0,0,2,0.2,0.4,0.3,0.0,1.0,-0.1,0.278,2478,3891
E 23RD AVE & QUEBEC ST,49.250285,-123.102901,local,0,0,2,0.2,0.4,0.3,0.0,1.0,-0.1,0.278,2479,3892
E 23RD AVE & WINDSOR ST,49.250025,-123.083841,local,0,0,2,0.2,0.4,0.3,0.0,1.0,-0.1,0.278,2480,3893
E 24TH AVE & GLENDALE ST,49.248798,-123.025367,local,0,0,2,0.2,0.4,0.3,0.0,1.0,-0.1,0.278,2481,3894
E 24TH AVE & KOOTENAY ST,49.2488,-123.026263,local,0,0,2,0.2,0.4,0.3,0.0,1.0,-0.1,0.278,2482,3895
E 24TH AVE & PRINCE EDWARD ST & PARKING LOT,49.249302,-123.096537,local,0,0,3,0.4,0.6,0.5,0.0,2.0,-0.1,0.22,2483,2955
E 24TH AVE & ST CATHERINES ST,49.249134,-123.085831,local,0,0,2,0.2,0.4,0.3,0.0,1.0,-0.1,0.278,2484,3896
E 25TH AVE & GLADSTONE ST,49.248123,-123.060507,local,0,0,2,0.2,0.4,0.3,0.0,1.0,-0.1,0.278,2485,3898
E 25TH AVE & KOOTENAY ST,49.247896,-123.026266,local,0,0,2,0.2,0.4,0.3,0.0,1.0,-0.1,0.278,2486,3899
E 25TH AVE & LILLOOET ST,49.247873,-123.039115,local,0,0,2,0.2,0.4,0.3,0.0,1.0,-0.1,0.278,2487,3900
E 25TH AVE & PENTICTON ST,49.247938,-123.052076,local,0,0,2,0.2,0.4,0.3,0.0,1.0,-0.1,0.278,2488,3901
E 26TH AVE & ELGIN ST,49.247717,-123.082681,local,0,0,2,0.2,0.4,0.3,0.0,1.0,-0.1,0.278,2489,3902
E 26TH AVE & INVERNESS ST,49.247624,-123.080079,local,0,0,2,0.2,0.4,0.3,0.0,1.0,-0.1,0.278,2490,3903
E 26TH AVE & KASLO ST,49.247103,-123.047102,local,0,0,2,0.2,0.4,0.3,0.0,1.0,-0.1,0.278,2491,3904
E 26TH AVE & ONTARIO ST,49.248078,-123.105034,local,0,0,2,0.2,0.4,0.3,0.0,1.0,-0.1,0.278,2492,3905
E 26TH AVE & PENTICTON ST,49.247516,-123.051894,local,0,0,2,0.2,0.4,0.3,0.0,1.0,-0.1,0.278,2493,3906
E 26TH AVE & QUEBEC ST,49.248033,-123.103224,local,0,0,2,0.2,0.4,0.3,0.0,1.0,-0.1,0.278,2494,3907
E 26TH AVE & ST CATHERINES ST,49.247529,-123.085808,local,0,0,2,0.2,0.4,0.3,0.0,1.0,-0.1,0.278,2495,3908
E 27TH AVE & LILLOOET ST,49.246223,-123.039122,local,0,0,2,0.2,0.4,0.3,0.0,1.0,-0.1,0.278,2496,3909
E 27TH AVE & ONTARIO ST,49.247311,-123.105075,local,0,0,2,0.2,0.4,0.3,0.0,1.0,-0.1,0.278,2497,3910
E 27TH AVE & QUEBEC ST,49.247273,-123.103261,local,0,0,2,0.2,0.4,0.3,0.0,1.0,-0.1,0.278,2498,3911
E 28TH AVE & PRINCE EDWARD ST,49.24564,-123.096871,local,0,0,2,0.2,0.4,0.3,0.0,1.0,-0.1,0.278,2499,3912
E 28TH AVE & ROSS ST,49.245445,-123.081359,local,0,0,2,0.2,0.4,0.3,0.0,1.0,-0.1,0.278,2500,3913
E 28TH AVE & VICTORIA DR,49.245807,-123.065148,secondary_arterial,0,0,2,2.2,2.5,2.4,0.0,6.0,-0.1,0.06,2501,1458
E 28TH AVE & WALDEN ST,49.245699,-123.099885,local,0,0,2,0.2,0.4,0.3,0.0,1.0,-0.1,0.278,2502,3914
E 28TH AVE & WELWYN ST,49.245087,-123.069997,local,0,0,2,0.2,0.4,0.3,0.0,1.0,-0.1,0.278,2503,3915
E 28TH AVE & WINDSOR ST,49.245463,-123.083976,local,0,0,2,0.2,0.4,0.3,0.0,1.0,-0.1,0.278,2504,3916
E 29TH AVE & FLEMING ST,49.244008,-123.072132,local,0,0,2,0.2,0.4,0.3,0.0,1.0,-0.1,0.278,2505,3917
E 29TH AVE & HOY ST,49.244464,-123.024968,collector,0,0,2,1.0,1.2,1.1,0.0,3.0,-0.1,0.119,2506,2091
E 29TH AVE & INVERNESS ST,49.244601,-123.080148,local,0,0,2,0.2,0.4,0.3,0.0,1.0,-0.1,0.278,2507,3919
E 29TH AVE & LILLOOET ST,49.24453,-123.03913,collector,0,0,2,1.0,1.2,1.1,0.0,3.0,-0.1,0.119,2508,2092
E 29TH AVE & SOPHIA ST,49.244423,-123.098664,local,0,0,2,0.2,0.4,0.3,0.0,1.0,-0.1,0.278,2509,3921
E 29TH AVE & ST GEORGE ST,49.244664,-123.094171,local,0,0,2,0.2,0.4,0.3,0.0,1.0,-0.1,0.278,2510,3922
E 29TH AVE & WINDSOR ST,49.244617,-123.083979,local,0,0,2,0.2,0.4,0.3,0.0,1.0,-0.1,0.278,2511,3925
E 2ND AVE & GARDEN DR,49.268604,-123.058028,local,0,0,2,0.2,0.4,0.3,0.0,1.0,-0.1,0.278,2512,3927
E 2ND AVE & NOOTKA ST,49.268473,-123.04149,local,0,0,2,0.2,0.4,0.3,0.0,1.0,-0.1,0.278,2513,3928
E 2ND AVE & TEMPLETON DR,49.268619,-123.059971,local,0,0,2,0.2,0.4,0.3,0.0,1.0,-0.1,0.278,2514,3929
E 30TH AVE & ELDORADO MEWS,49.240646,-123.058255,local,0,0,2,0.2,0.4,0.3,0.0,1.0,-0.1,0.278,2515,3930
E 30TH AVE & QUEBEC ST,49.243317,-123.102606,local,0,0,2,0.2,0.4,0.3,0.0,1.0,-0.1,0.278,2516,3931
E 30TH AVE & ST CATHERINES ST,49.243256,-123.085953,local,0,0,2,0.2,0.4,0.3,0.0,1.0,-0.1,0.278,2517,3932
E 30TH AVE & ST GEORGE ST,49.243529,-123.094184,local,0,0,2,0.2,0.4,0.3,0.0,1.0,-0.1,0.278,2518,3933
E 30TH AVE & WALDEN ST,49.243262,-123.099993,local,0,0,2,0.2,0.4,0.3,0.0,1.0,-0.1,0.278,2519,3934
E 30TH AVE & WELWYN ST,49.243426,-123.070037,local,0,0,2,0.2,0.4,0.3,0.0,1.0,-0.1,0.278,2520,3935
E 31ST AVE & PRINCE EDWARD ST,49.242717,-123.09691,local,0,0,2,0.2,0.4,0.3,0.0,1.0,-0.1,0.278,2521,3936
E 31ST AVE & ST GEORGE ST,49.242654,-123.094243,local,0,0,2,0.2,0.4,0.3,0.0,1.0,-0.1,0.278,2522,3937
E 32ND AVE & QUEBEC ST,49.242022,-123.102663,local,0,0,2,0.2,0.4,0.3,0.0,1.0,-0.1,0.278,2523,3938
E 33RD AVE & PRINCE ALBERT ST,49.240287,-123.087931,secondary_arterial,0,0,2,2.2,2.5,2.4,0.0,6.0,-0.1,0.06,2524,1459
E 33RD AVE & ROSS ST,49.240248,-123.082372,secondary_arterial,0,0,2,2.2,2.5,2.4,0.0,6.0,-0.1,0.06,2525,1460
E 33RD AVE & ST CATHERINES ST,49.24028,-123.08684,secondary_arterial,0,0,2,2.2,2.5,2.4,0.0,6.0,-0.1,0.06,2526,1461
E 34TH AVE & SLOCAN ST,49.238879,-123.054376,local,0,0,2,0.2,0.4,0.3,0.0,1.0,-0.1,0.278,2527,3939
E 34TH AVE & VICTORIA DR,49.239223,-123.06539,secondary_arterial,1,0,2,9.8,10.7,10.7,5.0,17.0,-0.1,0.015,2528,516
E 35TH AVE & ELGIN ST,49.238235,-123.083545,local,0,0,2,0.2,0.4,0.3,0.0,1.0,-0.1,0.278,2529,3940
E 35TH AVE & SOMERVILLE ST,49.238264,-123.085772,local,0,0,2,0.2,0.4,0.3,0.0,1.0,-0.1,0.278,2530,3941
E 35TH AVE & ST CATHERINES ST,49.23828,-123.086865,local,0,0,2,0.2,0.4,0.3,0.0,1.0,-0.1,0.278,2531,3942
E 36TH AVE & GLADSTONE ST,49.237467,-123.0621,local,0,0,2,0.2,0.4,0.3,0.0,1.0,-0.1,0.278,2532,3943
E 36TH AVE & PRINCE EDWARD ST,49.23805,-123.096999,local,0,0,2,0.2,0.4,0.3,0.0,1.0,-0.1,0.278,2533,3944
E 37TH AVE & FRASER ST,49.237035,-123.090444,secondary_arterial,0,0,2,2.2,2.5,2.4,0.0,6.0,-0.1,0.06,2534,1462
E 37TH AVE & HIGHGATE ST,49.237399,-123.057692,local,0,0,2,0.2,0.4,0.3,0.0,1.0,-0.1,0.278,2535,3945
E 37TH AVE & INVERNESS ST,49.236438,-123.08026,local,0,0,2,0.2,0.4,0.3,0.0,1.0,-0.1,0.278,2536,3946
E 37TH AVE & LANARK ST,49.236817,-123.075519,local,0,0,2,0.2,0.4,0.3,0.0,1.0,-0.1,0.278,2537,3947
E 37TH AVE & QUEBEC ST,49.237296,-123.103544,local,0,0,2,0.2,0.4,0.3,0.0,1.0,-0.1,0.278,2538,3948
E 37TH AVE & SOPHIA ST,49.237232,-123.099336,local,0,0,2,0.2,0.4,0.3,0.0,1.0,-0.1,0.278,2539,3949
E 38TH AVE & ONTARIO ST & W 38TH AVE,49.236415,-123.105528,local,0,0,3,0.4,0.6,0.5,0.0,2.0,-0.1,0.22,2540,2957
E 38TH AVE & PRINCE ALBERT ST,49.235671,-123.088087,local,0,0,2,0.2,0.4,0.3,0.0,1.0,-0.1,0.278,2541,3950
E 38TH AVE & PRINCE EDWARD ST,49.236246,-123.097077,local,0,0,2,0.2,0.4,0.3,0.0,1.0,-0.1,0.278,2542,3951
E 38TH AVE & ROSS ST,49.235595,-123.082503,local,0,0,2,0.2,0.4,0.3,0.0,1.0,-0.1,0.278,2543,3952
E 38TH AVE & SLOCAN ST,49.23589,-123.05425,local,0,0,2,0.2,0.4,0.3,0.0,1.0,-0.1,0.278,2544,3953
E 38TH AVE & WINDSOR ST,49.235614,-123.084767,local,0,0,2,0.2,0.4,0.3,0.0,1.0,-0.1,0.278,2545,3954
E 39TH AVE & INVERNESS ST,49.234823,-123.079738,local,0,0,2,0.2,0.4,0.3,0.0,1.0,-0.1,0.278,2546,3955
E 39TH AVE & PRINCE ALBERT ST,49.234736,-123.088121,local,0,0,2,0.2,0.4,0.3,0.0,1.0,-0.1,0.278,2547,3956
E 39TH AVE & QUEBEC ST,49.235458,-123.103625,local,0,0,2,0.2,0.4,0.3,0.0,1.0,-0.1,0.278,2548,3957
E 3RD AVE & GARDEN DR,49.267698,-123.058047,local,0,0,2,0.2,0.4,0.3,0.0,1.0,-0.1,0.278,2549,3958
E 3RD AVE & KAMLOOPS ST,49.267569,-123.054703,local,0,0,2,0.2,0.4,0.3,0.0,1.0,-0.1,0.278,2550,3959
E 3RD AVE & KASLO ST,49.267597,-123.046967,local,0,0,2,0.2,0.4,0.3,0.0,1.0,-0.1,0.278,2551,3960
E 3RD AVE & NOOTKA ST,49.267581,-123.0415,local,0,0,2,0.2,0.4,0.3,0.0,1.0,-0.1,0.278,2552,3961
E 3RD AVE & SEMLIN DR,49.267744,-123.063857,local,0,0,2,0.2,0.4,0.3,0.0,1.0,-0.1,0.278,2553,3962
E 3RD AVE & SLOCAN ST,49.267589,-123.04948,local,0,0,2,0.2,0.4,0.3,0.0,1.0,-0.1,0.278,2554,3963
E 3RD AVE & TEMPLETON DR,49.267714,-123.059994,local,0,0,2,0.2,0.4,0.3,0.0,1.0,-0.1,0.278,2555,3964
E 3RD AVE & WINDERMERE ST,49.267567,-123.036461,local,0,0,2,0.2,0.4,0.3,0.0,1.0,-0.1,0.278,2556,3965
E 40TH AVE & EARLES ST,49.234047,-123.048781,local,0,0,2,0.2,0.4,0.3,0.0,1.0,-0.1,0.278,2557,3966
E 40TH AVE & ROSS ST,49.233757,-123.082551,local,0,0,2,0.2,0.4,0.3,0.0,1.0,-0.1,0.278,2558,3968
E 40TH AVE & ST CATHERINES ST,49.233802,-123.086892,local,0,0,2,0.2,0.4,0.3,0.0,1.0,-0.1,0.278,2559,3969
E 40TH AVE & WALES ST,49.233848,-123.051673,local,0,0,2,0.2,0.4,0.3,0.0,1.0,-0.1,0.278,2560,3970
E 40TH AVE & WINDSOR ST,49.233766,-123.084768,local,0,0,2,0.2,0.4,0.3,0.0,1.0,-0.1,0.278,2561,3971
E 42ND AVE & KILLARNEY ST,49.231996,-123.045939,local,0,0,2,0.2,0.4,0.3,0.0,1.0,-0.1,0.278,2562,3972
E 42ND AVE & QUEBEC ST,49.231707,-123.10366,local,0,0,2,0.2,0.4,0.3,0.0,1.0,-0.1,0.278,2563,3973
E 42ND AVE & WALES ST,49.231754,-123.051636,local,0,0,2,0.2,0.4,0.3,0.0,1.0,-0.1,0.278,2564,3974
E 43RD AVE & EARLES ST,49.231163,-123.048807,local,0,0,2,0.2,0.4,0.3,0.0,1.0,-0.1,0.278,2565,3975
E 43RD AVE & GLADSTONE ST,49.231197,-123.062032,local,0,0,2,0.2,0.4,0.3,0.0,1.0,-0.1,0.278,2566,3976
E 43RD AVE & KERR ST,49.231119,-123.040232,local,0,0,2,0.2,0.4,0.3,0.0,1.0,-0.1,0.278,2567,3977
E 43RD AVE & KILLARNEY ST,49.23111,-123.045948,local,0,0,2,0.2,0.4,0.3,0.0,1.0,-0.1,0.278,2568,3978
E 43RD AVE & PRINCE ALBERT ST,49.230962,-123.087853,local,0,0,2,0.2,0.4,0.3,0.0,1.0,-0.1,0.278,2569,3979
E 43RD AVE & QUEBEC ST,49.230943,-123.103621,local,0,0,2,0.2,0.4,0.3,0.0,1.0,-0.1,0.278,2570,3980
E 43RD AVE & ROSS ST,49.230892,-123.082638,local,0,0,2,0.2,0.4,0.3,0.0,1.0,-0.1,0.278,2571,3981
E 43RD AVE & SHERBROOKE ST,49.230865,-123.081246,local,0,0,2,0.2,0.4,0.3,0.0,1.0,-0.1,0.278,2572,3982
E 44TH AVE & EARLES ST,49.2303,-123.048821,local,0,0,2,0.2,0.4,0.3,0.0,1.0,-0.1,0.278,2573,3983
E 44TH AVE & JOYCE ST,49.230256,-123.037411,local,0,0,2,0.2,0.4,0.3,0.0,1.0,-0.1,0.278,2574,3984
E 44TH AVE & QUEBEC ST,49.230331,-123.103643,local,0,0,2,0.2,0.4,0.3,0.0,1.0,-0.1,0.278,2575,3986
E 44TH AVE & SOPHIA ST,49.230234,-123.099471,local,0,0,2,0.2,0.4,0.3,0.0,1.0,-0.1,0.278,2576,3987
E 44TH AVE & ST GEORGE ST,49.230141,-123.093972,local,0,0,2,0.2,0.4,0.3,0.0,1.0,-0.1,0.278,2577,3988
E 45TH AVE & EARLES ST,49.229315,-123.048832,local,0,0,2,0.2,0.4,0.3,0.0,1.0,-0.1,0.278,2578,3989
E 45TH AVE & GLADSTONE ST,49.229433,-123.062064,local,0,0,2,0.2,0.4,0.3,0.0,1.0,-0.1,0.278,2579,3990
E 45TH AVE & LINCOLN ST,49.229225,-123.026427,local,0,0,2,0.2,0.4,0.3,0.0,1.0,-0.1,0.278,2580,3991
E 45TH AVE & SOPHIA ST,49.229336,-123.099486,local,0,0,2,0.2,0.4,0.3,0.0,1.0,-0.1,0.278,2581,3992
E 45TH AVE & ST CATHERINES ST,49.229111,-123.086536,local,0,0,2,0.2,0.4,0.3,0.0,1.0,-0.1,0.278,2582,3993
E 45TH AVE & ST MARGARETS ST,49.229384,-123.056528,local,0,0,2,0.2,0.4,0.3,0.0,1.0,-0.1,0.278,2583,3994
E 45TH AVE & WALES ST,49.22934,-123.051593,local,0,0,2,0.2,0.4,0.3,0.0,1.0,-0.1,0.278,2584,3995
E 46TH AVE & KERR ST,49.228448,-123.040862,local,0,0,2,0.2,0.4,0.3,0.0,1.0,-0.1,0.278,2585,3996
E 46TH AVE & MCKINNON ST,49.228446,-123.038652,local,0,0,2,0.2,0.4,0.3,0.0,1.0,-0.1,0.278,2586,3997
E 46TH AVE & ONTARIO ST & W 46TH AVE,49.228558,-123.105849,local,0,0,3,0.4,0.6,0.5,0.0,2.0,-0.1,0.22,2587,2958
E 46TH AVE & RALEIGH ST,49.228428,-123.047594,local,0,0,2,0.2,0.4,0.3,0.0,1.0,-0.1,0.278,2588,3998
E 46TH AVE & SOPHIA ST,49.22843,-123.099468,local,0,0,2,0.2,0.4,0.3,0.0,1.0,-0.1,0.278,2589,3999
E 47TH AVE & ELGIN ST,49.227853,-123.083826,local,0,0,2,0.2,0.4,0.3,0.0,1.0,-0.1,0.278,2590,4000
E 47TH AVE & FRONTENAC ST,49.226384,-123.025994,local,0,0,2,0.2,0.4,0.3,0.0,1.0,-0.1,0.278,2591,4002
E 47TH AVE & INVERNESS ST,49.227759,-123.079989,local,0,0,2,0.2,0.4,0.3,0.0,1.0,-0.1,0.278,2592,4003
E 47TH AVE & NANAIMO ST,49.227571,-123.05908,local,0,0,2,0.2,0.4,0.3,0.0,1.0,-0.1,0.278,2593,4004
E 47TH AVE & ONTARIO ST & W 47TH AVE,49.227667,-123.105827,local,0,0,3,0.4,0.6,0.5,0.0,2.0,-0.1,0.22,2594,2959
E 47TH AVE & SOPHIA ST,49.227514,-123.099474,local,0,0,2,0.2,0.4,0.3,0.0,1.0,-0.1,0.278,2595,4005
E 47TH AVE & ST CATHERINES ST,49.227323,-123.086579,local,0,0,2,0.2,0.4,0.3,0.0,1.0,-0.1,0.278,2596,4006
E 47TH AVE & WINDSOR ST,49.227305,-123.085197,local,0,0,2,0.2,0.4,0.3,0.0,1.0,-0.1,0.278,2597,4007
E 48TH AVE & FRASER ST,49.226525,-123.090723,secondary_arterial,1,0,2,9.8,10.7,10.7,5.0,17.0,-0.1,0.015,2598,517
E 48TH AVE & FRONTENAC ST,49.22522,-123.026013,local,0,0,2,0.2,0.4,0.3,0.0,1.0,-0.1,0.278,2599,4008
E 48TH AVE & GLADSTONE ST,49.226257,-123.062297,local,0,0,2,0.2,0.4,0.3,0.0,1.0,-0.1,0.278,2600,4009
E 48TH AVE & MCKINNON ST,49.225459,-123.038805,local,0,0,2,0.2,0.4,0.3,0.0,1.0,-0.1,0.278,2601,4010
E 48TH AVE & WALES ST,49.225924,-123.051799,local,0,0,2,0.2,0.4,0.3,0.0,1.0,-0.1,0.278,2602,4011
E 4TH AVE & LAKEWOOD DR,49.266781,-123.061925,local,0,0,2,0.2,0.4,0.3,0.0,1.0,-0.1,0.278,2603,4012
E 4TH AVE & RENFREW ST,49.266666,-123.04427,secondary_arterial,0,0,2,2.2,2.5,2.4,0.0,6.0,-0.1,0.06,2604,1463
E 4TH AVE & VERNON DR,49.266954,-123.07857,local,0,0,2,0.2,0.4,0.3,0.0,1.0,-0.1,0.278,2605,4013
E 50TH AVE & MCKINNON ST,49.223759,-123.038858,local,0,0,2,0.2,0.4,0.3,0.0,1.0,-0.1,0.278,2606,4014
E 50TH AVE & SOPHIA ST,49.224676,-123.099603,local,0,0,2,0.2,0.4,0.3,0.0,1.0,-0.1,0.278,2607,4015
E 50TH AVE & ST GEORGE ST,49.224578,-123.094142,local,0,0,2,0.2,0.4,0.3,0.0,1.0,-0.1,0.278,2608,4016
E 50TH AVE & TODERICK ST,49.223098,-123.030016,local,0,0,2,0.2,0.4,0.3,0.0,1.0,-0.1,0.278,2609,4017
E 50TH AVE & VIVIAN ST,49.223805,-123.050391,local,0,0,2,0.2,0.4,0.3,0.0,1.0,-0.1,0.278,2610,4018
E 50TH AVE & WINDSOR ST,49.224458,-123.085289,local,0,0,2,0.2,0.4,0.3,0.0,1.0,-0.1,0.278,2611,4019
E 51ST AVE & FLEMING ST,49.223337,-123.073233,local,0,0,2,0.2,0.4,0.3,0.0,1.0,-0.1,0.278,2612,4020
E 51ST AVE & KILLARNEY ST,49.223177,-123.04578,local,0,0,2,0.2,0.4,0.3,0.0,1.0,-0.1,0.278,2613,4021
E 51ST AVE & LANCASTER ST,49.223174,-123.042688,local,0,0,2,0.2,0.4,0.3,0.0,1.0,-0.1,0.278,2614,4022
E 51ST AVE & MCKINNON ST,49.222914,-123.038922,local,0,0,2,0.2,0.4,0.3,0.0,1.0,-0.1,0.278,2615,4023
E 51ST AVE & PRINCE EDWARD ST,49.223669,-123.097572,local,0,0,2,0.2,0.4,0.3,0.0,1.0,-0.1,0.278,2616,4024
E 51ST AVE & QUEBEC ST,49.223785,-123.103861,local,0,0,2,0.2,0.4,0.3,0.0,1.0,-0.1,0.278,2617,4025
E 51ST AVE & ST GEORGE ST,49.223615,-123.094158,local,0,0,2,0.2,0.4,0.3,0.0,1.0,-0.1,0.278,2618,4027
E 51ST AVE & WALES ST,49.223181,-123.052471,local,0,0,2,0.2,0.4,0.3,0.0,1.0,-0.1,0.278,2619,4029
E 52ND AVE & KILLARNEY ST,49.221734,-123.045858,local,0,0,2,0.2,0.4,0.3,0.0,1.0,-0.1,0.278,2620,4030
E 52ND AVE & NANAIMO ST,49.222157,-123.059335,local,0,0,2,0.2,0.4,0.3,0.0,1.0,-0.1,0.278,2621,4031
E 52ND AVE & PRINCE ALBERT ST,49.222683,-123.088088,local,0,0,2,0.2,0.4,0.3,0.0,1.0,-0.1,0.278,2622,4032
E 52ND AVE & QUEBEC ST,49.22291,-123.103889,local,0,0,2,0.2,0.4,0.3,0.0,1.0,-0.1,0.278,2623,4033
E 53RD AVE & FLEMING ST,49.221757,-123.073295,local,0,0,2,0.2,0.4,0.3,0.0,1.0,-0.1,0.278,2624,4034
E 53RD AVE & GLADSTONE ST,49.221237,-123.062583,local,0,0,2,0.2,0.4,0.3,0.0,1.0,-0.1,0.278,2625,4035
E 53RD AVE & SHERBROOKE ST,49.221856,-123.081613,local,0,0,2,0.2,0.4,0.3,0.0,1.0,-0.1,0.278,2626,4036
E 53RD AVE & ST GEORGE ST,49.221801,-123.094189,local,0,0,2,0.2,0.4,0.3,0.0,1.0,-0.1,0.278,2627,4037
E 53RD AVE & VIVIAN ST,49.221075,-123.050539,local,0,0,2,0.2,0.4,0.3,0.0,1.0,-0.1,0.278,2628,4038
E 54TH AVE & ONTARIO ST,49.221156,-123.106139,local,0,0,2,0.2,0.4,0.3,0.0,1.0,-0.1,0.278,2629,4039
E 54TH AVE & PRINCE EDWARD ST,49.220975,-123.097654,local,0,0,2,0.2,0.4,0.3,0.0,1.0,-0.1,0.278,2630,4040
E 54TH AVE & SOPHIA ST,49.221012,-123.099694,local,0,0,2,0.2,0.4,0.3,0.0,1.0,-0.1,0.278,2631,4042
E 55TH AVE & ELMHURST DR,49.219334,-123.048046,local,0,0,2,0.2,0.4,0.3,0.0,1.0,-0.1,0.278,2632,4043
E 55TH AVE & GLADSTONE ST,49.21939,-123.061987,local,0,0,2,0.2,0.4,0.3,0.0,1.0,-0.1,0.278,2633,4044
E 55TH AVE & LANARK ST,49.219564,-123.076144,local,0,0,2,0.2,0.4,0.3,0.0,1.0,-0.1,0.278,2634,4045
E 56TH AVE & LANCASTER PL,49.218189,-123.042704,local,0,0,2,0.2,0.4,0.3,0.0,1.0,-0.1,0.278,2635,4046
E 56TH AVE & QUEBEC ST,49.219339,-123.103992,local,0,0,2,0.2,0.4,0.3,0.0,1.0,-0.1,0.278,2636,4047
E 56TH AVE & VIVIAN DR,49.21894,-123.050562,local,0,0,2,0.2,0.4,0.3,0.0,1.0,-0.1,0.278,2637,4048
E 57TH AVE & WINDSOR ST,49.218204,-123.085438,collector,0,0,2,1.0,1.2,1.1,0.0,3.0,-0.1,0.119,2638,2099
E 58TH AVE & PRINCE ALBERT ST,49.217366,-123.087838,local,0,0,2,0.2,0.4,0.3,0.0,1.0,-0.1,0.278,2639,4049
E 58TH AVE & PRINCE EDWARD ST,49.217519,-123.097758,local,0,0,2,0.2,0.4,0.3,0.0,1.0,-0.1,0.278,2640,4050
E 59TH AVE & ROSS ST,49.216451,-123.083106,local,0,0,2,0.2,0.4,0.3,0.0,1.0,-0.1,0.278,2641,4051
E 5TH AVE & GARDEN DR,49.265897,-123.058086,local,0,0,2,0.2,0.4,0.3,0.0,1.0,-0.1,0.278,2642,4052
E 5TH AVE & GUELPH ST,49.26618,-123.094865,local,0,0,2,0.2,0.4,0.3,0.0,1.0,-0.1,0.278,2643,4053
E 5TH AVE & LILLOOET ST,49.265678,-123.039017,local,0,0,2,0.2,0.4,0.3,0.0,1.0,-0.1,0.278,2644,4054
E 5TH AVE & NOOTKA ST,49.265685,-123.041523,local,0,0,2,0.2,0.4,0.3,0.0,1.0,-0.1,0.278,2645,4055
E 5TH AVE & PENTICTON ST,49.265713,-123.052157,local,0,0,2,0.2,0.4,0.3,0.0,1.0,-0.1,0.278,2646,4056
E 5TH AVE & SEMLIN DR,49.265937,-123.063902,local,0,0,2,0.2,0.4,0.3,0.0,1.0,-0.1,0.278,2647,4057
E 5TH AVE & WOODLAND DR,49.266019,-123.073575,local,0,0,2,0.2,0.4,0.3,0.0,1.0,-0.1,0.278,2648,4058
E 60TH AVE & INVERNESS ST,49.215516,-123.080141,local,0,0,2,0.2,0.4,0.3,0.0,1.0,-0.1,0.278,2649,4059
E 60TH AVE & ONTARIO ST & W 60TH AVE,49.215935,-123.106278,local,0,0,3,0.4,0.6,0.5,0.0,2.0,-0.1,0.22,2650,2962
E 60TH AVE & PRINCE ALBERT ST,49.215578,-123.087916,local,0,0,2,0.2,0.4,0.3,0.0,1.0,-0.1,0.278,2651,4060
E 60TH AVE & ROSS ST,49.215552,-123.083121,local,0,0,2,0.2,0.4,0.3,0.0,1.0,-0.1,0.278,2652,4061
E 60TH AVE & ST GEORGE ST,49.215706,-123.094214,local,0,0,2,0.2,0.4,0.3,0.0,1.0,-0.1,0.278,2653,4062
E 61ST AVE & PRINCE ALBERT ST,49.214765,-123.087923,local,0,0,2,0.2,0.4,0.3,0.0,1.0,-0.1,0.278,2654,4063
E 61ST AVE & VICTORIA DR,49.214502,-123.066021,secondary_arterial,0,0,2,2.2,2.5,2.4,0.0,6.0,-0.1,0.06,2655,1465
E 61ST AVE & WINDSOR ST,49.214727,-123.085698,local,0,0,2,0.2,0.4,0.3,0.0,1.0,-0.1,0.278,2656,4064
E 62ND AVE & MUNROE CRES,49.213783,-123.040225,local,0,0,2,0.2,0.4,0.3,0.0,1.0,-0.1,0.278,2657,4065
E 62ND AVE & ONTARIO ST & W 62ND AVE,49.214212,-123.106432,local,0,0,3,0.4,0.6,0.5,0.0,2.0,-0.1,0.22,2658,2963
E 62ND AVE & SPARBROOK CRES,49.213509,-123.035659,local,0,0,2,0.2,0.4,0.3,0.0,1.0,-0.1,0.278,2659,4066
E 63RD AVE & LEASIDE ST,49.212843,-123.069126,local,0,0,2,0.2,0.4,0.3,0.0,1.0,-0.1,0.278,2660,4067
E 63RD AVE & PRINCE ALBERT ST,49.212958,-123.088153,local,0,0,2,0.2,0.4,0.3,0.0,1.0,-0.1,0.278,2661,4068
E 64TH AVE & PRINCE ALBERT ST,49.211991,-123.088186,local,0,0,2,0.2,0.4,0.3,0.0,1.0,-0.1,0.278,2662,4070
E 64TH AVE & SOPHIA ST,49.212627,-123.100255,local,0,0,2,0.2,0.4,0.3,0.0,1.0,-0.1,0.278,2663,4071
E 65TH AVE & SOPHIA ST,49.211733,-123.100288,local,0,0,2,0.2,0.4,0.3,0.0,1.0,-0.1,0.278,2664,4072
E 67TH AVE & SHERBROOKE ST,49.209533,-123.08211,local,0,0,2,0.2,0.4,0.3,0.0,1.0,-0.1,0.278,2665,4073
E 6TH AVE & GARDEN DR,49.264988,-123.058106,local,0,0,2,0.2,0.4,0.3,0.0,1.0,-0.1,0.278,2666,4074
E 6TH AVE & SLOCAN ST,49.26476,-123.049502,local,0,0,2,0.2,0.4,0.3,0.0,1.0,-0.1,0.278,2667,4075
E 6TH AVE & WINDERMERE ST,49.264717,-123.036496,local,0,0,2,0.2,0.4,0.3,0.0,1.0,-0.1,0.278,2668,4076
E 7TH AVE & KAMLOOPS ST,49.263871,-123.054712,local,0,0,2,0.2,0.4,0.3,0.0,1.0,-0.1,0.278,2669,4077
E 7TH AVE & LILLOOET ST,49.263841,-123.039048,local,0,0,2,0.2,0.4,0.3,0.0,1.0,-0.1,0.278,2670,4078
E 7TH AVE & MCLEAN DR,49.26421,-123.075559,local,0,0,2,0.2,0.4,0.3,0.0,1.0,-0.1,0.278,2671,4079
E 7TH AVE & NOOTKA ST,49.263851,-123.041544,local,0,0,2,0.2,0.4,0.3,0.0,1.0,-0.1,0.278,2672,4080
E 7TH AVE & PRINCE ALBERT ST,49.264316,-123.087144,local,0,0,2,0.2,0.4,0.3,0.0,1.0,-0.1,0.278,2673,4081
E 7TH AVE & SLOCAN ST,49.263865,-123.049509,local,0,0,2,0.2,0.4,0.3,0.0,1.0,-0.1,0.278,2674,4082
E 7TH AVE & WINDSOR ST,49.264283,-123.083269,local,0,0,2,0.2,0.4,0.3,0.0,1.0,-0.1,0.278,2675,4083
E 8TH AVE & KAMLOOPS ST,49.262963,-123.054714,local,0,0,2,0.2,0.4,0.3,0.0,1.0,-0.1,0.278,2676,4085
E 8TH AVE & KEITH DR,49.263342,-123.079419,local,0,0,2,0.2,0.4,0.3,0.0,1.0,-0.1,0.278,2677,4086
E 8TH AVE & LAKEWOOD DR,49.263211,-123.062027,local,0,0,2,0.2,0.4,0.3,0.0,1.0,-0.1,0.278,2678,4087
E 8TH AVE & LILLOOET ST,49.26292,-123.039063,local,0,0,2,0.2,0.4,0.3,0.0,1.0,-0.1,0.278,2679,4088
E 8TH AVE & SEMLIN DR,49.263224,-123.06397,local,0,0,2,0.2,0.4,0.3,0.0,1.0,-0.1,0.278,2680,4089
E 8TH AVE & SLOCAN ST,49.262954,-123.049573,local,0,0,2,0.2,0.4,0.3,0.0,1.0,-0.1,0.278,2681,4090
E 8TH AVE & ST CATHERINES ST,49.263391,-123.085223,local,0,0,2,0.2,0.4,0.3,0.0,1.0,-0.1,0.278,2682,4091
E CORDOVA ST & GLEN DR,49.281914,-123.081283,local,0,0,2,0.2,0.4,0.3,0.0,1.0,-0.1,0.278,2683,4092
E GEORGIA ST & GLEN DR,49.278242,-123.081352,local,0,0,2,0.2,0.4,0.3,0.0,1.0,-0.1,0.278,2684,4093
E GEORGIA ST & HAWKS AVE,49.278347,-123.087282,local,0,0,2,0.2,0.4,0.3,0.0,1.0,-0.1,0.278,2685,4094
E GEORGIA ST & HEATLEY AVE,49.278391,-123.089661,local,0,0,2,0.2,0.4,0.3,0.0,1.0,-0.1,0.278,2686,4095
E GEORGIA ST & KAMLOOPS ST,49.278289,-123.054603,local,0,0,2,0.2,0.4,0.3,0.0,1.0,-0.1,0.278,2687,4096
E GEORGIA ST & KOOTENAY ST,49.278264,-123.025722,local,0,0,2,0.2,0.4,0.3,0.0,1.0,-0.1,0.278,2688,4097
E GEORGIA ST & PRINCESS AVE,49.278427,-123.091603,local,0,0,2,0.2,0.4,0.3,0.0,1.0,-0.1,0.278,2689,4098
E KENT AVE N & RIVERGRASS DR,49.204957,-123.028409,local,0,0,2,0.2,0.4,0.3,0.0,1.0,-0.1,0.278,2690,4099
E PENDER ST & GLEN DR,49.280052,-123.081318,local,0,0,2,0.2,0.4,0.3,0.0,1.0,-0.1,0.278,2691,4100
E PENDER ST & LAKEWOOD DR,49.280237,-123.061715,local,0,0,2,0.2,0.4,0.3,0.0,1.0,-0.1,0.278,2692,4101
E PENDER ST & SALSBURY DR,49.280262,-123.06831,local,0,0,2,0.2,0.4,0.3,0.0,1.0,-0.1,0.278,2693,4102
E PENDER ST & WOODLAND DR,49.280308,-123.07266,local,0,0,2,0.2,0.4,0.3,0.0,1.0,-0.1,0.278,2694,4103
E WOODSTOCK AVE & QUEBEC ST,49.233649,-123.103706,local,0,0,2,0.2,0.4,0.3,0.0,1.0,-0.1,0.278,2695,4105
EAST BOULEVARD & W 35TH AVE,49.240023,-123.154507,local,0,0,2,0.2,0.4,0.3,0.0,1.0,-0.1,0.278,2696,4106
EAST BOULEVARD & W 62ND AVE,49.215028,-123.14754,local,0,0,2,0.2,0.4,0.3,0.0,1.0,-0.1,0.278,2697,4107
EDDINGTON DR & TOWNLEY ST,49.246179,-123.158218,local,0,0,2,0.2,0.4,0.3,0.0,1.0,-0.1,0.278,2698,4108
EDDINGTON DR & YEW ST,49.246946,-123.154756,local,0,0,2,0.2,0.4,0.3,0.0,1.0,-0.1,0.278,2699,4109
ELIZABETH ST & W 37TH AVE,49.237063,-123.111918,local,0,0,2,0.2,0.4,0.3,0.0,1.0,-0.1,0.278,2700,4110
ELIZABETH ST & W 39TH AVE,49.235648,-123.111963,local,0,0,2,0.2,0.4,0.3,0.0,1.0,-0.1,0.278,2701,4111
ELLIOTT ST & VIVIAN DR,49.2127,-123.055117,collector,0,0,2,1.0,1.2,1.1,0.0,3.0,-0.1,0.119,2702,2105
ELM ST & W 37TH AVE,49.238447,-123.164053,local,0,0,2,0.2,0.4,0.3,0.0,1.0,-0.1,0.278,2703,4114
ELM ST & W 43RD AVE,49.232856,-123.16425,local,0,0,2,0.2,0.4,0.3,0.0,1.0,-0.1,0.278,2704,4115
ETON ST & N SLOCAN ST,49.28772,-123.049306,local,0,0,2,0.2,0.4,0.3,0.0,1.0,-0.1,0.278,2705,4116
ETON ST & N TEMPLETON DR,49.287522,-123.059655,local,0,0,2,0.2,0.4,0.3,0.0,1.0,-0.1,0.278,2706,4117
EUCLID AVE & KILLARNEY ST,49.240005,-123.042475,local,0,0,2,0.2,0.4,0.3,0.0,1.0,-0.1,0.278,2707,4118
EUCLID AVE & MCHARDY ST,49.237582,-123.036469,local,0,0,2,0.2,0.4,0.3,0.0,1.0,-0.1,0.278,2708,4119
EUCLID AVE & MOSS ST,49.240764,-123.044352,local,0,0,2,0.2,0.4,0.3,0.0,1.0,-0.1,0.278,2709,4120
EUCLID AVE & RAVINE ST,49.241996,-123.047407,local,0,0,2,0.2,0.4,0.3,0.0,1.0,-0.1,0.278,2710,4121
FALAISE AVE & FALAISE PL,49.256189,-123.028433,local,0,0,2,0.2,0.4,0.3,0.0,1.0,-0.1,0.278,2711,4122
FERNDALE ST & GARDEN DR,49.279641,-123.057853,local,0,0,2,0.2,0.4,0.3,0.0,1.0,-0.1,0.278,2712,4123
FERNDALE ST & TEMPLETON DR,49.279655,-123.059787,local,0,0,2,0.2,0.4,0.3,0.0,1.0,-0.1,0.278,2713,4124
FIR ST & W 15TH AVE,49.258033,-123.141253,secondary_arterial,0,0,2,2.2,2.5,2.4,0.0,6.0,-0.1,0.06,2714,1466
FOSTER AVE & MELBOURNE ST,49.234023,-123.029255,local,0,0,2,0.2,0.4,0.3,0.0,1.0,-0.1,0.278,2715,4127
FOSTER AVE & OBEN ST,49.234129,-123.027008,local,0,0,2,0.2,0.4,0.3,0.0,1.0,-0.1,0.278,2716,4128
FOSTER AVE & TYNE ST,49.234024,-123.030419,local,0,0,2,0.2,0.4,0.3,0.0,1.0,-0.1,0.278,2717,4129
FREMLIN ST & ROSEBURY WALK & W 59TH AVE,49.21705,-123.127173,local,0,0,3,0.4,0.6,0.5,0.0,2.0,-0.1,0.22,2718,2965
FREMLIN ST & W 43RD AVE,49.232034,-123.126721,local,0,0,2,0.2,0.4,0.3,0.0,1.0,-0.1,0.278,2719,4130
FREMLIN ST & W 52ND AVE,49.223892,-123.126832,local,0,0,2,0.2,0.4,0.3,0.0,1.0,-0.1,0.278,2720,4131
FREMLIN ST & W 54TH AVE,49.221505,-123.126906,local,0,0,2,0.2,0.4,0.3,0.0,1.0,-0.1,0.278,2721,4132
FREMLIN ST & W 61ST AVE,49.215576,-123.127234,local,0,0,2,0.2,0.4,0.3,0.0,1.0,-0.1,0.278,2722,4133
FRONTENAC ST & HENNEPIN AVE,49.221843,-123.026424,local,0,0,2,0.2,0.4,0.3,0.0,1.0,-0.1,0.278,2723,4134
GARDEN DR & GRAVELEY ST,49.270396,-123.057983,local,0,0,2,0.2,0.4,0.3,0.0,1.0,-0.1,0.278,2724,4136
GARDEN DR & NAPIER ST,49.274777,-123.05794,local,0,0,2,0.2,0.4,0.3,0.0,1.0,-0.1,0.278,2725,4137
GARDEN DR & TURNER ST,49.27911,-123.057859,local,0,0,2,0.2,0.4,0.3,0.0,1.0,-0.1,0.278,2726,4138
GEORGE ST & PARKER ST,49.275887,-123.08,local,0,0,2,0.2,0.4,0.3,0.0,1.0,-0.1,0.278,2727,4139
GILFORD ST & PENDRELL ST,49.289034,-123.142325,local,0,0,2,0.2,0.4,0.3,0.0,1.0,-0.1,0.278,2728,4140
GILFORD ST & TED NORTHE LANE,49.290743,-123.139647,local,0,0,2,0.2,0.4,0.3,0.0,1.0,-0.1,0.278,2729,4141
GLADSTONE ST & NEWPORT AVE,49.21529,-123.062126,local,0,0,2,0.2,0.4,0.3,0.0,1.0,-0.1,0.278,2730,4142
GLADSTONE ST & WAVERLEY AVE,49.227151,-123.062309,local,0,0,2,0.2,0.4,0.3,0.0,1.0,-0.1,0.278,2731,4144
GLEN DR & KEEFER ST,49.279123,-123.081335,local,0,0,2,0.2,0.4,0.3,0.0,1.0,-0.1,0.278,2732,4145
GLEN DR & PARKER ST,49.275857,-123.081404,local,0,0,2,0.2,0.4,0.3,0.0,1.0,-0.1,0.278,2733,4146
GORE AVE & RAILWAY ST,49.284297,-123.097866,local,0,0,2,0.2,0.4,0.3,0.0,1.0,-0.1,0.278,2734,4147
GRANT ST & KAMLOOPS ST,49.271365,-123.054679,local,0,0,2,0.2,0.4,0.3,0.0,1.0,-0.1,0.278,2735,4148
GRANT ST & LAKEWOOD DR,49.271245,-123.061859,local,0,0,2,0.2,0.4,0.3,0.0,1.0,-0.1,0.278,2736,4149
GRANT ST & PENTICTON ST,49.271362,-123.052082,local,0,0,2,0.2,0.4,0.3,0.0,1.0,-0.1,0.278,2737,4150
GRANT ST & WOODLAND DR,49.271445,-123.073437,local,0,0,2,0.2,0.4,0.3,0.0,1.0,-0.1,0.278,2738,4151
GRAVELEY ST & NOOTKA ST,49.270405,-123.041439,local,0,0,2,0.2,0.4,0.3,0.0,1.0,-0.1,0.278,2739,4152
GRAVELEY ST & PENTICTON ST,49.270427,-123.052096,local,0,0,2,0.2,0.4,0.3,0.0,1.0,-0.1,0.278,2740,4153
GRAVELEY ST & SEMLIN DR,49.270451,-123.063792,local,0,0,2,0.2,0.4,0.3,0.0,1.0,-0.1,0.278,2741,4154
GRAVELEY ST & TEMPLETON DR,49.270414,-123.059944,local,0,0,2,0.2,0.4,0.3,0.0,1.0,-0.1,0.278,2742,4155
HAIDA DR & MALTA AVE,49.254547,-123.027584,local,0,0,2,0.2,0.4,0.3,0.0,1.0,-0.1,0.278,2743,4156
HAROLD ST & MARMION AVE,49.231574,-123.035996,local,0,0,2,0.2,0.4,0.3,0.0,1.0,-0.1,0.278,2744,4159
HARRISON DR & ROSEDALE DR,49.208447,-123.059846,local,0,0,2,0.2,0.4,0.3,0.0,1.0,-0.1,0.278,2745,4160
HARWOOD ST & NICOLA ST,49.283049,-123.139629,local,0,0,2,0.2,0.4,0.3,0.0,1.0,-0.1,0.278,2746,4161
HAWKS AVE & MALKIN AVE,49.27464,-123.087432,local,0,0,2,0.2,0.4,0.3,0.0,1.0,-0.1,0.278,2747,4162
HEATHER ST & W 11TH AVE,49.261393,-123.11993,local,0,0,2,0.2,0.4,0.3,0.0,1.0,-0.1,0.278,2748,4163
HEATHER ST & W 15TH AVE,49.257711,-123.120102,local,0,0,2,0.2,0.4,0.3,0.0,1.0,-0.1,0.278,2749,4164
HEATHER ST & W 17TH AVE,49.256105,-123.120144,local,0,0,2,0.2,0.4,0.3,0.0,1.0,-0.1,0.278,2750,4165
HEATHER ST & W 19TH AVE,49.25429,-123.120191,local,0,0,2,0.2,0.4,0.3,0.0,1.0,-0.1,0.278,2751,4166
HEATHER ST & W 21ST AVE,49.252495,-123.120249,local,0,0,2,0.2,0.4,0.3,0.0,1.0,-0.1,0.278,2752,4167
HEATHER ST & W 29TH AVE,49.245268,-123.120462,local,0,0,2,0.2,0.4,0.3,0.0,1.0,-0.1,0.278,2753,4168
HEATHER ST & W 32ND AVE & PARKING LOT,49.24223,-123.120579,local,0,0,3,0.4,0.6,0.5,0.0,2.0,-0.1,0.22,2754,2967
HEATHER ST & W 49TH AVE,49.22637,-123.123581,secondary_arterial,0,0,2,2.2,2.5,2.4,0.0,6.0,-0.1,0.06,2755,1467
HEATHER ST & W 50TH AVE,49.225459,-123.123607,local,0,0,2,0.2,0.4,0.3,0.0,1.0,-0.1,0.278,2756,4169
HEATHER ST & W 62ND AVE,49.214634,-123.123974,local,0,0,2,0.2,0.4,0.3,0.0,1.0,-0.1,0.278,2757,4170
HEATHER ST & W 68TH AVE,49.209916,-123.124168,local,0,0,2,0.2,0.4,0.3,0.0,1.0,-0.1,0.278,2758,4171
HERON PL & MATHESON CRES,49.212265,-123.025176,local,0,0,2,0.2,0.4,0.3,0.0,1.0,-0.1,0.278,2759,4172
HIGHBURY ST & NORMANDY RD,49.268374,-123.18764,local,0,0,2,0.2,0.4,0.3,0.0,1.0,-0.1,0.278,2760,4173
HIGHBURY ST & W 14TH AVE,49.259875,-123.187943,local,0,0,2,0.2,0.4,0.3,0.0,1.0,-0.1,0.278,2761,4175
HIGHBURY ST & W 20TH AVE,49.254698,-123.188031,local,0,0,2,0.2,0.4,0.3,0.0,1.0,-0.1,0.278,2762,4176
HIGHBURY ST & W 23RD AVE,49.251955,-123.188058,local,0,0,2,0.2,0.4,0.3,0.0,1.0,-0.1,0.278,2763,4177
HIGHBURY ST & W 24TH AVE,49.251065,-123.188075,local,0,0,2,0.2,0.4,0.3,0.0,1.0,-0.1,0.278,2764,4178
HIGHBURY ST & W 26TH AVE,49.249028,-123.188089,local,0,0,2,0.2,0.4,0.3,0.0,1.0,-0.1,0.278,2765,4179
HIGHBURY ST & W 30TH AVE,49.245233,-123.188109,local,0,0,2,0.2,0.4,0.3,0.0,1.0,-0.1,0.278,2766,4181
HIGHBURY ST & W 34TH AVE,49.241434,-123.188165,local,0,0,2,0.2,0.4,0.3,0.0,1.0,-0.1,0.278,2767,4182
HIGHBURY ST & W 38TH AVE,49.237592,-123.188202,local,0,0,2,0.2,0.4,0.3,0.0,1.0,-0.1,0.278,2768,4183
HORNBY ST & SEABREEZE WALK,49.274812,-123.133636,local,0,0,2,0.2,0.4,0.3,0.0,1.0,-0.1,0.278,2769,4184
HUDSON ST & LAURIER AVE,49.250757,-123.134336,local,0,0,2,0.2,0.4,0.3,0.0,1.0,-0.1,0.278,2770,4185
HUDSON ST & MATTHEWS AVE,49.253467,-123.134956,local,0,0,2,0.2,0.4,0.3,0.0,1.0,-0.1,0.278,2771,4186
HUDSON ST & MINTO CRES,49.242853,-123.134897,local,0,0,2,0.2,0.4,0.3,0.0,1.0,-0.1,0.278,2772,4187
HUDSON ST & W 40TH AVE,49.235115,-123.134791,local,0,0,2,0.2,0.4,0.3,0.0,1.0,-0.1,0.278,2773,4188
HUDSON ST & W 43RD AVE,49.232306,-123.134899,local,0,0,2,0.2,0.4,0.3,0.0,1.0,-0.1,0.278,2774,4189
HUDSON ST & W 47TH AVE,49.228626,-123.135031,local,0,0,2,0.2,0.4,0.3,0.0,1.0,-0.1,0.278,2775,4190
HUDSON ST & W 50TH AVE,49.225779,-123.13513,local,0,0,2,0.2,0.4,0.3,0.0,1.0,-0.1,0.278,2776,4191
HUDSON ST & W 53RD AVE,49.222539,-123.135238,local,0,0,2,0.2,0.4,0.3,0.0,1.0,-0.1,0.278,2777,4192
HUDSON ST & W 62ND AVE,49.214948,-123.134162,local,0,0,2,0.2,0.4,0.3,0.0,1.0,-0.1,0.278,2778,4193
HUDSON ST & W 76TH AVE,49.201503,-123.135255,local,0,0,2,0.2,0.4,0.3,0.0,1.0,-0.1,0.278,2779,4194
INDUSTRIAL AVE & SCOTIA ST,49.269595,-123.096397,local,0,0,2,0.2,0.4,0.3,0.0,1.0,-0.1,0.278,2780,4197
INVERNESS ST & WAVERLEY AVE,49.226974,-123.080015,local,0,0,2,0.2,0.4,0.3,0.0,1.0,-0.1,0.278,2781,4198
JASPER CRES & PRESTWICK DR,49.216622,-123.069284,local,0,0,2,0.2,0.4,0.3,0.0,1.0,-0.1,0.278,2782,4199
JELLICOE ST & SOTAO AVE,49.207304,-123.047698,local,0,0,2,0.2,0.4,0.3,0.0,1.0,-0.1,0.278,2783,4200
JOYCE ST & MARMION AVE,49.231581,-123.03742,local,0,0,2,0.2,0.4,0.3,0.0,1.0,-0.1,0.278,2784,4201
KAMLOOPS ST & TRIUMPH ST,49.283901,-123.054584,local,0,0,2,0.2,0.4,0.3,0.0,1.0,-0.1,0.278,2785,4202
KASLO ST & NAPIER ST,49.274954,-123.046861,local,0,0,2,0.2,0.4,0.3,0.0,1.0,-0.1,0.278,2786,4203
KASLO ST & PANDORA ST,49.282973,-123.046675,local,0,0,2,0.2,0.4,0.3,0.0,1.0,-0.1,0.278,2787,4204
KASLO ST & WILLIAM ST,49.274179,-123.046867,local,0,0,2,0.2,0.4,0.3,0.0,1.0,-0.1,0.278,2788,4205
KERR ST & SCHOOL AVE,49.234308,-123.040239,local,0,0,2,0.2,0.4,0.3,0.0,1.0,-0.1,0.278,2789,4206
KERSLAND DR & W 33RD AVE,49.241028,-123.116933,local,0,0,2,0.2,0.4,0.3,0.0,1.0,-0.1,0.278,2790,4207
KERSLAND DR & W 35TH AVE,49.239692,-123.115427,local,0,0,2,0.2,0.4,0.3,0.0,1.0,-0.1,0.278,2791,4208
KILLARNEY ST & VANNESS AVE,49.241883,-123.040665,local,0,0,2,0.2,0.4,0.3,0.0,1.0,-0.1,0.278,2792,4209
KINGS LYNN ST & PETERSHAM AVE,49.227288,-123.026025,local,0,0,2,0.2,0.4,0.3,0.0,1.0,-0.1,0.278,2793,4212
KINROSS ST & NORTH ARM AVE,49.204923,-123.036757,local,0,0,2,0.2,0.4,0.3,0.0,1.0,-0.1,0.278,2794,4213
KITCHENER ST & LAKEWOOD DR,49.272058,-123.061849,local,0,0,2,0.2,0.4,0.3,0.0,1.0,-0.1,0.278,2795,4214
KITCHENER ST & NOOTKA ST,49.272277,-123.041434,local,0,0,2,0.2,0.4,0.3,0.0,1.0,-0.1,0.278,2796,4215
KITCHENER ST & ODLUM DR,49.272211,-123.075951,local,0,0,2,0.2,0.4,0.3,0.0,1.0,-0.1,0.278,2797,4216
KITCHENER ST & RUPERT ST,49.272277,-123.033645,local,0,0,2,0.2,0.4,0.3,0.0,1.0,-0.1,0.278,2798,4217
KITCHENER ST & SLOCAN ST,49.272296,-123.049405,local,0,0,2,0.2,0.4,0.3,0.0,1.0,-0.1,0.278,2799,4218
KITCHENER ST & WINDERMERE ST,49.272281,-123.036403,local,0,0,2,0.2,0.4,0.3,0.0,1.0,-0.1,0.278,2800,4219
KITCHENER ST & WOODLAND DR,49.272165,-123.073464,local,0,0,2,0.2,0.4,0.3,0.0,1.0,-0.1,0.278,2801,4220
KOOTENAY ST & WILLIAM ST,49.274114,-123.026114,local,0,0,2,0.2,0.4,0.3,0.0,1.0,-0.1,0.278,2802,4221
LABURNUM ST & W 37TH AVE,49.238213,-123.150434,local,0,0,2,0.2,0.4,0.3,0.0,1.0,-0.1,0.278,2803,4222
LABURNUM ST & W 54TH AVE,49.221833,-123.151086,local,0,0,2,0.2,0.4,0.3,0.0,1.0,-0.1,0.278,2804,4223
LABURNUM ST & W 60TH AVE,49.217178,-123.151162,local,0,0,2,0.2,0.4,0.3,0.0,1.0,-0.1,0.278,2805,4224
LABURNUM ST & W 62ND AVE,49.215107,-123.151247,local,0,0,2,0.2,0.4,0.3,0.0,1.0,-0.1,0.278,2806,4225
LABURNUM ST & W 63RD AVE,49.214151,-123.151262,local,0,0,2,0.2,0.4,0.3,0.0,1.0,-0.1,0.278,2807,4226
LABURNUM ST & W 64TH AVE,49.213175,-123.150378,local,0,0,2,0.2,0.4,0.3,0.0,1.0,-0.1,0.278,2808,4227
LAGOON DR & RAWLINGS TRAIL,49.293005,-123.1416,local,0,0,2,0.2,0.4,0.3,0.0,1.0,-0.1,0.278,2809,4229
LAMEYS MILL RD & THE CASTINGS,49.266451,-123.130674,local,0,0,2,0.2,0.4,0.3,0.0,1.0,-0.1,0.278,2810,4231
LARCH ST & W 18TH AVE,49.256354,-123.162692,local,0,0,2,0.2,0.4,0.3,0.0,1.0,-0.1,0.278,2811,4232
LATTA ST & MARMION AVE,49.231565,-123.034568,local,0,0,2,0.2,0.4,0.3,0.0,1.0,-0.1,0.278,2812,4233
LATTA ST & SCHOOL AVE,49.231878,-123.034527,local,0,0,2,0.2,0.4,0.3,0.0,1.0,-0.1,0.278,2813,4234
LAUREL ST & LAURIER ELEMENTARY SCHOOL ACCESS & W 58TH AVE,49.218083,-123.126108,local,0,0,3,0.4,0.6,0.5,0.0,2.0,-0.1,0.22,2814,2970
LAUREL ST & W 17TH AVE,49.256192,-123.124427,local,0,0,2,0.2,0.4,0.3,0.0,1.0,-0.1,0.278,2815,4235
LAUREL ST & W 68TH AVE,49.209937,-123.12605,local,0,0,2,0.2,0.4,0.3,0.0,1.0,-0.1,0.278,2816,4237
LILLOOET ST & PARKER ST,49.275371,-123.038893,local,0,0,2,0.2,0.4,0.3,0.0,1.0,-0.1,0.278,2817,4238
LONG LIFE PL & W 10TH AVE,49.26226,-123.116289,local,0,0,2,0.2,0.4,0.3,0.0,1.0,-0.1,0.278,2818,4239
MACDONALD ST & QUESNEL DR & W 29TH AVE,49.246109,-123.167897,local,0,0,3,0.4,0.6,0.5,0.0,2.0,-0.1,0.22,2819,2972
MACDONALD ST & W 2ND AVE,49.270143,-123.16822,secondary_arterial,0,0,2,2.2,2.5,2.4,0.0,6.0,-0.1,0.06,2820,1468
MACDONALD ST & W 30TH AVE,49.245165,-123.16792,local,0,0,2,0.2,0.4,0.3,0.0,1.0,-0.1,0.278,2821,4242
MACDONALD ST & W 34TH AVE,49.241355,-123.168024,local,0,0,2,0.2,0.4,0.3,0.0,1.0,-0.1,0.278,2822,4243
MACDONALD ST & W 36TH AVE,49.239447,-123.168074,local,0,0,2,0.2,0.4,0.3,0.0,1.0,-0.1,0.278,2823,4244
MACDONALD ST & W 37TH AVE,49.238519,-123.168069,local,0,0,2,0.2,0.4,0.3,0.0,1.0,-0.1,0.278,2824,4245
MACKENZIE ST & W 15TH AVE,49.258694,-123.170412,local,0,0,2,0.2,0.4,0.3,0.0,1.0,-0.1,0.278,2825,4248
MACKENZIE ST & W 20TH AVE,49.254617,-123.170104,local,0,0,2,0.2,0.4,0.3,0.0,1.0,-0.1,0.278,2826,4249
MACKENZIE ST & W 22ND AVE,49.252806,-123.17015,local,0,0,2,0.2,0.4,0.3,0.0,1.0,-0.1,0.278,2827,4250
MACKENZIE ST & W 23RD AVE,49.251883,-123.170128,local,0,0,2,0.2,0.4,0.3,0.0,1.0,-0.1,0.278,2828,4251
MACKENZIE ST & W 29TH AVE,49.246124,-123.170207,collector,0,0,2,1.0,1.2,1.1,0.0,3.0,-0.1,0.119,2829,2119
MALKIN AVE & RAYMUR AVE,49.27315,-123.082755,local,0,0,2,0.2,0.4,0.3,0.0,1.0,-0.1,0.278,2830,4254
MANITOBA ST & W 11TH AVE,49.261213,-123.106934,local,0,0,2,0.2,0.4,0.3,0.0,1.0,-0.1,0.278,2831,4255
MANITOBA ST & W 13TH AVE,49.259385,-123.106987,local,0,0,2,0.2,0.4,0.3,0.0,1.0,-0.1,0.278,2832,4256
MANITOBA ST & W 14TH AVE,49.2585,-123.107028,local,0,0,2,0.2,0.4,0.3,0.0,1.0,-0.1,0.278,2833,4257
MANITOBA ST & W 21ST AVE,49.251914,-123.107302,local,0,0,2,0.2,0.4,0.3,0.0,1.0,-0.1,0.278,2834,4258
MANITOBA ST & W 37TH AVE,49.237388,-123.107925,local,0,0,2,0.2,0.4,0.3,0.0,1.0,-0.1,0.278,2835,4259
MANITOBA ST & W 39TH AVE,49.235592,-123.108006,local,0,0,2,0.2,0.4,0.3,0.0,1.0,-0.1,0.278,2836,4260
MANITOBA ST & W 42ND AVE,49.232278,-123.108161,local,0,0,2,0.2,0.4,0.3,0.0,1.0,-0.1,0.278,2837,4261
MANITOBA ST & W 43RD AVE,49.231358,-123.108184,local,0,0,2,0.2,0.4,0.3,0.0,1.0,-0.1,0.278,2838,4262
MANITOBA ST & W 44TH AVE,49.230458,-123.108223,local,0,0,2,0.2,0.4,0.3,0.0,1.0,-0.1,0.278,2839,4263
MANITOBA ST & W 47TH AVE,49.227698,-123.108314,local,0,0,2,0.2,0.4,0.3,0.0,1.0,-0.1,0.278,2840,4264
MANITOBA ST & W 48TH AVE,49.226805,-123.108351,local,0,0,2,0.2,0.4,0.3,0.0,1.0,-0.1,0.278,2841,4265
MANITOBA ST & W 70TH AVE,49.208655,-123.110163,local,0,0,2,0.2,0.4,0.3,0.0,1.0,-0.1,0.278,2842,4266
MANOR ST & WELLINGTON AVE,49.243335,-123.038108,local,0,0,2,0.2,0.4,0.3,0.0,1.0,-0.1,0.278,2843,4267
MAPLE ST & OGDEN AVE,49.27722,-123.149974,local,0,0,2,0.2,0.4,0.3,0.0,1.0,-0.1,0.278,2844,4268
MAPLE ST & W 13TH AVE,49.260018,-123.150671,local,0,0,2,0.2,0.4,0.3,0.0,1.0,-0.1,0.278,2845,4270
MAQUINNA DR & STIKINE PL,49.215501,-123.031419,local,0,0,2,0.2,0.4,0.3,0.0,1.0,-0.1,0.278,2846,4271
MARGUERITE ST & W 43RD AVE,49.232542,-123.144786,local,0,0,2,0.2,0.4,0.3,0.0,1.0,-0.1,0.278,2847,4272
MARKET HILL & MOBERLY RD,49.266679,-123.119364,local,0,0,2,0.2,0.4,0.3,0.0,1.0,-0.1,0.278,2848,4273
MARPOLE AVE & MCRAE AVE & TURNING LANE,49.257134,-123.138327,secondary_arterial,0,0,2,2.2,2.5,2.4,0.0,6.0,-0.1,0.06,2849,1469
MARPOLE AVE & PINE CRES,49.255703,-123.142358,local,0,0,2,0.2,0.4,0.3,0.0,1.0,-0.1,0.278,2850,4274
MAXINE LANE & NICOLA ST,49.283419,-123.139059,local,0,0,2,0.2,0.4,0.3,0.0,1.0,-0.1,0.278,2851,4275
MCBAIN AVE & VALLEY DR,49.248843,-123.158629,local,0,0,2,0.2,0.4,0.3,0.0,1.0,-0.1,0.278,2852,4276
MCCLEERY ST & W 45TH AVE,49.230989,-123.168922,local,0,0,2,0.2,0.4,0.3,0.0,1.0,-0.1,0.278,2853,4277
MCCLEERY ST & W 47TH AVE,49.229317,-123.168929,local,0,0,2,0.2,0.4,0.3,0.0,1.0,-0.1,0.278,2854,4278
MCHARDY ST & QUEENS AVE,49.240401,-123.033811,local,0,0,2,0.2,0.4,0.3,0.0,1.0,-0.1,0.278,2855,4279
MCHARDY ST & WELLINGTON AVE,49.241217,-123.033001,local,0,0,2,0.2,0.4,0.3,0.0,1.0,-0.1,0.278,2856,4280
MCLEAN DR & WILLIAM ST,49.273997,-123.074471,local,0,0,2,0.2,0.4,0.3,0.0,1.0,-0.1,0.278,2857,4281
MCMULLEN AVE & VALLEY DR,49.247958,-123.157992,local,0,0,2,0.2,0.4,0.3,0.0,1.0,-0.1,0.278,2858,4282
MCRAE AVE & THE CRESCENT,49.256259,-123.13597,local,0,0,2,0.2,0.4,0.3,0.0,1.0,-0.1,0.278,2859,4283
MONS DR & NORMANDY DR,49.253428,-123.030194,local,0,0,2,0.2,0.4,0.3,0.0,1.0,-0.1,0.278,2860,4284
MONTCALM ST & W 67TH AVE,49.210813,-123.13568,local,0,0,2,0.2,0.4,0.3,0.0,1.0,-0.1,0.278,2861,4285
MONTGOMERY ST & W 46TH AVE,49.229421,-123.132002,local,0,0,2,0.2,0.4,0.3,0.0,1.0,-0.1,0.278,2862,4286
MONTGOMERY ST & W 47TH AVE,49.228518,-123.13203,local,0,0,2,0.2,0.4,0.3,0.0,1.0,-0.1,0.278,2863,4287
MONTGOMERY ST & W 50TH AVE,49.225735,-123.131948,local,0,0,2,0.2,0.4,0.3,0.0,1.0,-0.1,0.278,2864,4288
MONTGOMERY ST & W 52ND AVE,49.223961,-123.13201,local,0,0,2,0.2,0.4,0.3,0.0,1.0,-0.1,0.278,2865,4289
N KAMLOOPS ST & OXFORD ST,49.285689,-123.054577,local,0,0,2,0.2,0.4,0.3,0.0,1.0,-0.1,0.278,2866,4290
N KASLO ST & OXFORD ST,49.285671,-123.046701,local,0,0,2,0.2,0.4,0.3,0.0,1.0,-0.1,0.278,2867,4291
N KOOTENAY ST & OXFORD ST,49.285677,-123.025705,local,0,0,2,0.2,0.4,0.3,0.0,1.0,-0.1,0.278,2868,4292
N NANAIMO ST & WALL ST & YALE ST,49.290725,-123.056437,local,0,0,3,0.4,0.6,0.5,0.0,2.0,-0.1,0.22,2869,2982
N RENFREW ST & TRINITY ST,49.289701,-123.044046,local,0,0,2,0.2,0.4,0.3,0.0,1.0,-0.1,0.278,2870,4293
N SLOCAN ST & OXFORD ST,49.285677,-123.049319,local,0,0,2,0.2,0.4,0.3,0.0,1.0,-0.1,0.278,2871,4295
N SLOCAN ST & TRINITY ST,49.289703,-123.049301,local,0,0,2,0.2,0.4,0.3,0.0,1.0,-0.1,0.278,2872,4296
N SLOCAN ST & WALL ST,49.292139,-123.04928,local,0,0,2,0.2,0.4,0.3,0.0,1.0,-0.1,0.278,2873,4297
NANAIMO ST & NEWPORT AVE,49.215269,-123.059358,local,0,0,2,0.2,0.4,0.3,0.0,1.0,-0.1,0.278,2874,4298
NANTON AVE & OSLER ST,49.246354,-123.129925,local,0,0,2,0.2,0.4,0.3,0.0,1.0,-0.1,0.278,2875,4299
NANTON AVE & PINE CRES,49.247543,-123.147578,local,0,0,2,0.2,0.4,0.3,0.0,1.0,-0.1,0.278,2876,4300
NAPIER ST & RUPERT ST,49.274965,-123.033615,local,0,0,2,0.2,0.4,0.3,0.0,1.0,-0.1,0.278,2877,4301
NAPIER ST & SKEENA ST,49.274947,-123.0284,local,0,0,2,0.2,0.4,0.3,0.0,1.0,-0.1,0.278,2878,4302
NAPIER ST & TEMPLETON DR,49.274804,-123.059865,local,0,0,2,0.2,0.4,0.3,0.0,1.0,-0.1,0.278,2879,4303
NEAL ST & W 54TH AVE,49.221466,-123.122515,local,0,0,2,0.2,0.4,0.3,0.0,1.0,-0.1,0.278,2880,4304
NEON ST & ROLSTON ST,49.275339,-123.127924,local,0,0,2,0.2,0.4,0.3,0.0,1.0,-0.1,0.278,2881,4306
NICOLA ST & TED NORTHE LANE,49.286924,-123.133746,local,0,0,2,0.2,0.4,0.3,0.0,1.0,-0.1,0.278,2882,4307
NW MARINE DR & SASAMAT ST,49.274432,-123.20873,secondary_arterial,0,0,2,2.2,2.5,2.4,0.0,6.0,-0.1,0.06,2883,1470
OLYMPIC ST & W 39TH AVE,49.23644,-123.189576,local,0,0,2,0.2,0.4,0.3,0.0,1.0,-0.1,0.278,2884,4311
OSLER ST & W 26TH AVE,49.248189,-123.129853,local,0,0,2,0.2,0.4,0.3,0.0,1.0,-0.1,0.278,2885,4312
OSLER ST & W 33RD AVE,49.241526,-123.130111,collector,0,0,2,1.0,1.2,1.1,0.0,3.0,-0.1,0.119,2886,2130
OSLER ST & W 40TH AVE,49.234974,-123.130349,local,0,0,2,0.2,0.4,0.3,0.0,1.0,-0.1,0.278,2887,4313
OSLER ST & W 52ND AVE,49.223941,-123.130635,local,0,0,2,0.2,0.4,0.3,0.0,1.0,-0.1,0.278,2888,4314
OSLER ST & W 59TH AVE,49.217188,-123.131341,local,0,0,2,0.2,0.4,0.3,0.0,1.0,-0.1,0.278,2889,4315
PANDORA ST & WOODLAND DR,49.2831,-123.072594,local,0,0,2,0.2,0.4,0.3,0.0,1.0,-0.1,0.278,2890,4316
PARKER ST & PENTICTON ST,49.275804,-123.052015,local,0,0,2,0.2,0.4,0.3,0.0,1.0,-0.1,0.278,2891,4317
PARKER ST & RAYMUR AVE,49.27581,-123.082647,local,0,0,2,0.2,0.4,0.3,0.0,1.0,-0.1,0.278,2892,4318
PARKER ST & SALSBURY DR,49.275748,-123.067565,local,0,0,2,0.2,0.4,0.3,0.0,1.0,-0.1,0.278,2893,4319
PARKER ST & SEMLIN DR,49.275728,-123.063691,local,0,0,2,0.2,0.4,0.3,0.0,1.0,-0.1,0.278,2894,4320
PARKER ST & TEMPLETON DR,49.275649,-123.059851,local,0,0,2,0.2,0.4,0.3,0.0,1.0,-0.1,0.278,2895,4321
PAULSON ST & W 59TH AVE,49.216967,-123.11872,local,0,0,2,0.2,0.4,0.3,0.0,1.0,-0.1,0.278,2896,4322
PENNYFARTHING DR & W 1ST AVE,49.271086,-123.14107,local,0,0,2,0.2,0.4,0.3,0.0,1.0,-0.1,0.278,2897,4323
PENTICTON ST & VENABLES ST,49.276631,-123.052006,local,0,0,2,0.2,0.4,0.3,0.0,1.0,-0.1,0.278,2898,4324
PENTICTON ST & WILLIAM ST,49.27414,-123.052018,local,0,0,2,0.2,0.4,0.3,0.0,1.0,-0.1,0.278,2899,4325
PICTON ST & WELLINGTON AVE,49.243971,-123.03965,local,0,0,2,0.2,0.4,0.3,0.0,1.0,-0.1,0.278,2900,4326
PINE CRES & PINE ST,49.255607,-123.144024,local,0,0,2,0.2,0.4,0.3,0.0,1.0,-0.1,0.278,2901,4327
PINE CRES & W 29TH AVE,49.245554,-123.147011,local,0,0,2,0.2,0.4,0.3,0.0,1.0,-0.1,0.278,2902,4328
PINE CRES & W 33RD AVE,49.242011,-123.146792,collector,1,0,2,4.6,5.1,5.0,1.0,10.0,-0.1,0.03,2903,986
PINE ST & W 13TH AVE,49.259892,-123.143522,local,0,0,2,0.2,0.4,0.3,0.0,1.0,-0.1,0.278,2904,4329
PINE ST & W 14TH AVE,49.258987,-123.143564,local,0,0,2,0.2,0.4,0.3,0.0,1.0,-0.1,0.278,2905,4330
PORTSIDE CRT & PORTSIDE DR,49.206843,-123.061414,local,0,0,2,0.2,0.4,0.3,0.0,1.0,-0.1,0.278,2906,4331
PRICE ST & RUBY ST,49.240517,-123.025541,local,0,0,2,0.2,0.4,0.3,0.0,1.0,-0.1,0.278,2907,4332
PUGET DR & W 21ST AVE,49.253713,-123.174472,local,0,0,2,0.2,0.4,0.3,0.0,1.0,-0.1,0.278,2908,4335
PUGET DR & W 22ND AVE,49.252811,-123.17338,local,0,0,2,0.2,0.4,0.3,0.0,1.0,-0.1,0.278,2909,4336
PUGET DR & W 24TH AVE,49.251002,-123.171375,local,0,0,2,0.2,0.4,0.3,0.0,1.0,-0.1,0.278,2910,4337
PULLMAN PORTER ST & SWITCHMEN ST,49.271389,-123.103228,local,0,0,2,0.2,0.4,0.3,0.0,1.0,-0.1,0.278,2911,4338
QUADRA ST & W 18TH AVE,49.256479,-123.179996,local,0,0,2,0.2,0.4,0.3,0.0,1.0,-0.1,0.278,2912,4339
QUADRA ST & W 20TH AVE,49.254643,-123.179206,local,0,0,2,0.2,0.4,0.3,0.0,1.0,-0.1,0.278,2913,4340
QUALICUM DR & SCARBORO AVE,49.213602,-123.06471,local,0,0,2,0.2,0.4,0.3,0.0,1.0,-0.1,0.278,2914,4341
RAYMUR AVE & WILLIAM ST,49.274254,-123.082711,local,0,0,2,0.2,0.4,0.3,0.0,1.0,-0.1,0.278,2915,4343
REID ST & WELLINGTON AVE,49.242906,-123.037056,local,0,0,2,0.2,0.4,0.3,0.0,1.0,-0.1,0.278,2916,4344
RUPERT ST & TURNER ST,49.279062,-123.033592,local,0,0,2,0.2,0.4,0.3,0.0,1.0,-0.1,0.278,2917,4345
RUPERT ST & WILLIAM ST,49.27413,-123.033626,local,0,0,2,0.2,0.4,0.3,0.0,1.0,-0.1,0.278,2918,4346
SALISH DR & STAULO CRES & W 51ST AVE,49.226493,-123.197452,local,0,0,3,0.4,0.6,0.5,0.0,2.0,-0.1,0.22,2919,2986
SALISH DR & THELLAIWHALTUN AVE,49.227731,-123.197134,local,0,0,2,0.2,0.4,0.3,0.0,1.0,-0.1,0.278,2920,4347
SALT ST & W 1ST AVE,49.270288,-123.106098,local,0,0,2,0.2,0.4,0.3,0.0,1.0,-0.1,0.278,2921,4348
SASAMAT ST & W 14TH AVE,49.260203,-123.209245,local,0,0,2,0.2,0.4,0.3,0.0,1.0,-0.1,0.278,2922,4349
SASAMAT ST & W 15TH AVE,49.259288,-123.209275,local,0,0,2,0.2,0.4,0.3,0.0,1.0,-0.1,0.278,2923,4350
SASAMAT ST & W 1ST AVE,49.272132,-123.208812,local,0,0,2,0.2,0.4,0.3,0.0,1.0,-0.1,0.278,2924,4351
SASAMAT ST & W 7TH AVE,49.266453,-123.208989,local,0,0,2,0.2,0.4,0.3,0.0,1.0,-0.1,0.278,2925,4352
SELKIRK ST & W 26TH AVE,49.248223,-123.132039,local,0,0,2,0.2,0.4,0.3,0.0,1.0,-0.1,0.278,2926,4355
SELKIRK ST & W 27TH AVE,49.247302,-123.132087,local,0,0,2,0.2,0.4,0.3,0.0,1.0,-0.1,0.278,2927,4356
SELKIRK ST & W 32ND AVE,49.243179,-123.13311,local,0,0,2,0.2,0.4,0.3,0.0,1.0,-0.1,0.278,2928,4357
SELKIRK ST & W 38TH AVE,49.236876,-123.132454,local,0,0,2,0.2,0.4,0.3,0.0,1.0,-0.1,0.278,2929,4358
SELKIRK ST & W 43RD AVE,49.232259,-123.133405,local,0,0,2,0.2,0.4,0.3,0.0,1.0,-0.1,0.278,2930,4359
SELKIRK ST & W 45TH AVE,49.230401,-123.133462,local,0,0,2,0.2,0.4,0.3,0.0,1.0,-0.1,0.278,2931,4360
SELKIRK ST & W 51ST AVE,49.224866,-123.133372,local,0,0,2,0.2,0.4,0.3,0.0,1.0,-0.1,0.278,2932,4361
SELKIRK ST & W 59TH AVE,49.217211,-123.132719,local,0,0,2,0.2,0.4,0.3,0.0,1.0,-0.1,0.278,2933,4362
SEMLIN DR & TURNER ST,49.279133,-123.063697,local,0,0,2,0.2,0.4,0.3,0.0,1.0,-0.1,0.278,2934,4363
SEMLIN DR & VENABLES ST,49.27662,-123.063669,local,0,0,2,0.2,0.4,0.3,0.0,1.0,-0.1,0.278,2935,4364
SEMLIN DR & WILLIAM ST,49.273766,-123.06355,local,0,0,2,0.2,0.4,0.3,0.0,1.0,-0.1,0.278,2936,4365
SHAUGHNESSY ST & W 71ST AVE,49.206897,-123.128899,local,0,0,2,0.2,0.4,0.3,0.0,1.0,-0.1,0.278,2937,4366
SIMPSON AVE & TOLMIE ST,49.274332,-123.211752,local,0,0,2,0.2,0.4,0.3,0.0,1.0,-0.1,0.278,2938,4368
SOMERSET CRES & W 40TH AVE,49.235686,-123.141919,local,0,0,2,0.2,0.4,0.3,0.0,1.0,-0.1,0.278,2939,4369
SOPHIA ST & WEBBER AVE,49.248212,-123.099096,local,0,0,2,0.2,0.4,0.3,0.0,1.0,-0.1,0.278,2940,4370
SPRUCE ST & W 15TH AVE,49.257847,-123.12918,local,0,0,2,0.2,0.4,0.3,0.0,1.0,-0.1,0.278,2941,4371
SPRUCE ST & W 6TH AVE,49.26604,-123.128915,secondary_arterial,0,0,2,2.2,2.5,2.4,0.0,6.0,-0.1,0.06,2942,1471
STEPHENS ST & W 11TH AVE,49.262271,-123.166333,local,0,0,2,0.2,0.4,0.3,0.0,1.0,-0.1,0.278,2943,4374
STEPHENS ST & W 14TH AVE,49.259549,-123.166414,local,0,0,2,0.2,0.4,0.3,0.0,1.0,-0.1,0.278,2944,4375
STEPHENS ST & W 5TH AVE,49.267444,-123.166385,local,0,0,2,0.2,0.4,0.3,0.0,1.0,-0.1,0.278,2945,4376
STEPHENS ST & W 6TH AVE,49.266607,-123.166409,local,0,0,2,0.2,0.4,0.3,0.0,1.0,-0.1,0.278,2946,4377
TEMPLETON DR & VENABLES ST,49.276605,-123.059833,local,0,0,2,0.2,0.4,0.3,0.0,1.0,-0.1,0.278,2947,4379
TOLMIE ST & W 1ST AVE,49.272179,-123.211829,local,0,0,2,0.2,0.4,0.3,0.0,1.0,-0.1,0.278,2948,4380
TOLMIE ST & W 6TH AVE,49.267324,-123.212007,local,0,0,2,0.2,0.4,0.3,0.0,1.0,-0.1,0.278,2949,4381
TOLMIE ST & W 7TH AVE,49.26648,-123.212037,local,0,0,2,0.2,0.4,0.3,0.0,1.0,-0.1,0.278,2950,4382
TOLMIE ST & W 8TH AVE,49.26562,-123.212065,local,0,0,2,0.2,0.4,0.3,0.0,1.0,-0.1,0.278,2951,4383
TRAFALGAR ST & W 14TH AVE,49.259436,-123.164836,local,0,0,2,0.2,0.4,0.3,0.0,1.0,-0.1,0.278,2952,4384
TRAFALGAR ST & W 1ST AVE,49.271,-123.16446,local,0,0,2,0.2,0.4,0.3,0.0,1.0,-0.1,0.278,2953,4385
TRAFALGAR ST & W 21ST AVE,49.253679,-123.165196,local,0,0,2,0.2,0.4,0.3,0.0,1.0,-0.1,0.278,2954,4386
TRAFALGAR ST & W 24TH AVE,49.25097,-123.165252,local,0,0,2,0.2,0.4,0.3,0.0,1.0,-0.1,0.278,2955,4387
TRAFALGAR ST & W 36TH AVE,49.23944,-123.165729,local,0,0,2,0.2,0.4,0.3,0.0,1.0,-0.1,0.278,2956,4388
TRAFALGAR ST & W 7TH AVE,49.265763,-123.164617,local,0,0,2,0.2,0.4,0.3,0.0,1.0,-0.1,0.278,2957,4389
TRIMBLE ST & W 14TH AVE,49.260156,-123.20621,local,0,0,2,0.2,0.4,0.3,0.0,1.0,-0.1,0.278,2958,4390
TRIMBLE ST & W 2ND AVE,49.271312,-123.20579,local,0,0,2,0.2,0.4,0.3,0.0,1.0,-0.1,0.278,2959,4391
TRIMBLE ST & W 6TH AVE,49.267232,-123.205933,local,0,0,2,0.2,0.4,0.3,0.0,1.0,-0.1,0.278,2960,4392
TUPPER ST & W 20TH AVE,49.253283,-123.116051,local,0,0,2,0.2,0.4,0.3,0.0,1.0,-0.1,0.278,2961,4393
TUPPER ST & W 21ST AVE,49.2524,-123.116096,local,0,0,2,0.2,0.4,0.3,0.0,1.0,-0.1,0.278,2962,4394
TUPPER ST & W 22ND AVE,49.25149,-123.116148,local,0,0,2,0.2,0.4,0.3,0.0,1.0,-0.1,0.278,2963,4395
TURNER ST & WINDERMERE ST,49.279074,-123.036211,local,0,0,2,0.2,0.4,0.3,0.0,1.0,-0.1,0.278,2964,4396
UPLAND DR & VICTORIA DR,49.218049,-123.065932,secondary_arterial,0,0,2,2.2,2.5,2.4,0.0,6.0,-0.1,0.06,2965,1472
VALLEY DR & W 22ND AVE,49.252706,-123.161403,local,0,0,2,0.2,0.4,0.3,0.0,1.0,-0.1,0.278,2966,4397
VINE ST & W 18TH AVE,49.256277,-123.157954,local,0,0,2,0.2,0.4,0.3,0.0,1.0,-0.1,0.278,2967,4398
VINE ST & W 21ST AVE,49.253568,-123.158051,local,0,0,2,0.2,0.4,0.3,0.0,1.0,-0.1,0.278,2968,4399
VINE ST & W 34TH AVE,49.241275,-123.159686,local,0,0,2,0.2,0.4,0.3,0.0,1.0,-0.1,0.278,2969,4400
VINE ST & W 47TH AVE,49.229079,-123.160113,local,0,0,2,0.2,0.4,0.3,0.0,1.0,-0.1,0.278,2970,4401
W 11TH AVE & SXWMEOKWEYEMASEM ST,49.262397,-123.175969,local,0,0,2,0.2,0.4,0.3,0.0,1.0,-0.1,0.278,2971,4402
W 11TH AVE & WALLACE ST,49.262624,-123.190878,local,0,0,2,0.2,0.4,0.3,0.0,1.0,-0.1,0.278,2972,4403
W 13TH AVE & YUKON ST,49.259406,-123.113048,local,0,0,2,0.2,0.4,0.3,0.0,1.0,-0.1,0.278,2973,4404
W 14TH AVE & WALLACE ST,49.259923,-123.190996,local,0,0,2,0.2,0.4,0.3,0.0,1.0,-0.1,0.278,2974,4405
W 14TH AVE & WILLOW ST,49.258632,-123.12202,local,0,0,2,0.2,0.4,0.3,0.0,1.0,-0.1,0.278,2975,4406
W 16TH AVE & YEW ST,49.257334,-123.155543,secondary_arterial,0,0,2,2.2,2.5,2.4,0.0,6.0,-0.1,0.06,2976,1473
W 17TH AVE & WALLACE ST,49.257439,-123.190789,local,0,0,2,0.2,0.4,0.3,0.0,1.0,-0.1,0.278,2977,4407
W 17TH AVE & WILLOW ST,49.25615,-123.122062,local,0,0,2,0.2,0.4,0.3,0.0,1.0,-0.1,0.278,2978,4408
W 18TH AVE & YEW ST,49.256246,-123.155582,local,0,0,2,0.2,0.4,0.3,0.0,1.0,-0.1,0.278,2979,4409
W 19TH AVE & YUKON ST,49.253906,-123.112623,local,0,0,2,0.2,0.4,0.3,0.0,1.0,-0.1,0.278,2980,4410
W 1ST AVE & SXWMEOKWEYEMASEM ST,49.271133,-123.175676,local,0,0,2,0.2,0.4,0.3,0.0,1.0,-0.1,0.278,2981,4411
W 1ST AVE & WATERLOO ST,49.271219,-123.179603,local,0,0,2,0.2,0.4,0.3,0.0,1.0,-0.1,0.278,2982,4412
W 21ST AVE & YUKON ST,49.252013,-123.11271,local,0,0,2,0.2,0.4,0.3,0.0,1.0,-0.1,0.278,2983,4413
W 22ND AVE & YEW ST,49.252629,-123.155722,local,0,0,2,0.2,0.4,0.3,0.0,1.0,-0.1,0.278,2984,4414
W 22ND AVE & YUKON ST,49.251113,-123.112753,local,0,0,2,0.2,0.4,0.3,0.0,1.0,-0.1,0.278,2985,4415
W 23RD AVE & WALLACE ST,49.251965,-123.190836,local,0,0,2,0.2,0.4,0.3,0.0,1.0,-0.1,0.278,2986,4416
W 23RD AVE & YEW ST,49.251596,-123.15576,local,0,0,2,0.2,0.4,0.3,0.0,1.0,-0.1,0.278,2987,4417
W 26TH AVE & WALLACE ST,49.249035,-123.190874,local,0,0,2,0.2,0.4,0.3,0.0,1.0,-0.1,0.278,2988,4418
W 26TH AVE & WILLOW ST,49.248067,-123.122373,local,0,0,2,0.2,0.4,0.3,0.0,1.0,-0.1,0.278,2989,4419
W 2ND AVE & WALLACE ST,49.270094,-123.19059,local,0,0,2,0.2,0.4,0.3,0.0,1.0,-0.1,0.278,2990,4420
W 33RD AVE & WILLOW ST,49.241281,-123.123629,collector,1,0,2,4.6,5.1,5.0,1.0,10.0,-0.1,0.03,2991,987
W 34TH AVE & YEW ST,49.241239,-123.157532,local,0,0,2,0.2,0.4,0.3,0.0,1.0,-0.1,0.278,2992,4422
W 36TH AVE & WALLACE ST,49.239533,-123.190941,local,0,0,2,0.2,0.4,0.3,0.0,1.0,-0.1,0.278,2993,4423
W 37TH AVE & WALLACE ST,49.238594,-123.190945,local,0,0,2,0.2,0.4,0.3,0.0,1.0,-0.1,0.278,2994,4424
W 3RD AVE & SXWMEOKWEYEMASEM ST,49.269367,-123.17571,local,0,0,2,0.2,0.4,0.3,0.0,1.0,-0.1,0.278,2995,4425
W 3RD AVE & WATERLOO ST,49.269431,-123.179666,local,0,0,2,0.2,0.4,0.3,0.0,1.0,-0.1,0.278,2996,4426
W 43RD AVE & WILTSHIRE ST,49.232565,-123.146371,local,0,0,2,0.2,0.4,0.3,0.0,1.0,-0.1,0.278,2997,4427
W 45TH AVE & WILTSHIRE ST,49.230724,-123.146443,local,0,0,2,0.2,0.4,0.3,0.0,1.0,-0.1,0.278,2998,4428
W 45TH AVE & YEW ST,49.230912,-123.158649,local,0,0,2,0.2,0.4,0.3,0.0,1.0,-0.1,0.278,2999,4429
W 47TH AVE & WILTSHIRE ST,49.228866,-123.146516,local,0,0,2,0.2,0.4,0.3,0.0,1.0,-0.1,0.278,3000,4430
W 48TH AVE & YUKON ST,49.226937,-123.11463,local,0,0,2,0.2,0.4,0.3,0.0,1.0,-0.1,0.278,3001,4431
W 52ND AVE & WILTSHIRE ST,49.22416,-123.146691,local,0,0,2,0.2,0.4,0.3,0.0,1.0,-0.1,0.278,3002,4432
W 5TH AVE & SXWMEOKWEYEMASEM ST,49.267599,-123.175801,local,0,0,2,0.2,0.4,0.3,0.0,1.0,-0.1,0.278,3003,4436
W 5TH AVE & WATERLOO ST,49.267664,-123.179751,local,0,0,2,0.2,0.4,0.3,0.0,1.0,-0.1,0.278,3004,4437
W 63RD AVE & W 64TH AVE,49.213158,-123.113747,local,0,0,2,0.2,0.4,0.3,0.0,1.0,-0.1,0.278,3005,4438
W 6TH AVE & SXWMEOKWEYEMASEM ST,49.266754,-123.175834,local,0,0,2,0.2,0.4,0.3,0.0,1.0,-0.1,0.278,3006,4439
W 6TH AVE & WATERLOO ST,49.266823,-123.179787,local,0,0,2,0.2,0.4,0.3,0.0,1.0,-0.1,0.278,3007,4440
W CORDOVA ST & W WATERFRONT RD,49.288368,-123.118924,local,1,0,2,1.6,1.8,1.7,0.0,4.0,-0.1,0.082,3008,1721
W KENT AVE S & YUKON ST,49.20585,-123.115535,local,0,0,2,0.2,0.4,0.3,0.0,1.0,-0.1,0.278,3009,4441
WILLIAM ST & WOODLAND DR,49.273987,-123.073402,local,0,0,2,0.2,0.4,0.3,0.0,1.0,-0.1,0.278,3010,4442
BEATRICE ST & SE MARINE DR,49.210264,-123.06779,arterial,0,0,2,3.6,4.2,3.9,1.0,8.0,-0.2,0.037,3011,1136
E 19TH AVE & RUPERT ST & SEAFORTH DR,49.253145,-123.033804,secondary_arterial,0,0,3,3.0,3.4,3.3,0.0,7.0,-0.2,0.045,3012,1238
E 41ST AVE & ST MARGARETS ST,49.23282,-123.056593,arterial,0,0,2,3.6,4.2,3.9,1.0,8.0,-0.2,0.037,3013,1137
NANAIMO ST & VENABLES ST,49.27661,-123.056568,arterial,0,0,2,3.6,4.2,3.9,1.0,8.0,-0.2,0.037,3014,1139
OAK ST & W 52ND AVE,49.223909,-123.128441,arterial,0,0,2,3.6,4.2,3.9,1.0,8.0,-0.2,0.037,3015,1140
ARBUTUS GREENWAY & FIR ST & W 5TH AVE & BUS LANE,49.267063,-123.140521,local,1,0,3,2.0,2.5,2.2,0.0,5.0,-0.3,0.062,3016,1520
ARCHIMEDES ST & STAMFORD ST & TYNE ST,49.234331,-123.030596,local,0,0,3,0.2,0.6,0.3,0.0,1.0,-0.3,0.22,3017,3583
ARGYLE ST & E 63RD AVE,49.212866,-123.072041,collector,0,0,2,0.8,1.2,0.9,0.0,3.0,-0.3,0.119,3018,2214
ASH ST & ECOLE DES COLIBRIS SCHOOL ACCESS & W 66TH AVE,49.211136,-123.120239,local,0,0,3,0.2,0.6,0.3,0.0,1.0,-0.3,0.22,3019,3596
BELLEVUE DR & BELMONT AVE & BLANCA ST,49.273784,-123.214842,local,0,0,3,0.2,0.6,0.3,0.0,1.0,-0.3,0.22,3020,3637
BERKELEY ST & E 54TH AVE,49.220196,-123.057894,collector,0,0,2,0.8,1.2,0.9,0.0,3.0,-0.3,0.119,3021,2223
BEVERLY CRES & MARGUERITE ST & W 32ND AVE,49.243465,-123.14372,local,0,0,3,0.2,0.6,0.3,0.0,1.0,-0.3,0.22,3022,3640
BLENHEIM ST & QUESNEL DR,49.256383,-123.178539,collector,0,0,2,0.8,1.2,0.9,0.0,3.0,-0.3,0.119,3023,2228
BLENHEIM ST & W 21ST AVE,49.253732,-123.178558,collector,0,0,2,0.8,1.2,0.9,0.0,3.0,-0.3,0.119,3024,2229
BLENHEIM ST & W 23RD AVE,49.251924,-123.178581,collector,0,0,2,0.8,1.2,0.9,0.0,3.0,-0.3,0.119,3025,2230
BLENHEIM ST & W 27TH AVE,49.248033,-123.178608,collector,0,0,2,0.8,1.2,0.9,0.0,3.0,-0.3,0.119,3026,2231
BLENHEIM ST & W 30TH AVE,49.245192,-123.178609,collector,0,0,2,0.8,1.2,0.9,0.0,3.0,-0.3,0.119,3027,2232
BRANT ST & E 24TH AVE & VANNESS AVE,49.248915,-123.057992,local,0,0,3,0.2,0.6,0.3,0.0,1.0,-0.3,0.22,3028,3662
BRIGADOON AVE & DUFF ST & SIR JAMES DOUGLAS ELEMENTARY SCHOOL ACCESS,49.216599,-123.064689,local,0,0,3,0.2,0.6,0.3,0.0,1.0,-0.3,0.22,3029,3666
CARTIER ST & W 49TH AVE,49.22688,-123.137452,secondary_arterial,0,0,2,2.0,2.5,2.2,0.0,5.0,-0.3,0.06,3030,1523
CEDAR CRES & CYPRESS ST & W 19TH AVE,49.254369,-123.148365,local,0,0,3,0.2,0.6,0.3,0.0,1.0,-0.3,0.22,3031,3721
CEDAR CRES & MAPLE ST & W 20TH AVE,49.253362,-123.150858,local,0,0,3,0.2,0.6,0.3,0.0,1.0,-0.3,0.22,3032,3722
CHILCO ST & LAGOON DR & ROBSON ST,49.293406,-123.138362,local,0,0,3,0.2,0.6,0.3,0.0,1.0,-0.3,0.22,3033,3735
CLARENDON ST & E 39TH AVE,49.234872,-123.055511,collector,0,0,2,0.8,1.2,0.9,0.0,3.0,-0.3,0.119,3034,2242
CLARENDON ST & GALT ST & GOTHARD ST,49.241166,-123.05453,local,0,0,3,0.2,0.6,0.3,0.0,1.0,-0.3,0.22,3035,3742
COLUMBIA ST & W 16TH AVE,49.256753,-123.109699,secondary_arterial,0,0,2,2.0,2.5,2.2,0.0,5.0,-0.3,0.06,3036,1524
COMMERCIAL DR & E 13TH AVE,49.258687,-123.069859,secondary_arterial,0,0,2,2.0,2.5,2.2,0.0,5.0,-0.3,0.06,3037,1525
CONNAUGHT DR & ROXBURGH CRES & W 34TH AVE,49.240909,-123.142439,local,0,0,3,0.2,0.6,0.3,0.0,1.0,-0.3,0.22,3038,3776
COPLEY ST & E 18TH AVE & E 19TH AVE,49.253441,-123.056176,local,0,0,3,0.2,0.6,0.3,0.0,1.0,-0.3,0.22,3039,3780
COTTON DR & VENABLES ST,49.276683,-123.071416,secondary_arterial,0,0,2,2.0,2.5,2.2,0.0,5.0,-0.3,0.06,3040,1526
CROWN ST & W 33RD AVE,49.242424,-123.193672,collector,0,0,2,0.8,1.2,0.9,0.0,3.0,-0.3,0.119,3041,2250
DEVONSHIRE CRES & SELKIRK ST & W 29TH AVE,49.245297,-123.132206,local,0,0,3,0.2,0.6,0.3,0.0,1.0,-0.3,0.22,3042,3813
DUNDAS ST & N SKEENA ST & SKEENA ST,49.284763,-123.028315,local,0,0,3,0.2,0.6,0.3,0.0,1.0,-0.3,0.22,3043,3838
DUNDAS ST & N SLOCAN ST & SLOCAN ST,49.284774,-123.049322,collector,0,0,3,1.2,1.6,1.3,0.0,4.0,-0.3,0.09,3044,1919
E 11TH AVE & PENTICTON ST & VANCOUVER TECHNICAL SECONDARY SCHOOL ACCESS,49.260079,-123.052998,local,0,0,3,0.2,0.6,0.3,0.0,1.0,-0.3,0.22,3045,3844
E 12TH AVE & WATSON ST,49.260192,-123.100446,secondary_arterial,0,0,2,2.0,2.5,2.2,0.0,5.0,-0.3,0.06,3046,1530
E 12TH AVE & WINDSOR ST,49.259692,-123.08335,secondary_arterial,1,0,2,9.6,10.7,10.5,5.0,17.0,-0.3,0.015,3047,527
E 16TH AVE & ST GEORGE ST,49.256497,-123.093787,secondary_arterial,0,0,2,2.0,2.5,2.2,0.0,5.0,-0.3,0.06,3048,1531
E 18TH AVE & E 18TH ST & KNIGHT ST,49.254402,-123.075904,arterial,0,0,3,5.0,5.7,5.5,2.0,10.0,-0.3,0.028,3049,918
E 19TH AVE & ONTARIO ST & W 19TH AVE,49.253783,-123.104803,local,0,0,3,0.2,0.6,0.3,0.0,1.0,-0.3,0.22,3050,3873
E 19TH AVE & VICTORIA DR,49.254149,-123.066101,secondary_arterial,0,0,2,2.0,2.5,2.2,0.0,5.0,-0.3,0.06,3051,1532
E 22ND AVE & NOOTKA ST,49.250617,-123.041605,collector,1,0,2,4.4,5.1,4.8,1.0,9.0,-0.3,0.03,3052,1008
E 25TH AVE & GLADSTONE SECONDARY SCHOOL ACCESS & SIDNEY ST,49.248493,-123.062681,local,0,0,3,0.2,0.6,0.3,0.0,1.0,-0.3,0.22,3053,3897
E 25TH AVE & RUPERT ST,49.24787,-123.033876,secondary_arterial,0,0,2,2.0,2.5,2.2,0.0,5.0,-0.3,0.06,3054,1533
E 29TH AVE & GLADSTONE ST & WENONAH ST,49.244857,-123.060451,local,0,0,3,0.2,0.6,0.3,0.0,1.0,-0.3,0.22,3055,3918
E 2ND AVE & E 5TH AVE & PRINCE EDWARD ST,49.266221,-123.095652,local,0,0,3,0.2,0.6,0.3,0.0,1.0,-0.3,0.22,3056,3926
E 33RD AVE & SOPHIA ST,49.240459,-123.098823,secondary_arterial,0,0,2,2.0,2.5,2.2,0.0,5.0,-0.3,0.06,3057,1534
E 40TH AVE & ONTARIO ST & W 40TH AVE,49.234603,-123.105593,local,0,0,3,0.2,0.6,0.3,0.0,1.0,-0.3,0.22,3058,3967
E 44TH AVE & ONTARIO ST & W 44TH AVE,49.230366,-123.105702,local,0,0,3,0.2,0.6,0.3,0.0,1.0,-0.3,0.22,3059,3985
E 49TH AVE & RALEIGH ST,49.224754,-123.047213,secondary_arterial,0,0,2,2.0,2.5,2.2,0.0,5.0,-0.3,0.06,3060,1536
E 51ST AVE & SOPHIA ST & PRIVATE DRIVEWAY,49.223708,-123.099659,local,0,0,3,0.2,0.6,0.3,0.0,1.0,-0.3,0.22,3061,4026
E 54TH AVE & ELMHURST DR,49.220208,-123.048024,collector,0,0,2,0.8,1.2,0.9,0.0,3.0,-0.3,0.119,3062,2276
E 54TH AVE & LANCASTER ST,49.220181,-123.042845,collector,0,0,2,0.8,1.2,0.9,0.0,3.0,-0.3,0.119,3063,2277
E 54TH AVE & VIVIAN DR & VIVIAN ST,49.220183,-123.050586,collector,0,0,3,1.2,1.6,1.3,0.0,4.0,-0.3,0.09,3064,1923
E 57TH AVE & ROSS ST,49.218198,-123.08306,collector,1,0,2,4.4,5.1,4.8,1.0,9.0,-0.3,0.03,3065,1012
E 64TH AVE & HARRISON DR & LEASIDE ST,49.211915,-123.069173,local,0,0,3,0.2,0.6,0.3,0.0,1.0,-0.3,0.22,3066,4069
E 7TH AVE & VICTORIA DR,49.26415,-123.065867,secondary_arterial,0,0,2,2.0,2.5,2.2,0.0,5.0,-0.3,0.06,3067,1538
E 8TH AVE & GUELPH ST & MOUNT PLEASANT ELEMENTARY SCHOOL ACCESS,49.26347,-123.094904,local,0,0,3,0.2,0.6,0.3,0.0,1.0,-0.3,0.22,3068,4084
E 8TH AVE & RENFREW ST,49.262933,-123.044329,secondary_arterial,0,0,2,2.0,2.5,2.2,0.0,5.0,-0.3,0.06,3069,1539
E WOODSTOCK AVE & ONTARIO ST & W WOODSTOCK AVE,49.233687,-123.105568,local,0,0,3,0.2,0.6,0.3,0.0,1.0,-0.3,0.22,3070,4104
FIELDSTONE AVE & SE MARINE DR,49.20841,-123.034655,secondary_arterial,0,0,2,2.0,2.5,2.2,0.0,5.0,-0.3,0.06,3071,1541
FIR ST & W 13TH AVE,49.259853,-123.141183,secondary_arterial,0,0,2,2.0,2.5,2.2,0.0,5.0,-0.3,0.06,3072,1542
FORGE WALK & SCANTLINGS & SITKA SQ,49.26702,-123.128912,local,0,0,3,0.2,0.6,0.3,0.0,1.0,-0.3,0.22,3073,4126
FREMLIN ST & W 49TH AVE,49.226486,-123.126648,secondary_arterial,0,0,2,2.0,2.5,2.2,0.0,5.0,-0.3,0.06,3074,1543
GLADSTONE ST & STAINSBURY AVE & VANNESS AVE,49.250004,-123.06043,local,0,0,3,0.2,0.6,0.3,0.0,1.0,-0.3,0.22,3075,4143
HARRISON DR & VICTORIA DR,49.210625,-123.066092,secondary_arterial,0,0,2,2.0,2.5,2.2,0.0,5.0,-0.3,0.06,3076,1544
HIGHBURY ST & ORTONA CRES & W 6TH AVE,49.266961,-123.187671,local,0,0,3,0.2,0.6,0.3,0.0,1.0,-0.3,0.22,3077,4174
HIGHBURY ST & W 27TH AVE & UNNAMED LANE,49.248087,-123.188107,local,0,0,3,0.2,0.6,0.3,0.0,1.0,-0.3,0.22,3078,4180
HURST AVE & LA SALLE ST & QUATSINO DR,49.220147,-123.025778,local,0,0,3,0.2,0.6,0.3,0.0,1.0,-0.3,0.22,3079,4196
JOYCE ST & MONMOUTH AVE,49.240921,-123.029285,secondary_arterial,0,0,2,2.0,2.5,2.2,0.0,5.0,-0.3,0.06,3080,1546
KERR ST & KINGSWAY & TAUNTON ST,49.235641,-123.039546,arterial,0,0,3,5.0,5.7,5.5,2.0,10.0,-0.3,0.028,3081,922
LORD BYNG SECONDARY SCHOOL ACCESS & W 15TH AVE & WALLACE ST,49.258836,-123.191041,local,0,0,3,0.2,0.6,0.3,0.0,1.0,-0.3,0.22,3082,4240
MACDONALD ST & W 33RD AVE,49.24229,-123.167946,collector,0,0,2,0.8,1.2,0.9,0.0,3.0,-0.3,0.119,3083,2308
MACDONALD ST & W 45TH AVE,49.231001,-123.167425,collector,0,0,2,0.8,1.2,0.9,0.0,3.0,-0.3,0.119,3084,2309
MACDONALD ST & W 7TH AVE,49.265801,-123.168393,secondary_arterial,0,0,2,2.0,2.5,2.2,0.0,5.0,-0.3,0.06,3085,1548
MANITOBA ST & W KENT AVE N,49.206864,-123.110231,secondary_arterial,0,0,2,2.0,2.5,2.2,0.0,5.0,-0.3,0.06,3086,1549
MAPLE ST & QUILCHENA ELEMENTARY SCHOOL ACCESS & W 37TH AVE,49.238236,-123.151947,local,0,0,3,0.2,0.6,0.3,0.0,1.0,-0.3,0.22,3087,4269
NIGEL AVE & W 28TH AVE & YUKON ST,49.246044,-123.112319,local,0,0,3,0.2,0.6,0.3,0.0,1.0,-0.3,0.22,3088,4308
OAK ST & RICHELIEU AVE & W 17TH AVE,49.256156,-123.127255,arterial,0,0,3,5.0,5.7,5.5,2.0,10.0,-0.3,0.028,3089,923
PANDORA ST & VICTORIA DR,49.283041,-123.065551,secondary_arterial,0,0,2,2.0,2.5,2.2,0.0,5.0,-0.3,0.06,3090,1551
PORTER ST & VICTORIA DR,49.25464,-123.066136,secondary_arterial,0,0,2,2.0,2.5,2.2,0.0,5.0,-0.3,0.06,3091,1552
PUGET DR & VALDEZ RD & W 23RD AVE,49.251904,-123.172283,local,0,0,3,0.2,0.6,0.3,0.0,1.0,-0.3,0.22,3092,4334
PUGET DR & W 29TH AVE,49.246147,-123.166045,collector,0,0,2,0.8,1.2,0.9,0.0,3.0,-0.3,0.119,3093,2319
QUEEN MARY ELEMENTARY SCHOOL ACCESS & TRIMBLE ST & W 5TH AVE,49.268005,-123.205922,local,0,0,3,0.2,0.6,0.3,0.0,1.0,-0.3,0.22,3094,4342
SELKIRK ST & W 33RD AVE,49.24161,-123.13231,collector,0,0,2,0.8,1.2,0.9,0.0,3.0,-0.3,0.119,3095,2320
TRIUMPH ST & VICTORIA DR,49.283929,-123.065539,secondary_arterial,0,0,2,2.0,2.5,2.2,0.0,5.0,-0.3,0.06,3096,1553
W 10TH AVE & WATERLOO ST,49.26339,-123.179841,secondary_arterial,0,0,2,2.0,2.5,2.2,0.0,5.0,-0.3,0.06,3097,1554
W 32ND AVE & WILLOW ST & ACCESS ROAD,49.242341,-123.123589,local,0,0,3,0.2,0.6,0.3,0.0,1.0,-0.3,0.22,3098,4421
W 33RD AVE & WALLACE ST,49.242427,-123.190922,collector,0,0,2,0.8,1.2,0.9,0.0,3.0,-0.3,0.119,3099,2330
KITSILANO DIVERSION & STEPHENS ST & W 12TH AVE & TURNING LANE,49.261463,-123.166759,secondary_arterial,0,0,3,2.8,3.4,3.1,0.0,7.0,-0.4,0.045,3100,1276
AISNE ST & SW MARINE DR,49.207762,-123.122797,arterial,0,0,2,3.4,4.2,3.7,1.0,8.0,-0.5,0.037,3101,1164
ALBERNI ST & BIDWELL ST,49.291162,-123.132808,arterial,0,0,2,3.4,4.2,3.7,1.0,8.0,-0.5,0.037,3102,1165
ANCASTER CRES & ELLIOTT ST,49.212421,-123.055121,collector,0,0,2,0.6,1.2,0.7,0.0,3.0,-0.5,0.119,3103,2412
ANGUS DR & W 49TH AVE,49.227069,-123.147944,secondary_arterial,0,0,2,1.8,2.5,2.0,0.0,5.0,-0.5,0.06,3104,1571
ANGUS DR & W 66TH AVE,49.2115,-123.148557,collector,0,0,2,0.6,1.2,0.7,0.0,3.0,-0.5,0.119,3105,2413
ARBUTUS ST & W 51ST AVE,49.224989,-123.155212,secondary_arterial,0,0,2,1.8,2.5,2.0,0.0,5.0,-0.5,0.06,3106,1572
BERKELEY ST & E 41ST AVE,49.232831,-123.057865,arterial,0,0,2,3.4,4.2,3.7,1.0,8.0,-0.5,0.037,3107,1166
BLENHEIM ST & SW MARINE DR,49.23012,-123.178705,arterial,1,0,2,16.0,17.9,17.4,10.0,26.0,-0.5,0.009,3108,311
BLENHEIM ST & W 32ND AVE,49.243293,-123.178667,collector,0,0,2,0.6,1.2,0.7,0.0,3.0,-0.5,0.119,3109,2425
BLENHEIM ST & W 36TH AVE,49.239504,-123.178663,collector,0,0,2,0.6,1.2,0.7,0.0,3.0,-0.5,0.119,3110,2426
BLENHEIM ST & W 38TH AVE,49.237652,-123.178676,collector,0,0,2,0.6,1.2,0.7,0.0,3.0,-0.5,0.119,3111,2427
BLENHEIM ST & W 39TH AVE,49.236518,-123.178693,collector,0,0,2,0.6,1.2,0.7,0.0,3.0,-0.5,0.119,3112,2428
BRUCE ST & E 41ST AVE,49.232618,-123.070111,arterial,0,0,2,3.4,4.2,3.7,1.0,8.0,-0.5,0.037,3113,1167
COMMERCIAL DR & E PENDER ST,49.280284,-123.070428,secondary_arterial,0,0,2,1.8,2.5,2.0,0.0,5.0,-0.5,0.06,3114,1581
COOK ST & W 2ND AVE,49.269031,-123.109955,arterial,0,0,2,3.4,4.2,3.7,1.0,8.0,-0.5,0.037,3115,1168
CROWN ST & W 16TH AVE,49.258064,-123.19356,secondary_arterial,1,0,2,9.4,10.7,10.3,5.0,17.0,-0.5,0.015,3116,534
E 11TH AVE & VICTORIA DR,49.26044,-123.065934,secondary_arterial,0,0,2,1.8,2.5,2.0,0.0,5.0,-0.5,0.06,3117,1585
E 22ND AVE & KAMLOOPS ST,49.250657,-123.054584,collector,0,0,2,0.6,1.2,0.7,0.0,3.0,-0.5,0.119,3118,2479
E 23RD AVE & SLOCAN ST,49.249712,-123.049626,secondary_arterial,0,0,2,1.8,2.5,2.0,0.0,5.0,-0.5,0.06,3119,1587
E 29TH AVE & GOTHARD ST,49.244613,-123.05109,collector,0,0,2,0.6,1.2,0.7,0.0,3.0,-0.5,0.119,3120,2487
E 29TH AVE & REID ST,49.244512,-123.035527,collector,0,0,2,0.6,1.2,0.7,0.0,3.0,-0.5,0.119,3121,2489
E 29TH AVE & WINDERMERE ST,49.244518,-123.036658,collector,0,0,2,0.6,1.2,0.7,0.0,3.0,-0.5,0.119,3122,2491
E 33RD AVE & FLEMING ST,49.240174,-123.072216,secondary_arterial,0,0,2,1.8,2.5,2.0,0.0,5.0,-0.5,0.06,3123,1589
E 41ST AVE & STIRLING ST,49.232855,-123.060451,arterial,0,0,2,3.4,4.2,3.7,1.0,8.0,-0.5,0.037,3124,1169
E 49TH AVE & LANARK ST,49.225273,-123.075924,secondary_arterial,0,0,2,1.8,2.5,2.0,0.0,5.0,-0.5,0.06,3125,1593
E 51ST AVE & ELLIOTT ST,49.223211,-123.054786,collector,0,0,2,0.6,1.2,0.7,0.0,3.0,-0.5,0.119,3126,2508
E 51ST AVE & FRASER ST,49.223571,-123.090842,secondary_arterial,1,0,2,9.4,10.7,10.3,5.0,17.0,-0.5,0.015,3127,536
E 54TH AVE & WALES ST,49.220194,-123.05276,collector,0,0,2,0.6,1.2,0.7,0.0,3.0,-0.5,0.119,3128,2514
E 57TH AVE & ELLIOTT ST,49.217975,-123.054195,collector,0,0,2,0.6,1.2,0.7,0.0,3.0,-0.5,0.119,3129,2515
E 58TH AVE & KERR ST,49.217209,-123.041449,secondary_arterial,0,0,2,1.8,2.5,2.0,0.0,5.0,-0.5,0.06,3130,1594
E 6TH AVE & RENFREW ST,49.264763,-123.044314,secondary_arterial,0,0,2,1.8,2.5,2.0,0.0,5.0,-0.5,0.06,3131,1598
E 6TH AVE & RUPERT ST,49.264705,-123.033749,secondary_arterial,0,0,2,1.8,2.5,2.0,0.0,5.0,-0.5,0.06,3132,1599
E 8TH AVE & NANAIMO ST,49.263065,-123.056571,arterial,0,0,2,3.4,4.2,3.7,1.0,8.0,-0.5,0.037,3133,1170
E GEORGIA ST & VICTORIA DR,49.27838,-123.065612,collector,0,0,2,0.6,1.2,0.7,0.0,3.0,-0.5,0.119,3134,2522
E PENDER ST & NANAIMO ST,49.280234,-123.056548,arterial,0,0,2,3.4,4.2,3.7,1.0,8.0,-0.5,0.037,3135,1171
EDDINGTON DR & PUGET DR,49.245017,-123.163377,collector,0,0,2,0.6,1.2,0.7,0.0,3.0,-0.5,0.119,3136,2526
GEORGE ST & VENABLES ST,49.2768,-123.079983,secondary_arterial,0,0,2,1.8,2.5,2.0,0.0,5.0,-0.5,0.06,3137,1605
GLADSTONE ST & SE MARINE DR,49.208294,-123.061935,arterial,0,0,2,3.4,4.2,3.7,1.0,8.0,-0.5,0.037,3138,1172
HEATHER ST & W 33RD AVE,49.241168,-123.120634,collector,1,0,2,4.2,5.1,4.6,1.0,9.0,-0.5,0.03,3139,1043
HUDSON ST & W 33RD AVE,49.241697,-123.134598,collector,0,0,2,0.6,1.2,0.7,0.0,3.0,-0.5,0.119,3140,2548
JOYCE ST & PRICE ST,49.241743,-123.028504,secondary_arterial,0,0,2,1.8,2.5,2.0,0.0,5.0,-0.5,0.06,3141,1609
KINGSWAY & WESSEX ST,49.233191,-123.03407,arterial,1,0,2,16.0,17.9,17.4,10.0,26.0,-0.5,0.009,3142,312
LARCH ST & W 34TH AVE,49.241301,-123.162478,collector,0,0,2,0.6,1.2,0.7,0.0,3.0,-0.5,0.119,3143,2558
LARCH ST & W 35TH AVE,49.240362,-123.16254,collector,0,0,2,0.6,1.2,0.7,0.0,3.0,-0.5,0.119,3144,2559
MACKENZIE ST & W 39TH AVE,49.236597,-123.170259,collector,0,0,2,0.6,1.2,0.7,0.0,3.0,-0.5,0.119,3145,2565
MARGUERITE ST & W 57TH AVE,49.219417,-123.145305,collector,0,0,2,0.6,1.2,0.7,0.0,3.0,-0.5,0.119,3146,2572
NEAL ST & W 57TH AVE,49.219121,-123.122252,collector,0,0,2,0.6,1.2,0.7,0.0,3.0,-0.5,0.119,3147,2577
OAK ST & W 47TH AVE,49.228404,-123.128257,arterial,0,0,2,3.4,4.2,3.7,1.0,8.0,-0.5,0.037,3148,1173
PANTAGES LANE & THURLOW ST,49.280018,-123.131731,arterial,0,0,2,3.4,4.2,3.7,1.0,8.0,-0.5,0.037,3149,1174
VINE ST & W 49TH AVE,49.227221,-123.160143,secondary_arterial,0,0,2,1.8,2.5,2.0,0.0,5.0,-0.5,0.06,3150,1619
W 15TH AVE & WOLFE AVE,49.257788,-123.133611,secondary_arterial,0,0,2,1.8,2.5,2.0,0.0,5.0,-0.5,0.06,3151,1620
CAMBRIDGE ST & N KOOTENAY ST,49.286695,-123.025702,local,0,1,2,1.0,1.8,1.1,0.0,3.0,-0.6,0.084,3152,2065
DURANLEAU ST & JOHNSTON ST,49.272653,-123.135932,none,0,0,2,0.6,1.3,0.7,0.0,3.0,-0.6,0.11,3153,2465
E 22ND AVE & LORD SELKIRK ELEMENTARY SCHOOL ACCESS & MAXWELL ST & WELWYN ST,49.25034,-123.069877,local,0,0,4,1.2,2.0,1.4,0.0,4.0,-0.6,0.075,3154,1856
ARBUTUS ST & W 13TH AVE,49.260049,-123.153096,arterial,0,0,2,3.2,4.2,3.5,1.0,7.0,-0.7,0.037,3155,1196
BALSAM ST & W BROADWAY,49.26394,-123.160012,arterial,0,0,2,3.2,4.2,3.5,1.0,7.0,-0.7,0.037,3156,1197
BLENHEIM ST & CELTIC AVE,49.218616,-123.178961,collector,0,0,2,0.4,1.2,0.5,0.0,2.0,-0.7,0.119,3157,2933
BLENHEIM ST & MAYFAIR AVE,49.236851,-123.178687,collector,0,0,2,0.4,1.2,0.5,0.0,2.0,-0.7,0.119,3158,2934
BLENHEIM ST & W 22ND AVE,49.252833,-123.17857,collector,0,0,2,0.4,1.2,0.5,0.0,2.0,-0.7,0.119,3159,2935
BLENHEIM ST & W 31ST AVE,49.244255,-123.178629,collector,0,0,2,0.4,1.2,0.5,0.0,2.0,-0.7,0.119,3160,2936
BLENHEIM ST & W 35TH AVE,49.240455,-123.178656,collector,0,0,2,0.4,1.2,0.5,0.0,2.0,-0.7,0.119,3161,2937
BLENHEIM ST & W 40TH AVE,49.235682,-123.178706,collector,0,0,2,0.4,1.2,0.5,0.0,2.0,-0.7,0.119,3162,2938
BLENHEIM ST & W 48TH AVE,49.228566,-123.178708,collector,0,0,2,0.4,1.2,0.5,0.0,2.0,-0.7,0.119,3163,2939
BURRARD ST & W 13TH AVE,49.25994,-123.145903,secondary_arterial,0,0,2,1.6,2.5,1.8,0.0,5.0,-0.7,0.06,3164,1648
CARNARVON ST & W 16TH AVE,49.257737,-123.172271,secondary_arterial,0,0,2,1.6,2.5,1.8,0.0,5.0,-0.7,0.06,3165,1649
CARRALL ST & WATER ST,49.283473,-123.104222,arterial,0,0,2,3.2,4.2,3.5,1.0,7.0,-0.7,0.037,3166,1198
CARTIER ST & PARK DR,49.216576,-123.137557,secondary_arterial,0,0,2,1.6,2.5,1.8,0.0,5.0,-0.7,0.06,3167,1650
CHAMPLAIN CRES & MAQUINNA DR & NAIRN AVE,49.215644,-123.030279,collector,0,0,3,0.8,1.6,0.9,0.0,3.0,-0.7,0.09,3168,2240
CHERRY ST & JOYCE ST,49.235433,-123.03459,secondary_arterial,0,0,2,1.6,2.5,1.8,0.0,5.0,-0.7,0.06,3169,1652
CHESTER ST & E 49TH AVE,49.225434,-123.089402,secondary_arterial,0,0,2,1.6,2.5,1.8,0.0,5.0,-0.7,0.06,3170,1653
CLARENDON ST & E 42ND AVE,49.231787,-123.05522,collector,0,0,2,0.4,1.2,0.5,0.0,2.0,-0.7,0.119,3171,2943
CLARENDON ST & E 43RD AVE,49.230867,-123.055203,collector,0,0,2,0.4,1.2,0.5,0.0,2.0,-0.7,0.119,3172,2944
CLARK DR & E 3RD AVE,49.267849,-123.07738,arterial,1,0,2,15.8,17.9,17.2,10.0,26.0,-0.7,0.009,3173,315
COMMERCIAL DR & E 16TH AVE,49.256364,-123.069821,secondary_arterial,0,0,2,1.6,2.5,1.8,0.0,5.0,-0.7,0.06,3174,1655
COMMERCIAL DR & MCSPADDEN AVE,49.266436,-123.06971,secondary_arterial,0,0,2,1.6,2.5,1.8,0.0,5.0,-0.7,0.06,3175,1656
DAWSON ST & E 54TH AVE,49.220213,-123.049025,collector,0,0,2,0.4,1.2,0.5,0.0,2.0,-0.7,0.119,3176,2946
DUNSMUIR ST & HAILSTONE ST & MELVILLE ST,49.286081,-123.121279,arterial,0,0,3,4.6,5.7,5.0,1.0,10.0,-0.7,0.028,3177,983
E 15TH AVE & FRASER ST & TURNING LANE,49.257257,-123.089271,secondary_arterial,0,0,2,1.6,2.5,1.8,0.0,5.0,-0.7,0.06,3178,1661
E 21ST AVE & RENFREW ST,49.2515,-123.044371,secondary_arterial,0,0,2,1.6,2.5,1.8,0.0,5.0,-0.7,0.06,3179,1662
E 21ST AVE & RUPERT ST,49.251481,-123.033862,secondary_arterial,0,0,2,1.6,2.5,1.8,0.0,5.0,-0.7,0.06,3180,1663
E 29TH AVE & MCHARDY ST,49.244494,-123.029942,collector,0,0,2,0.4,1.2,0.5,0.0,2.0,-0.7,0.119,3181,2956
E 41ST AVE & SOPHIA ST,49.233007,-123.098603,arterial,0,0,2,3.2,4.2,3.5,1.0,7.0,-0.7,0.037,3182,1200
E 44TH AVE & MAIN ST,49.230296,-123.101476,arterial,0,0,2,3.2,4.2,3.5,1.0,7.0,-0.7,0.037,3183,1201
E 49TH AVE & ELGIN ST,49.225386,-123.083865,secondary_arterial,0,0,2,1.6,2.5,1.8,0.0,5.0,-0.7,0.06,3184,1667
E 49TH AVE & ST CATHERINES ST,49.225407,-123.086624,secondary_arterial,0,0,2,1.6,2.5,1.8,0.0,5.0,-0.7,0.06,3185,1668
E 52ND AVE & TYNE ST,49.222342,-123.032336,collector,0,0,2,0.4,1.2,0.5,0.0,2.0,-0.7,0.119,3186,2960
E 55TH AVE & KERR ST,49.219197,-123.041356,secondary_arterial,0,0,2,1.6,2.5,1.8,0.0,5.0,-0.7,0.06,3187,1669
E 56TH AVE & ELLIOTT ST,49.218961,-123.054887,collector,0,0,2,0.4,1.2,0.5,0.0,2.0,-0.7,0.119,3188,2961
E 60TH AVE & FRASER ST,49.215642,-123.091023,secondary_arterial,0,0,2,1.6,2.5,1.8,0.0,5.0,-0.7,0.06,3189,1670
E 65TH AVE & FRASER ST,49.211818,-123.091122,secondary_arterial,0,0,2,1.6,2.5,1.8,0.0,5.0,-0.7,0.06,3190,1671
ELIZABETH ST & W 41ST AVE,49.233382,-123.112074,arterial,0,0,2,3.2,4.2,3.5,1.0,7.0,-0.7,0.037,3191,1203
ELLIOTT ST & LYNBROOK DR,49.217149,-123.053664,collector,0,0,2,0.4,1.2,0.5,0.0,2.0,-0.7,0.119,3192,2964
GRANVILLE ST & W 13TH AVE,49.259815,-123.138729,arterial,1,0,2,15.8,17.9,17.2,10.0,26.0,-0.7,0.009,3193,316
GRANVILLE ST & W 36TH AVE,49.238985,-123.139392,arterial,0,0,2,3.2,4.2,3.5,1.0,7.0,-0.7,0.037,3194,1204
HIGHBURY ST & W 33RD AVE,49.242392,-123.18815,collector,0,0,2,0.4,1.2,0.5,0.0,2.0,-0.7,0.119,3195,2968
KINGSWAY & SPENCER ST,49.235789,-123.040751,arterial,0,0,2,3.2,4.2,3.5,1.0,7.0,-0.7,0.037,3196,1205
MACDONALD ST & W 43RD AVE,49.232824,-123.16741,collector,0,0,2,0.4,1.2,0.5,0.0,2.0,-0.7,0.119,3197,2973
MACDONALD ST & W 50TH AVE,49.22666,-123.167852,collector,0,0,2,0.4,1.2,0.5,0.0,2.0,-0.7,0.119,3198,2974
MACDONALD ST & W 53RD AVE,49.223351,-123.168374,collector,0,0,2,0.4,1.2,0.5,0.0,2.0,-0.7,0.119,3199,2975
MACKENZIE ST & QUESNEL DR,49.247939,-123.170202,collector,0,0,2,0.4,1.2,0.5,0.0,2.0,-0.7,0.119,3200,2976
MACKENZIE ST & W 32ND AVE,49.243246,-123.170208,collector,0,0,2,0.4,1.2,0.5,0.0,2.0,-0.7,0.119,3201,2977
MACKENZIE ST & W 34TH AVE,49.241352,-123.170244,collector,0,0,2,0.4,1.2,0.5,0.0,2.0,-0.7,0.119,3202,2978
MACKENZIE ST & W 35TH AVE,49.240432,-123.170248,collector,0,0,2,0.4,1.2,0.5,0.0,2.0,-0.7,0.119,3203,2979
MACKENZIE ST & W 38TH AVE,49.237568,-123.170255,collector,0,0,2,0.4,1.2,0.5,0.0,2.0,-0.7,0.119,3204,2980
MACLURE MEWS & W 33RD AVE,49.242084,-123.15158,collector,0,0,2,0.4,1.2,0.5,0.0,2.0,-0.7,0.119,3205,2981
NARVAEZ DR & W 33RD AVE,49.24221,-123.160138,collector,0,0,2,0.4,1.2,0.5,0.0,2.0,-0.7,0.119,3206,2984
OAK ST & W 55TH AVE,49.220507,-123.128528,arterial,0,0,2,3.2,4.2,3.5,1.0,7.0,-0.7,0.037,3207,1206
PANDORA ST & RENFREW ST,49.282966,-123.043991,secondary_arterial,0,0,2,1.6,2.5,1.8,0.0,5.0,-0.7,0.06,3208,1684
QUESNEL DR & W 27TH AVE,49.248091,-123.170476,collector,0,0,2,0.4,1.2,0.5,0.0,2.0,-0.7,0.119,3209,2985
RENFREW ST & VENABLES ST,49.276512,-123.044115,secondary_arterial,1,0,2,9.2,10.7,10.0,5.0,16.0,-0.7,0.015,3210,546
SELKIRK ST & W 41ST AVE,49.234124,-123.133356,arterial,0,0,2,3.2,4.2,3.5,1.0,7.0,-0.7,0.037,3211,1207
SW MARINE DR & SHAUGHNESSY ST,49.205158,-123.128965,arterial,0,0,2,3.2,4.2,3.5,1.0,7.0,-0.7,0.037,3212,1208
AVISON TRAIL & STANLEY PARK DR,49.31015,-123.142332,none,0,0,2,0.4,1.3,0.5,0.0,2.0,-0.8,0.11,3213,2930
AVISON WAY & MALLARD TRAIL,49.300031,-123.130288,none,0,0,2,0.4,1.3,0.5,0.0,2.0,-0.8,0.11,3214,2931
JERICHO DR & MALI AVE,49.225551,-123.199332,none,0,0,2,0.4,1.3,0.5,0.0,2.0,-0.8,0.11,3215,2969
LOST LAGOON RD & STANLEY PARK CAUSEWAY,49.295988,-123.136414,none,0,0,2,0.4,1.3,0.5,0.0,2.0,-0.8,0.11,3216,2971
PIPELINE RD & ROSE GARDEN LANE & PARK ACCESS,49.299573,-123.135867,none,0,0,3,0.8,1.8,0.9,0.0,3.0,-0.8,0.083,3217,2317
STANLEY PARK DR & THIRD BEACH TRAIL,49.307367,-123.153618,none,0,0,2,0.4,1.3,0.5,0.0,2.0,-0.8,0.11,3218,2987
ANGUS DR & LABURNUM ST,49.211956,-123.148536,collector,0,0,2,0.2,1.2,0.3,0.0,2.0,-0.9,0.119,3219,3563
ANGUS DR & W 62ND AVE,49.215078,-123.148417,collector,0,0,2,0.2,1.2,0.3,0.0,2.0,-0.9,0.119,3220,3572
ANGUS DR & W 64TH AVE,49.213274,-123.148478,collector,0,0,2,0.2,1.2,0.3,0.0,2.0,-0.9,0.119,3221,3573
ANGUS DR & W 68TH AVE,49.210665,-123.148594,collector,0,0,2,0.2,1.2,0.3,0.0,2.0,-0.9,0.119,3222,3574
ARBUTUS ST & W 15TH AVE,49.258215,-123.153076,arterial,0,0,2,3.0,4.2,3.3,0.0,7.0,-0.9,0.037,3223,1229
ARCHIMEDES ST & JOYCE ST,49.235789,-123.034256,secondary_arterial,0,0,2,1.4,2.5,1.6,0.0,4.0,-0.9,0.06,3224,1728
ASH CRES & W 57TH AVE,49.219097,-123.120405,collector,0,0,2,0.2,1.2,0.3,0.0,2.0,-0.9,0.119,3225,3595
ASPEN AVE & W 33RD AVE,49.242068,-123.150476,collector,0,0,2,0.2,1.2,0.3,0.0,2.0,-0.9,0.119,3226,3608
BIRCH ST & W 15TH AVE,49.257854,-123.133919,secondary_arterial,0,0,2,1.4,2.5,1.6,0.0,4.0,-0.9,0.06,3227,1730
BLANCA ST & W 5TH AVE,49.268196,-123.215036,collector,0,0,2,0.2,1.2,0.3,0.0,2.0,-0.9,0.119,3228,3649
BLENHEIM ST & W 16TH AVE & TURNING LANE,49.257817,-123.178092,arterial,1,0,2,15.6,17.9,17.0,10.0,25.0,-0.9,0.009,3229,319
BLENHEIM ST & W 26TH AVE,49.248988,-123.178577,collector,0,0,2,0.2,1.2,0.3,0.0,2.0,-0.9,0.119,3230,3651
BLENHEIM ST & W 34TH AVE,49.241392,-123.178645,collector,0,0,2,0.2,1.2,0.3,0.0,2.0,-0.9,0.119,3231,3652
BLENHEIM ST & W 49TH AVE,49.227469,-123.178743,collector,0,0,2,0.2,1.2,0.3,0.0,2.0,-0.9,0.119,3232,3654
BLENHEIM ST & W 53RD AVE,49.223433,-123.178899,collector,0,0,2,0.2,1.2,0.3,0.0,2.0,-0.9,0.119,3233,3655
BOBOLINK AVE & ELLIOTT ST,49.214327,-123.054735,collector,0,0,2,0.2,1.2,0.3,0.0,2.0,-0.9,0.119,3234,3658
CAMBIE ST & W 59TH AVE,49.216944,-123.116868,arterial,1,0,2,15.6,17.9,17.0,10.0,25.0,-0.9,0.009,3235,320
CARIBOO ST & E 29TH AVE,49.244472,-123.027371,collector,0,0,2,0.2,1.2,0.3,0.0,2.0,-0.9,0.119,3236,3693
CASSIAR ST & E 1ST AVE,49.269366,-123.03099,arterial,0,0,2,3.0,4.2,3.3,0.0,7.0,-0.9,0.037,3237,1231
CHAMPLAIN CRES & LANGFORD AVE,49.215019,-123.029988,collector,0,0,2,0.2,1.2,0.3,0.0,2.0,-0.9,0.119,3238,3726
CLARENDON ST & E 29TH AVE,49.244619,-123.052613,collector,0,0,2,0.2,1.2,0.3,0.0,2.0,-0.9,0.119,3239,3741
CLARENDON ST & KINGSWAY,49.240239,-123.054535,arterial,0,0,2,3.0,4.2,3.3,0.0,7.0,-0.9,0.037,3240,1232
COMMERCIAL DR & PANDORA ST,49.283083,-123.070348,secondary_arterial,0,0,2,1.4,2.5,1.6,0.0,4.0,-0.9,0.06,3241,1737
CROMPTON ST & E KENT AVE N,49.209061,-123.080791,secondary_arterial,0,0,2,1.4,2.5,1.6,0.0,4.0,-0.9,0.06,3242,1738
CYPRESS ST & W 41ST AVE,49.234485,-123.149229,arterial,0,0,2,3.0,4.2,3.3,0.0,7.0,-0.9,0.037,3243,1235
DINMONT AVE & MIDLOTHIAN AVE,49.244821,-123.111359,secondary_arterial,0,0,2,1.4,2.5,1.6,0.0,4.0,-0.9,0.06,3244,1740
E 18TH AVE & NANAIMO ST,49.253488,-123.056592,arterial,0,0,2,3.0,4.2,3.3,0.0,7.0,-0.9,0.037,3245,1237
E 20TH AVE & E 20TH ST & KNIGHT ST,49.252599,-123.075963,arterial,0,0,3,4.4,5.7,4.8,1.0,9.0,-0.9,0.028,3246,1007
E 29TH AVE & KAMLOOPS ST,49.244622,-123.054243,collector,0,0,2,0.2,1.2,0.3,0.0,2.0,-0.9,0.119,3247,3920
E 29TH AVE & SLOCAN ST,49.24462,-123.049647,secondary_arterial,1,0,2,9.0,10.7,9.8,4.0,16.0,-0.9,0.015,3248,556
E 29TH AVE & TANNER ST,49.244493,-123.031491,collector,0,0,2,0.2,1.2,0.3,0.0,2.0,-0.9,0.119,3249,3923
E 29TH AVE & WELLINGTON AVE,49.244541,-123.040588,collector,0,0,2,0.2,1.2,0.3,0.0,2.0,-0.9,0.119,3250,3924
E 33RD AVE & WALDEN ST,49.240484,-123.100112,secondary_arterial,0,0,2,1.4,2.5,1.6,0.0,4.0,-0.9,0.06,3251,1747
E 36TH AVE & KNIGHT ST,49.237682,-123.076879,arterial,0,0,2,3.0,4.2,3.3,0.0,7.0,-0.9,0.037,3252,1239
E 47TH AVE & ELLIOTT ST,49.227565,-123.054643,collector,0,0,2,0.2,1.2,0.3,0.0,2.0,-0.9,0.119,3253,4001
E 49TH AVE & ROSS ST,49.225375,-123.082822,secondary_arterial,0,0,2,1.4,2.5,1.6,0.0,4.0,-0.9,0.06,3254,1749
E 49TH AVE & ST GEORGE ST,49.225524,-123.09408,secondary_arterial,0,0,2,1.4,2.5,1.6,0.0,4.0,-0.9,0.06,3255,1750
E 51ST AVE & TYNE ST,49.22284,-123.032322,collector,0,0,2,0.2,1.2,0.3,0.0,2.0,-0.9,0.119,3256,4028
E 53RD AVE & MAIN ST,49.221946,-123.10175,arterial,0,0,2,3.0,4.2,3.3,0.0,7.0,-0.9,0.037,3257,1240
E 54TH AVE & MAIN ST,49.221053,-123.101785,arterial,0,0,2,3.0,4.2,3.3,0.0,7.0,-0.9,0.037,3258,1241
E 54TH AVE & MONT ROYAL SQ,49.220148,-123.038037,secondary_arterial,0,0,2,1.4,2.5,1.6,0.0,4.0,-0.9,0.06,3259,1752
E 54TH AVE & RALEIGH ST,49.220206,-123.047516,collector,0,0,2,0.2,1.2,0.3,0.0,2.0,-0.9,0.119,3260,4041
E BROADWAY & GUELPH ST,49.262518,-123.094952,arterial,0,0,2,3.0,4.2,3.3,0.0,7.0,-0.9,0.037,3261,1242
E KENT AVE N & ST GEORGE ST,49.207942,-123.094045,secondary_arterial,0,0,2,1.4,2.5,1.6,0.0,4.0,-0.9,0.06,3262,1757
E KENT AVE S & MAIN ST,49.206969,-123.102426,secondary_arterial,0,0,2,1.4,2.5,1.6,0.0,4.0,-0.9,0.06,3263,1758
ELLIOTT ST & HOYLAKE AVE,49.216187,-123.05368,collector,0,0,2,0.2,1.2,0.3,0.0,2.0,-0.9,0.119,3264,4112
ELLIOTT ST & ROSEDALE DR,49.207973,-123.056688,collector,0,0,2,0.2,1.2,0.3,0.0,2.0,-0.9,0.119,3265,4113
HANDEL AVE & MATHESON CRES,49.210395,-123.027367,collector,0,0,2,0.2,1.2,0.3,0.0,2.0,-0.9,0.119,3266,4157
HEMLOCK ST & W 10TH AVE,49.262591,-123.136141,secondary_arterial,1,0,2,9.0,10.7,9.8,4.0,16.0,-0.9,0.015,3267,557
HULL ST & VICTORIA DR,49.251867,-123.065218,secondary_arterial,0,0,2,1.4,2.5,1.6,0.0,4.0,-0.9,0.06,3268,1762
JELLICOE ST & SE MARINE DR,49.207688,-123.047702,arterial,1,0,2,15.6,17.9,17.0,10.0,25.0,-0.9,0.009,3269,321
JOYCE ST & TANNER ST,49.242588,-123.027709,secondary_arterial,0,0,2,1.4,2.5,1.6,0.0,4.0,-0.9,0.06,3270,1763
KITCHENER ST & NANAIMO ST,49.272172,-123.056588,arterial,0,0,2,3.0,4.2,3.3,0.0,7.0,-0.9,0.037,3271,1243
LAUREL ST & W 33RD AVE,49.241325,-123.12502,collector,0,0,2,0.2,1.2,0.3,0.0,2.0,-0.9,0.119,3272,4236
LYNMOOR PL & MATHESON CRES,49.209655,-123.028073,collector,0,0,2,0.2,1.2,0.3,0.0,2.0,-0.9,0.119,3273,4241
MACDONALD ST & W 44TH AVE,49.231904,-123.167418,collector,0,0,2,0.2,1.2,0.3,0.0,2.0,-0.9,0.119,3274,4246
MACDONALD ST & W 47TH AVE,49.229302,-123.167446,collector,0,0,2,0.2,1.2,0.3,0.0,2.0,-0.9,0.119,3275,4247
MACKENZIE ST & W 36TH AVE,49.239461,-123.170243,collector,0,0,2,0.2,1.2,0.3,0.0,2.0,-0.9,0.119,3276,4252
MAIN ST & MILROSS AVE,49.276037,-123.099957,arterial,0,0,2,3.0,4.2,3.3,0.0,7.0,-0.9,0.037,3277,1246
NANAIMO ST & TRIUMPH ST,49.283903,-123.056531,arterial,0,0,2,3.0,4.2,3.3,0.0,7.0,-0.9,0.037,3278,1247
ODLUM DR & VENABLES ST,49.276743,-123.075857,secondary_arterial,0,0,2,1.4,2.5,1.6,0.0,4.0,-0.9,0.06,3279,1766
PARK DR & SELKIRK ST,49.215254,-123.132794,secondary_arterial,0,0,2,1.4,2.5,1.6,0.0,4.0,-0.9,0.06,3280,1767
SE MARINE DR,49.208007,-123.030034,collector,0,0,1,0.2,1.2,0.3,0.0,2.0,-0.9,0.119,3281,4353
SE MARINE DR & SOPHIA ST,49.210781,-123.100324,arterial,0,0,2,3.0,4.2,3.3,0.0,7.0,-0.9,0.037,3282,1248
SE MARINE DR & WHITNEY PL,49.20786,-123.02755,collector,0,0,2,0.2,1.2,0.3,0.0,2.0,-0.9,0.119,3283,4354
TRAFALGAR ST & W KING EDWARD AVE,49.248073,-123.165357,arterial,0,0,2,3.0,4.2,3.3,0.0,7.0,-0.9,0.037,3284,1250
W 41ST AVE & WILLOW ST,49.233812,-123.123875,arterial,1,0,2,15.6,17.9,17.0,10.0,25.0,-0.9,0.009,3285,322
W 47TH AVE & WEST BOULEVARD,49.229011,-123.155817,secondary_arterial,0,0,2,1.4,2.5,1.6,0.0,4.0,-0.9,0.06,3286,1768
W 49TH AVE & WILTSHIRE ST,49.227051,-123.146586,secondary_arterial,0,0,2,1.4,2.5,1.6,0.0,4.0,-0.9,0.06,3287,1769
W 53RD AVE & WEST BOULEVARD,49.222814,-123.152505,collector,0,0,2,0.2,1.2,0.3,0.0,2.0,-0.9,0.119,3288,4433
W 54TH AVE & WEST BOULEVARD,49.22168,-123.151832,collector,0,0,2,0.2,1.2,0.3,0.0,2.0,-0.9,0.119,3289,4434
W 57TH AVE & WILTSHIRE ST,49.219436,-123.146803,collector,0,0,2,0.2,1.2,0.3,0.0,2.0,-0.9,0.119,3290,4435
BEACH AVE & PARK LANE & STANLEY PARK DR & TURNING LANE,49.290756,-123.146408,none,0,0,3,0.6,1.8,0.7,0.0,3.0,-1.0,0.083,3291,2421
BRIDLE PATH & STANLEY PARK DR,49.29621,-123.150891,none,0,0,2,0.2,1.3,0.3,0.0,2.0,-1.0,0.11,3292,3665
CENTENNIAL RD & HEATLEY AVE,49.284825,-123.089429,none,0,0,2,0.2,1.3,0.3,0.0,2.0,-1.0,0.11,3293,3724
CROWN ST & STAUTLO AVE,49.229467,-123.195163,none,0,0,2,0.2,1.3,0.3,0.0,2.0,-1.0,0.11,3294,3791
DURANLEAU ST & MAST TOWER RD,49.271431,-123.135976,none,0,0,2,0.2,1.3,0.3,0.0,2.0,-1.0,0.11,3295,3840
FIELDSTONE AVE & MILLSTONE ST,49.207993,-123.035164,none,0,0,2,0.2,1.3,0.3,0.0,2.0,-1.0,0.11,3296,4125
HANDEL AVE & VIVALDI PL,49.210284,-123.026822,none,0,0,2,0.2,1.3,0.3,0.0,2.0,-1.0,0.11,3297,4158
HUM-LU-SUM DR & W 51ST AVE,49.225592,-123.191869,none,0,0,2,0.2,1.3,0.3,0.0,2.0,-1.0,0.11,3298,4195
KING EDWARD AVE & VINE ST,49.250466,-123.156806,none,0,0,2,0.2,1.3,0.3,0.0,2.0,-1.0,0.11,3299,4210
KING EDWARD AVE & YEW ST,49.250738,-123.155927,none,0,0,2,0.2,1.3,0.3,0.0,2.0,-1.0,0.11,3300,4211
LAGOON DR & PARK LANE,49.293079,-123.142749,none,0,0,2,0.2,1.3,0.3,0.0,2.0,-1.0,0.11,3301,4228
LAKE TRAIL & STANLEY PARK CAUSEWAY,49.304069,-123.14525,none,0,0,2,0.2,1.3,0.3,0.0,2.0,-1.0,0.11,3302,4230
MALI AVE & SALISH DR,49.225302,-123.198231,none,0,0,2,0.2,1.3,0.3,0.0,2.0,-1.0,0.11,3303,4253
NELSON ST & PARK LANE,49.292516,-123.143771,none,0,0,2,0.2,1.3,0.3,0.0,2.0,-1.0,0.11,3304,4305
PROSPECT POINT PARK LANE & STANLEY PARK DR,49.310522,-123.1493,none,0,0,2,0.2,1.3,0.3,0.0,2.0,-1.0,0.11,3305,4333
SI-LU DR & W 51ST AVE,49.225953,-123.195137,none,0,0,2,0.2,1.3,0.3,0.0,2.0,-1.0,0.11,3306,4367
STANLEY PARK CAUSEWAY & WREN TRAIL,49.300962,-123.143284,none,0,0,2,0.2,1.3,0.3,0.0,2.0,-1.0,0.11,3307,4372
STANLEY PARK DR & PARKING LOT,49.300114,-123.157916,none,0,0,2,0.2,1.3,0.3,0.0,2.0,-1.0,0.11,3308,4373
ABBOTT ST & W HASTINGS ST,49.282001,-123.107193,arterial,1,0,2,15.4,17.9,16.8,9.0,25.0,-1.1,0.009,3309,325
BEATRICE ST & E 33RD AVE,49.240092,-123.066598,secondary_arterial,0,0,2,1.2,2.5,1.4,0.0,4.0,-1.1,0.06,3310,1826
CAMBIE ST & SMITHE ST,49.277167,-123.116587,arterial,1,0,2,15.4,17.9,16.8,9.0,25.0,-1.1,0.009,3311,326
COLUMBIA ST & KEEFER ST & QUEBEC ST,49.279286,-123.102155,arterial,0,0,3,4.2,5.7,4.6,1.0,9.0,-1.1,0.028,3312,1035
DAVIE ST & NICOLA ST,49.284452,-123.137481,arterial,0,0,2,2.8,4.2,3.1,0.0,7.0,-1.1,0.037,3313,1270
DUCHESS ST & KINGSWAY,49.239331,-123.052581,arterial,0,0,2,2.8,4.2,3.1,0.0,7.0,-1.1,0.037,3314,1271
DUKE ST & EARLES ST,49.238362,-123.048075,secondary_arterial,0,0,2,1.2,2.5,1.4,0.0,4.0,-1.1,0.06,3315,1848
DUNDAS ST & KASLO ST & N KASLO ST,49.284775,-123.0467,collector,0,0,3,0.4,1.6,0.5,0.0,2.0,-1.1,0.09,3316,2948
E 10TH AVE & NANAIMO ST,49.261135,-123.056584,arterial,0,0,2,2.8,4.2,3.1,0.0,7.0,-1.1,0.037,3317,1272
E 1ST AVE & QUEBEC ST,49.270157,-123.102714,arterial,1,0,2,15.4,17.9,16.8,9.0,25.0,-1.1,0.009,3318,327
E 26TH AVE & NOOTKA ST,49.247066,-123.041622,secondary_arterial,0,0,2,1.2,2.5,1.4,0.0,4.0,-1.1,0.06,3319,1858
E 28TH AVE & NOOTKA ST,49.245405,-123.041625,secondary_arterial,0,0,2,1.2,2.5,1.4,0.0,4.0,-1.1,0.06,3320,1859
E 33RD AVE & ELGIN ST,49.240256,-123.083474,secondary_arterial,0,0,2,1.2,2.5,1.4,0.0,4.0,-1.1,0.06,3321,1860
E 33RD AVE & JAMES ST,49.240546,-123.10409,secondary_arterial,0,0,2,1.2,2.5,1.4,0.0,4.0,-1.1,0.06,3322,1861
E 41ST AVE & KILLARNEY ST,49.232959,-123.045933,arterial,0,0,2,2.8,4.2,3.1,0.0,7.0,-1.1,0.037,3323,1273
E 42ND AVE & RUPERT ST,49.231965,-123.043102,secondary_arterial,0,0,2,1.2,2.5,1.4,0.0,4.0,-1.1,0.06,3324,1863
E 54TH AVE & MCKINNON ST,49.220161,-123.03905,secondary_arterial,0,0,2,1.2,2.5,1.4,0.0,4.0,-1.1,0.06,3325,1868
E 56TH AVE & KERR ST,49.218171,-123.041377,secondary_arterial,0,0,2,1.2,2.5,1.4,0.0,4.0,-1.1,0.06,3326,1869
E 64TH AVE & FRASER ST,49.212631,-123.09111,secondary_arterial,0,0,2,1.2,2.5,1.4,0.0,4.0,-1.1,0.06,3327,1872
E BROADWAY & WINDERMERE ST,49.261897,-123.036518,arterial,0,0,2,2.8,4.2,3.1,0.0,7.0,-1.1,0.037,3328,1274
EUCLID AVE & SLOCAN ST,49.243273,-123.050859,secondary_arterial,0,0,2,1.2,2.5,1.4,0.0,4.0,-1.1,0.06,3329,1877
FRANKLIN ST & VICTORIA DR,49.282132,-123.06556,secondary_arterial,0,0,2,1.2,2.5,1.4,0.0,4.0,-1.1,0.06,3330,1879
GRAVELEY ST & RUPERT ST,49.27042,-123.033801,local,1,0,2,0.6,1.8,0.7,0.0,3.0,-1.1,0.082,3331,2538
HOLLAND ST & SW MARINE DR,49.233198,-123.192311,arterial,0,0,2,2.8,4.2,3.1,0.0,7.0,-1.1,0.037,3332,1275
LARCH ST & W 16TH AVE,49.257437,-123.162662,secondary_arterial,0,0,2,1.2,2.5,1.4,0.0,4.0,-1.1,0.06,3333,1887
LARCH ST & W 49TH AVE,49.22726,-123.163034,secondary_arterial,0,0,2,1.2,2.5,1.4,0.0,4.0,-1.1,0.06,3334,1888
MACDONALD ST & OLIVER CRES,49.249097,-123.167842,secondary_arterial,0,0,2,1.2,2.5,1.4,0.0,4.0,-1.1,0.06,3335,1890
MACDONALD ST & W 13TH AVE,49.260473,-123.168292,secondary_arterial,0,0,2,1.2,2.5,1.4,0.0,4.0,-1.1,0.06,3336,1891
MACDONALD ST & W 20TH AVE,49.25461,-123.167774,secondary_arterial,0,0,2,1.2,2.5,1.4,0.0,4.0,-1.1,0.06,3337,1892
MAIN ST & SWITCHMEN ST,49.270919,-123.100633,arterial,0,0,2,2.8,4.2,3.1,0.0,7.0,-1.1,0.037,3338,1277
MONTCALM ST & W 70TH AVE,49.20856,-123.135963,arterial,0,0,2,2.8,4.2,3.1,0.0,7.0,-1.1,0.037,3339,1278
NARVAEZ DR & PUGET DR & W 31ST AVE,49.244161,-123.162799,collector,0,0,3,0.4,1.6,0.5,0.0,2.0,-1.1,0.09,3340,2983
NASSAU DR & VICTORIA DR,49.21899,-123.065909,secondary_arterial,0,0,2,1.2,2.5,1.4,0.0,4.0,-1.1,0.06,3341,1896
NICOLA ST & W GEORGIA ST,49.289784,-123.129402,arterial,1,0,2,15.4,17.9,16.8,9.0,25.0,-1.1,0.009,3342,328
OAK ST & W 50TH AVE,49.225686,-123.128345,arterial,0,0,2,2.8,4.2,3.1,0.0,7.0,-1.1,0.037,3343,1279
SALSBURY DR & VENABLES ST,49.276644,-123.068372,secondary_arterial,0,0,2,1.2,2.5,1.4,0.0,4.0,-1.1,0.06,3344,1901
ARGYLE ST & E 61ST AVE,49.214577,-123.072028,collector,1,0,2,3.6,5.1,4.0,1.0,8.0,-1.2,0.03,3345,1120
E 10TH AVE & RENFREW ST & VIRTUAL WAY,49.260973,-123.044321,secondary_arterial,0,0,3,2.0,3.4,2.2,0.0,5.0,-1.2,0.045,3346,1527
E 12TH AVE & GRANDVIEW HWY N,49.259482,-123.059163,local,0,1,2,0.4,1.8,0.5,0.0,2.0,-1.2,0.084,3347,2949
E 12TH AVE & ONTARIO ST & W 12TH AVE,49.260247,-123.105031,secondary_arterial,1,0,3,12.4,14.7,13.5,7.0,21.0,-1.2,0.011,3348,406
E 39TH AVE & FRASER ST & CEMETERY ACCESS,49.234768,-123.090529,secondary_arterial,0,0,3,2.0,3.4,2.2,0.0,5.0,-1.2,0.045,3349,1535
GRANDVIEW HWY N & KAMLOOPS ST,49.258181,-123.054763,local,0,1,2,0.4,1.8,0.5,0.0,2.0,-1.2,0.084,3350,2966
KERR ST & RUPERT ST & WAVERLEY AVE,49.226982,-123.040991,secondary_arterial,0,0,3,2.0,3.4,2.2,0.0,5.0,-1.2,0.045,3351,1547
ADERA ST & W 49TH AVE,49.227012,-123.143582,secondary_arterial,0,0,2,1.0,2.5,1.2,0.0,3.0,-1.3,0.06,3352,1928
AMBERLY PL & SE MARINE DR,49.208308,-123.032608,secondary_arterial,0,0,2,1.0,2.5,1.2,0.0,3.0,-1.3,0.06,3353,1936
ANGUS DR & W 61ST AVE & WEST BOULEVARD,49.216062,-123.148496,collector,0,0,3,0.2,1.6,0.3,0.0,2.0,-1.3,0.09,3354,3571
ARGYLE ST & E KENT AVE N,49.208969,-123.071318,arterial,0,0,2,2.6,4.2,2.9,0.0,6.0,-1.3,0.037,3355,1311
BALACLAVA ST & QUESNEL DR & W 22ND AVE,49.252966,-123.17562,collector,0,0,3,0.2,1.6,0.3,0.0,2.0,-1.3,0.09,3356,3611
BEACH AVE & DENMAN ST & PANTAGES LANE,49.286912,-123.142346,arterial,0,0,3,4.0,5.7,4.4,1.0,9.0,-1.3,0.028,3357,1067
BOUNDARY RD & E 28TH AVE,49.245341,-123.023793,arterial,0,0,2,2.6,4.2,2.9,0.0,6.0,-1.3,0.037,3358,1312
CAMBIE ST & W 40TH AVE,49.234467,-123.116043,arterial,0,0,2,2.6,4.2,2.9,0.0,6.0,-1.3,0.037,3359,1313
CARTIER ST & W 41ST AVE,49.234282,-123.137993,arterial,0,0,2,2.6,4.2,2.9,0.0,6.0,-1.3,0.037,3360,1314
CHESTER ST & E 41ST AVE,49.232891,-123.089294,arterial,0,0,2,2.6,4.2,2.9,0.0,6.0,-1.3,0.037,3361,1315
CORDOVA DIVERSION & POWELL ST,49.28273,-123.085029,arterial,0,0,2,2.6,4.2,2.9,0.0,6.0,-1.3,0.037,3362,1316
COURTENAY ST & W 10TH AVE,49.263699,-123.200081,arterial,0,0,2,2.6,4.2,2.9,0.0,6.0,-1.3,0.037,3363,1317
COURTENAY ST & W 16TH AVE,49.258157,-123.200152,secondary_arterial,0,0,2,1.0,2.5,1.2,0.0,3.0,-1.3,0.06,3364,1964
E 14TH AVE & RENFREW ST,49.257222,-123.044314,secondary_arterial,0,0,2,1.0,2.5,1.2,0.0,3.0,-1.3,0.06,3365,1977
E 14TH AVE & VICTORIA DR,49.257722,-123.065989,secondary_arterial,0,0,2,1.0,2.5,1.2,0.0,3.0,-1.3,0.06,3366,1978
E 16TH AVE & RUPERT ST,49.255564,-123.033851,secondary_arterial,0,0,2,1.0,2.5,1.2,0.0,3.0,-1.3,0.06,3367,1979
E 16TH AVE & WATSON ST,49.256572,-123.100658,secondary_arterial,0,0,2,1.0,2.5,1.2,0.0,3.0,-1.3,0.06,3368,1980
E 19TH AVE & WINDSOR ST,49.253621,-123.083729,local,1,0,2,0.4,1.8,0.5,0.0,2.0,-1.3,0.082,3369,2952
E 24TH AVE & SLOCAN ST,49.248802,-123.049639,secondary_arterial,0,0,2,1.0,2.5,1.2,0.0,3.0,-1.3,0.06,3370,1984
E 26TH AVE & SLOCAN ST,49.247528,-123.049641,secondary_arterial,0,0,2,1.0,2.5,1.2,0.0,3.0,-1.3,0.06,3371,1985
E 32ND AVE & FRASER ST,49.24172,-123.090333,secondary_arterial,0,0,2,1.0,2.5,1.2,0.0,3.0,-1.3,0.06,3372,1989
E 33RD AVE & SHERBROOKE ST,49.240242,-123.081244,secondary_arterial,0,0,2,1.0,2.5,1.2,0.0,3.0,-1.3,0.06,3373,1990
E 35TH AVE & KNIGHT ST,49.238535,-123.076713,arterial,0,0,2,2.6,4.2,2.9,0.0,6.0,-1.3,0.037,3374,1320
E 41ST AVE & RHODES ST,49.23276,-123.050174,arterial,0,0,2,2.6,4.2,2.9,0.0,6.0,-1.3,0.037,3375,1321
E 47TH AVE & KNIGHT ST,49.227653,-123.077238,arterial,1,0,2,15.2,17.9,16.6,9.0,25.0,-1.3,0.009,3376,331
E 48TH AVE & KERR ST,49.225475,-123.04101,secondary_arterial,0,0,2,1.0,2.5,1.2,0.0,3.0,-1.3,0.06,3377,1992
E 4TH AVE & RUPERT ST,49.266635,-123.033726,secondary_arterial,0,0,2,1.0,2.5,1.2,0.0,3.0,-1.3,0.06,3378,1994
E 50TH AVE & KERR ST,49.22387,-123.041092,secondary_arterial,0,0,2,1.0,2.5,1.2,0.0,3.0,-1.3,0.06,3379,1997
E 51ST AVE & KERR ST,49.223056,-123.041167,secondary_arterial,0,0,2,1.0,2.5,1.2,0.0,3.0,-1.3,0.06,3380,1998
E 52ND AVE & KERR ST,49.22206,-123.041181,secondary_arterial,0,0,2,1.0,2.5,1.2,0.0,3.0,-1.3,0.06,3381,1999
E 55TH AVE & MAIN ST,49.220148,-123.101824,arterial,0,0,2,2.6,4.2,2.9,0.0,6.0,-1.3,0.037,3382,1322
E 5TH AVE & VICTORIA DR,49.265951,-123.065835,secondary_arterial,0,0,2,1.0,2.5,1.2,0.0,3.0,-1.3,0.06,3383,2002
E 61ST AVE & MAIN ST,49.215001,-123.102023,arterial,0,0,2,2.6,4.2,2.9,0.0,6.0,-1.3,0.037,3384,1323
E 64TH AVE & VICTORIA DR,49.211423,-123.066072,secondary_arterial,0,0,2,1.0,2.5,1.2,0.0,3.0,-1.3,0.06,3385,2003
E BROADWAY & SCOTIA ST,49.262852,-123.098984,arterial,0,0,2,2.6,4.2,2.9,0.0,6.0,-1.3,0.037,3386,1324
E GEORGIA ST & NANAIMO ST,49.278291,-123.056557,arterial,0,0,2,2.6,4.2,2.9,0.0,6.0,-1.3,0.037,3387,1325
E KING EDWARD AVE & QUEBEC ST,49.248805,-123.103194,arterial,0,0,2,2.6,4.2,2.9,0.0,6.0,-1.3,0.037,3388,1326
E KING EDWARD AVE & SOPHIA ST,49.248741,-123.098894,arterial,0,0,2,2.6,4.2,2.9,0.0,6.0,-1.3,0.037,3389,1327
EIHU LANE & THURLOW ST,49.284968,-123.124286,arterial,0,0,2,2.6,4.2,2.9,0.0,6.0,-1.3,0.037,3390,1328
ELM ST & W 49TH AVE,49.227284,-123.164447,secondary_arterial,0,0,2,1.0,2.5,1.2,0.0,3.0,-1.3,0.06,3391,2009
ETON ST & N NANAIMO ST,49.287632,-123.056498,arterial,0,0,2,2.6,4.2,2.9,0.0,6.0,-1.3,0.037,3392,1330
GALIANO RD & QUESNEL DR & W 20TH AVE,49.25465,-123.176751,collector,0,0,3,0.2,1.6,0.3,0.0,2.0,-1.3,0.09,3393,4135
GRANVILLE ST & W 5TH AVE,49.266772,-123.138455,arterial,0,0,2,2.6,4.2,2.9,0.0,6.0,-1.3,0.037,3394,1332
KINGSWAY & WALES ST,49.238891,-123.051643,arterial,0,0,2,2.6,4.2,2.9,0.0,6.0,-1.3,0.037,3395,1333
LAUREL ST & W 49TH AVE,49.226428,-123.125156,secondary_arterial,0,0,2,1.0,2.5,1.2,0.0,3.0,-1.3,0.06,3396,2021
MACDONALD ST & W 24TH AVE,49.25098,-123.167821,secondary_arterial,0,0,2,1.0,2.5,1.2,0.0,3.0,-1.3,0.06,3397,2023
MANNERING AVE & VICTORIA DR,49.240684,-123.065349,secondary_arterial,0,0,2,1.0,2.5,1.2,0.0,3.0,-1.3,0.06,3398,2025
N RENFREW ST & OXFORD ST,49.285664,-123.044053,secondary_arterial,0,0,2,1.0,2.5,1.2,0.0,3.0,-1.3,0.06,3399,2026
NICOLA ST & W HASTINGS ST,49.290471,-123.128394,arterial,0,0,2,2.6,4.2,2.9,0.0,6.0,-1.3,0.037,3400,1334
OAK ST & W 11TH AVE,49.261529,-123.126679,arterial,0,0,2,2.6,4.2,2.9,0.0,6.0,-1.3,0.037,3401,1335
OAK ST & W 18TH AVE,49.255324,-123.12729,arterial,0,0,2,2.6,4.2,2.9,0.0,6.0,-1.3,0.037,3402,1336
OSLER ST & W KING EDWARD AVE,49.249259,-123.129792,arterial,0,0,2,2.6,4.2,2.9,0.0,6.0,-1.3,0.037,3403,1337
RENFREW ST & TRIUMPH ST,49.283872,-123.043995,secondary_arterial,0,0,2,1.0,2.5,1.2,0.0,3.0,-1.3,0.06,3404,2030
RUPERT ST & SCHOOL AVE,49.235363,-123.042873,arterial,0,0,2,2.6,4.2,2.9,0.0,6.0,-1.3,0.037,3405,1338
W 40TH AVE & WEST BOULEVARD,49.235567,-123.15554,arterial,0,0,2,2.6,4.2,2.9,0.0,6.0,-1.3,0.037,3406,1340
W 44TH AVE & WEST BOULEVARD,49.23183,-123.155675,secondary_arterial,0,0,2,1.0,2.5,1.2,0.0,3.0,-1.3,0.06,3407,2037
W 46TH AVE & WEST BOULEVARD,49.22988,-123.155761,secondary_arterial,0,0,2,1.0,2.5,1.2,0.0,3.0,-1.3,0.06,3408,2038
W 48TH AVE & WEST BOULEVARD,49.228118,-123.155642,secondary_arterial,0,0,2,1.0,2.5,1.2,0.0,3.0,-1.3,0.06,3409,2039
ALDER ST & W 12TH AVE,49.260681,-123.131481,secondary_arterial,1,0,2,8.6,10.7,9.4,4.0,16.0,-1.4,0.015,3410,571
BRIDGEWAY & MCGILL ST OFFRAMP,49.287655,-123.033596,local,0,1,2,0.2,1.8,0.3,0.0,2.0,-1.4,0.084,3411,3663
BRIDGEWAY & MILLER DR,49.285875,-123.03294,local,0,1,2,0.2,1.8,0.3,0.0,2.0,-1.4,0.084,3412,3664
CAMBRIDGE ST & N GARDEN DR,49.286601,-123.057745,local,0,1,2,0.2,1.8,0.3,0.0,2.0,-1.4,0.084,3413,3682
CAMBRIDGE ST & N PENTICTON ST,49.286736,-123.051957,local,0,1,2,0.2,1.8,0.3,0.0,2.0,-1.4,0.084,3414,3683
FRASERVIEW DR & JASPER CRES & VICTORIA DR,49.212224,-123.06605,secondary_arterial,0,0,3,1.8,3.4,2.0,0.0,5.0,-1.4,0.045,3415,1603
N SKEENA ST & TRANS-CANADA HWY,49.289159,-123.028308,local,0,1,2,0.2,1.8,0.3,0.0,2.0,-1.4,0.084,3416,4294
OAK ST BRIDGE & W KENT AVE N,49.203525,-123.129098,local,0,1,2,0.2,1.8,0.3,0.0,2.0,-1.4,0.084,3417,4309
OAK ST BRIDGE & W KENT AVE S,49.203276,-123.128873,local,0,1,2,0.2,1.8,0.3,0.0,2.0,-1.4,0.084,3418,4310
SW MARINE DR OFFRAMP & W KENT AVE S,49.203306,-123.128741,local,0,1,2,0.2,1.8,0.3,0.0,2.0,-1.4,0.084,3419,4378
ANDERSON ST & W 3RD AVE,49.268844,-123.138417,arterial,0,0,2,2.4,4.2,2.7,0.0,6.0,-1.5,0.037,3420,1370
ARBUTUS ST & W 22ND AVE,49.25259,-123.153005,arterial,0,0,2,2.4,4.2,2.7,0.0,6.0,-1.5,0.037,3421,1371
BALSAM ST & W 16TH AVE,49.257398,-123.160285,secondary_arterial,0,0,2,0.8,2.5,1.0,0.0,3.0,-1.5,0.06,3422,2152
BERKELEY ST & E 49TH AVE,49.224891,-123.057671,secondary_arterial,0,0,2,0.8,2.5,1.0,0.0,3.0,-1.5,0.06,3423,2154
BURRARD ST & W CORDOVA ST,49.287664,-123.116194,arterial,1,0,2,15.0,17.9,16.4,9.0,25.0,-1.5,0.009,3424,336
CAMBIE ST & W 48TH AVE,49.226998,-123.116475,arterial,0,0,2,2.4,4.2,2.7,0.0,6.0,-1.5,0.037,3425,1373
CAMBIE ST & W 60TH AVE,49.215931,-123.117036,arterial,0,0,2,2.4,4.2,2.7,0.0,6.0,-1.5,0.037,3426,1374
CARNARVON ST & SW MARINE DR,49.228194,-123.173603,arterial,0,0,2,2.4,4.2,2.7,0.0,6.0,-1.5,0.037,3427,1375
CHURCHILL ST & W 41ST AVE,49.234359,-123.141428,arterial,0,0,2,2.4,4.2,2.7,0.0,6.0,-1.5,0.037,3428,1376
DAWSON ST & E 49TH AVE,49.224764,-123.048777,secondary_arterial,0,0,2,0.8,2.5,1.0,0.0,3.0,-1.5,0.06,3429,2164
DENMAN ST & ROSEMARY BROWN LANE,49.291126,-123.136005,arterial,0,0,2,2.4,4.2,2.7,0.0,6.0,-1.5,0.037,3430,1377
DOUGLAS CRES & WOLFE AVE,49.254785,-123.129271,secondary_arterial,0,0,2,0.8,2.5,1.0,0.0,3.0,-1.5,0.06,3431,2167
E 18TH AVE & RENFREW ST,49.25402,-123.044352,secondary_arterial,0,0,2,0.8,2.5,1.0,0.0,3.0,-1.5,0.06,3432,2169
E 18TH AVE & RUPERT ST,49.253996,-123.033859,secondary_arterial,0,0,2,0.8,2.5,1.0,0.0,3.0,-1.5,0.06,3433,2170
E 19TH AVE & RENFREW ST,49.253183,-123.044356,secondary_arterial,0,0,2,0.8,2.5,1.0,0.0,3.0,-1.5,0.06,3434,2171
E 25TH AVE & VICTORIA DR,49.248503,-123.065075,secondary_arterial,0,0,2,0.8,2.5,1.0,0.0,3.0,-1.5,0.06,3435,2173
E 27TH AVE & NANAIMO ST,49.246699,-123.056652,arterial,0,0,2,2.4,4.2,2.7,0.0,6.0,-1.5,0.037,3436,1379
E 27TH AVE & SLOCAN ST,49.246275,-123.049652,secondary_arterial,0,0,2,0.8,2.5,1.0,0.0,3.0,-1.5,0.06,3437,2175
E 28TH AVE & KNIGHT ST,49.245411,-123.07627,arterial,0,0,2,2.4,4.2,2.7,0.0,6.0,-1.5,0.037,3438,1380
E 33RD AVE & LANARK ST,49.240194,-123.074917,secondary_arterial,0,0,2,0.8,2.5,1.0,0.0,3.0,-1.5,0.06,3439,2177
E 33RD AVE & SOMERVILLE ST,49.240272,-123.085728,secondary_arterial,0,0,2,0.8,2.5,1.0,0.0,3.0,-1.5,0.06,3440,2178
E 44TH AVE & RUPERT ST,49.230182,-123.043151,secondary_arterial,0,0,2,0.8,2.5,1.0,0.0,3.0,-1.5,0.06,3441,2179
E 63RD AVE & KERR ST,49.21304,-123.041638,secondary_arterial,0,0,2,0.8,2.5,1.0,0.0,3.0,-1.5,0.06,3442,2181
E 7TH AVE & RENFREW ST,49.263867,-123.044319,secondary_arterial,0,0,2,0.8,2.5,1.0,0.0,3.0,-1.5,0.06,3443,2182
E KENT AVE N & PRINCE EDWARD ST,49.207563,-123.098531,secondary_arterial,0,0,2,0.8,2.5,1.0,0.0,3.0,-1.5,0.06,3444,2187
E KENT AVE S & ST GEORGE ST,49.207693,-123.094046,secondary_arterial,0,0,2,0.8,2.5,1.0,0.0,3.0,-1.5,0.06,3445,2189
EARLES ST & KINGS AVE,49.243641,-123.043029,secondary_arterial,0,0,2,0.8,2.5,1.0,0.0,3.0,-1.5,0.06,3446,2191
EARLES ST & WARD ST,49.239038,-123.047431,secondary_arterial,0,0,2,0.8,2.5,1.0,0.0,3.0,-1.5,0.06,3447,2192
ETON ST & N RENFREW ST,49.287699,-123.044033,secondary_arterial,0,0,2,0.8,2.5,1.0,0.0,3.0,-1.5,0.06,3448,2193
EXPO BLVD & QUEBEC ST,49.276605,-123.102299,arterial,0,0,2,2.4,4.2,2.7,0.0,6.0,-1.5,0.037,3449,1381
FIR ST & W 8TH AVE,49.264554,-123.141085,arterial,0,0,2,2.4,4.2,2.7,0.0,6.0,-1.5,0.037,3450,1382
GRANVILLE ST & W 61ST AVE,49.215919,-123.140271,arterial,0,0,2,2.4,4.2,2.7,0.0,6.0,-1.5,0.037,3451,1383
HIGHBURY ST & W 41ST AVE,49.234777,-123.188332,arterial,0,0,2,2.4,4.2,2.7,0.0,6.0,-1.5,0.037,3452,1384
HUDSON ST & W KING EDWARD AVE,49.249314,-123.134361,arterial,0,0,2,2.4,4.2,2.7,0.0,6.0,-1.5,0.037,3453,1385
JUNG LANE & THURLOW ST,49.278647,-123.133831,arterial,0,0,2,2.4,4.2,2.7,0.0,6.0,-1.5,0.037,3454,1386
KINGS AVE & RUPERT ST,49.241216,-123.037229,secondary_arterial,0,0,2,0.8,2.5,1.0,0.0,3.0,-1.5,0.06,3455,2198
KITSILANO DIVERSION & W 10TH AVE,49.26308,-123.169195,secondary_arterial,0,0,2,0.8,2.5,1.0,0.0,3.0,-1.5,0.06,3456,2199
MACDONALD ST & W 23RD AVE,49.251895,-123.167809,secondary_arterial,0,0,2,0.8,2.5,1.0,0.0,3.0,-1.5,0.06,3457,2201
MARINE CRES & W 49TH AVE,49.227301,-123.165297,secondary_arterial,0,0,2,0.8,2.5,1.0,0.0,3.0,-1.5,0.06,3458,2202
MCGILL ST & N KAMLOOPS ST,49.288734,-123.054549,arterial,0,0,2,2.4,4.2,2.7,0.0,6.0,-1.5,0.037,3459,1388
PACIFIC ST & SEYMOUR MEWS & SEYMOUR ST,49.274389,-123.128397,arterial,0,0,3,3.8,5.7,4.2,1.0,8.0,-1.5,0.028,3460,1102
POPLAR ST & SE MARINE DR,49.211029,-123.093295,arterial,0,0,2,2.4,4.2,2.7,0.0,6.0,-1.5,0.037,3461,1389
PORTER ST & VICTORIA DIVERSION,49.253486,-123.066992,secondary_arterial,0,0,2,0.8,2.5,1.0,0.0,3.0,-1.5,0.06,3462,2204
QUEENS AVE & RUPERT ST,49.241637,-123.036823,secondary_arterial,0,0,2,0.8,2.5,1.0,0.0,3.0,-1.5,0.06,3463,2205
SEE-EM-IA LANE & THURLOW ST,49.280733,-123.130696,arterial,0,0,2,2.4,4.2,2.7,0.0,6.0,-1.5,0.037,3464,1390
W 16TH AVE & SXWMEOKWEYEMASEM ST,49.257786,-123.176123,secondary_arterial,0,0,2,0.8,2.5,1.0,0.0,3.0,-1.5,0.06,3465,2209
W KING EDWARD AVE & YUKON ST,49.248935,-123.112857,arterial,0,0,2,2.4,4.2,2.7,0.0,6.0,-1.5,0.037,3466,1391
E 17TH AVE & E 18TH AVE & NOOTKA ELEMENTARY SCHOOL ACCESS & NOOTKA ST,49.254188,-123.041598,local,0,0,4,0.2,2.0,0.4,0.0,2.0,-1.6,0.075,3467,3200
E 49TH AVE & PRINCE EDWARD ST,49.225587,-123.097514,secondary_arterial,1,0,2,8.4,10.7,9.2,4.0,15.0,-1.6,0.015,3468,583
E 57TH AVE & FLEMING ST,49.218119,-123.074,collector,1,0,2,3.2,5.1,3.5,1.0,7.0,-1.6,0.03,3469,1202
MONTCALM ST & RICHELIEU AVE & W 16TH AVE,49.257059,-123.130304,secondary_arterial,0,0,3,1.6,3.4,1.8,0.0,5.0,-1.6,0.045,3470,1678
ALBERTA ST & W 16TH AVE,49.256791,-123.111183,secondary_arterial,0,0,2,0.6,2.5,0.8,0.0,3.0,-1.7,0.06,3471,2337
ALMA ST & W 5TH AVE,49.267752,-123.185727,arterial,0,0,2,2.2,4.2,2.5,0.0,6.0,-1.7,0.037,3472,1414
ARBUTUS ST & SW MARINE DR,49.215534,-123.154818,arterial,0,0,2,2.2,4.2,2.5,0.0,6.0,-1.7,0.037,3473,1415
BAILLIE ST & W 41ST AVE,49.233768,-123.122382,arterial,0,0,2,2.2,4.2,2.5,0.0,6.0,-1.7,0.037,3474,1417
BALACLAVA ST & POINT GREY RD,49.271114,-123.173732,secondary_arterial,0,0,2,0.6,2.5,0.8,0.0,3.0,-1.7,0.06,3475,2341
BOYD DIVERSION & NOOTKA ST,49.249183,-123.04178,secondary_arterial,0,0,2,0.6,2.5,0.8,0.0,3.0,-1.7,0.06,3476,2347
CAMBIE ST & W 21ST AVE,49.252092,-123.115273,arterial,0,0,2,2.2,4.2,2.5,0.0,6.0,-1.7,0.037,3477,1418
CAMBIE ST & W 42ND AVE,49.232534,-123.11607,arterial,0,0,2,2.2,4.2,2.5,0.0,6.0,-1.7,0.037,3478,1419
CARLISLE ST & RENFREW ST,49.279624,-123.044085,secondary_arterial,0,0,2,0.6,2.5,0.8,0.0,3.0,-1.7,0.06,3479,2352
CECIL ST & KINGSWAY,49.234623,-123.036889,arterial,0,0,2,2.2,4.2,2.5,0.0,6.0,-1.7,0.037,3480,1420
CHESTER ST & E 33RD AVE,49.240279,-123.089144,secondary_arterial,0,0,2,0.6,2.5,0.8,0.0,3.0,-1.7,0.06,3481,2355
CHEYENNE AVE & EARLES ST,49.240409,-123.046128,secondary_arterial,0,0,2,0.6,2.5,0.8,0.0,3.0,-1.7,0.06,3482,2356
CLARK DR & GRAVELEY ST,49.270564,-123.077353,arterial,0,0,2,2.2,4.2,2.5,0.0,6.0,-1.7,0.037,3483,1421
COMMERCIAL DR & E GEORGIA ST,49.278482,-123.070471,secondary_arterial,0,0,2,0.6,2.5,0.8,0.0,3.0,-1.7,0.06,3484,2357
CONNAUGHT DR & OAK ST,49.243577,-123.127684,arterial,0,0,2,2.2,4.2,2.5,0.0,6.0,-1.7,0.037,3485,1424
DENMAN ST & TED NORTHE LANE,49.289751,-123.138042,arterial,0,0,2,2.2,4.2,2.5,0.0,6.0,-1.7,0.037,3486,1425
DUNBAR ST & POINT GREY RD,49.272165,-123.183505,secondary_arterial,0,0,2,0.6,2.5,0.8,0.0,3.0,-1.7,0.06,3487,2364
E 16TH AVE & RENFREW ST,49.255403,-123.044335,secondary_arterial,0,0,2,0.6,2.5,0.8,0.0,3.0,-1.7,0.06,3488,2367
E 20TH AVE & RENFREW ST,49.252346,-123.044365,secondary_arterial,0,0,2,0.6,2.5,0.8,0.0,3.0,-1.7,0.06,3489,2370
E 23RD AVE & VICTORIA DR,49.249387,-123.065052,secondary_arterial,0,0,2,0.6,2.5,0.8,0.0,3.0,-1.7,0.06,3490,2372
E 30TH AVE & E 33RD AVE,49.239779,-123.056768,secondary_arterial,0,0,2,0.6,2.5,0.8,0.0,3.0,-1.7,0.06,3491,2373
E 32ND AVE & KNIGHT ST,49.241679,-123.07633,arterial,0,0,2,2.2,4.2,2.5,0.0,6.0,-1.7,0.037,3492,1426
E 33RD AVE & HENRY ST,49.240218,-123.077692,secondary_arterial,0,0,2,0.6,2.5,0.8,0.0,3.0,-1.7,0.06,3493,2374
E 41ST AVE & ST CATHERINES ST,49.232824,-123.086921,arterial,0,0,2,2.2,4.2,2.5,0.0,6.0,-1.7,0.037,3494,1427
E 49TH AVE & WALES ST,49.224789,-123.052386,secondary_arterial,0,0,2,0.6,2.5,0.8,0.0,3.0,-1.7,0.06,3495,2375
E 4TH AVE & NANAIMO ST,49.266729,-123.056588,arterial,0,0,2,2.2,4.2,2.5,0.0,6.0,-1.7,0.037,3496,1428
E 54TH AVE & SAINT JULIEN MEWS,49.22016,-123.039345,secondary_arterial,0,0,2,0.6,2.5,0.8,0.0,3.0,-1.7,0.06,3497,2377
E BROADWAY & LAKEWOOD DR,49.26226,-123.06203,arterial,1,0,2,14.8,17.9,16.1,9.0,24.0,-1.7,0.009,3498,340
E KENT AVE S & FRASER ST,49.207903,-123.091185,secondary_arterial,0,0,2,0.6,2.5,0.8,0.0,3.0,-1.7,0.06,3499,2384
FRENCH ST & PARK DR,49.216995,-123.138926,secondary_arterial,0,0,2,0.6,2.5,0.8,0.0,3.0,-1.7,0.06,3500,2389
GLENDALOUGH PL & SW MARINE DR,49.23015,-123.180333,arterial,0,0,2,2.2,4.2,2.5,0.0,6.0,-1.7,0.037,3501,1434
HIGHBURY ST & SW MARINE DR,49.231749,-123.188356,arterial,0,0,2,2.2,4.2,2.5,0.0,6.0,-1.7,0.037,3502,1436
MACDONALD ST & W 17TH AVE,49.257083,-123.16834,secondary_arterial,0,0,2,0.6,2.5,0.8,0.0,3.0,-1.7,0.06,3503,2395
MACDONALD ST & W 19TH AVE,49.255507,-123.167763,secondary_arterial,0,0,2,0.6,2.5,0.8,0.0,3.0,-1.7,0.06,3504,2396
MACDONALD ST & W 21ST AVE,49.253718,-123.167784,secondary_arterial,0,0,2,0.6,2.5,0.8,0.0,3.0,-1.7,0.06,3505,2397
MACDONALD ST & W 22ND AVE,49.252793,-123.167798,secondary_arterial,0,0,2,0.6,2.5,0.8,0.0,3.0,-1.7,0.06,3506,2398
MCCLEERY ST & W 49TH AVE,49.227327,-123.16894,secondary_arterial,0,0,2,0.6,2.5,0.8,0.0,3.0,-1.7,0.06,3507,2399
MILROSS AVE & QUEBEC ST,49.276079,-123.10212,arterial,0,0,2,2.2,4.2,2.5,0.0,6.0,-1.7,0.037,3508,1441
NEWPORT AVE & VICTORIA DR,49.215316,-123.065967,secondary_arterial,0,0,2,0.6,2.5,0.8,0.0,3.0,-1.7,0.06,3509,2401
NW MARINE DR & W 2ND AVE,49.271359,-123.202361,secondary_arterial,0,0,2,0.6,2.5,0.8,0.0,3.0,-1.7,0.06,3510,2402
PENDRELL ST & THURLOW ST,49.281101,-123.130152,arterial,0,0,2,2.2,4.2,2.5,0.0,6.0,-1.7,0.037,3511,1443
SLOCAN ST & WARD ST,49.241519,-123.052586,secondary_arterial,0,0,2,0.6,2.5,0.8,0.0,3.0,-1.7,0.06,3512,2403
SW MARINE DR & W 63RD AVE,49.21387,-123.153136,arterial,0,0,2,2.2,4.2,2.5,0.0,6.0,-1.7,0.037,3513,1444
THORNHILL DR & VICTORIA DR,49.213233,-123.066055,secondary_arterial,0,0,2,0.6,2.5,0.8,0.0,3.0,-1.7,0.06,3514,2406
TOLMIE ST & W 4TH AVE,49.269061,-123.211945,arterial,0,0,2,2.2,4.2,2.5,0.0,6.0,-1.7,0.037,3515,1445
TUPPER ST & W 16TH AVE,49.256922,-123.116003,secondary_arterial,0,0,2,0.6,2.5,0.8,0.0,3.0,-1.7,0.06,3516,2407
VINE ST & W BROADWAY,49.2639,-123.157641,arterial,1,0,2,14.8,17.9,16.1,9.0,24.0,-1.7,0.009,3517,343
E KENT AVE N & ONTARIO ST & W KENT AVE N,49.206861,-123.106851,secondary_arterial,0,0,3,1.4,3.4,1.6,0.0,4.0,-1.8,0.045,3518,1756
ALEXANDER ST & POWELL ST & WATER ST,49.283368,-123.104002,arterial,0,0,3,3.4,5.7,3.8,1.0,8.0,-1.9,0.028,3519,1141
ANGUS DR & W KING EDWARD AVE,49.249577,-123.146099,arterial,0,0,2,2.0,4.2,2.3,0.0,5.0,-1.9,0.037,3520,1475
BEACH AVE & BROUGHTON ST,49.281577,-123.139518,arterial,0,0,2,2.0,4.2,2.3,0.0,5.0,-1.9,0.037,3521,1479
BELMONT AVE & NW MARINE DR,49.273585,-123.205692,secondary_arterial,0,0,2,0.4,2.5,0.6,0.0,2.0,-1.9,0.06,3522,2651
BORDEN ST & E KENT AVE S,49.20926,-123.074021,secondary_arterial,0,0,2,0.4,2.5,0.6,0.0,2.0,-1.9,0.06,3523,2658
BRIGADOON AVE & VICTORIA DR,49.216618,-123.065971,secondary_arterial,0,0,2,0.4,2.5,0.6,0.0,2.0,-1.9,0.06,3524,2660
BUSCOMBE ST & SE MARINE DR,49.211063,-123.095348,arterial,0,0,2,2.0,4.2,2.3,0.0,5.0,-1.9,0.037,3525,1481
BUTLER ST & E 54TH AVE,49.220128,-123.033843,secondary_arterial,0,0,2,0.4,2.5,0.6,0.0,2.0,-1.9,0.06,3526,2669
CAMBIE ST & W 31ST AVE,49.24323,-123.117922,arterial,0,0,2,2.0,4.2,2.3,0.0,5.0,-1.9,0.037,3527,1482
COQUIHALLA DR & E 49TH AVE,49.222504,-123.026867,secondary_arterial,0,0,2,0.4,2.5,0.6,0.0,2.0,-1.9,0.06,3528,2705
CROWN ST & W 10TH AVE,49.263624,-123.193912,arterial,0,0,2,2.0,4.2,2.3,0.0,5.0,-1.9,0.037,3529,1485
E 15TH AVE & NANAIMO ST,49.25675,-123.056616,arterial,0,0,2,2.0,4.2,2.3,0.0,5.0,-1.9,0.037,3530,1487
E 16TH AVE & E 16TH ST & KNIGHT ST,49.256214,-123.075875,arterial,0,0,3,3.4,5.7,3.8,1.0,8.0,-1.9,0.028,3531,1149
E 16TH AVE & VICTORIA DR,49.256218,-123.066056,secondary_arterial,0,0,2,0.4,2.5,0.6,0.0,2.0,-1.9,0.06,3532,2739
E 24TH AVE & NOOTKA ST,49.248751,-123.041615,secondary_arterial,0,0,2,0.4,2.5,0.6,0.0,2.0,-1.9,0.06,3533,2757
E 25TH AVE & NOOTKA ST,49.24789,-123.041621,secondary_arterial,0,0,2,0.4,2.5,0.6,0.0,2.0,-1.9,0.06,3534,2759
E 26TH AVE & NANAIMO ST,49.247107,-123.056654,arterial,0,0,2,2.0,4.2,2.3,0.0,5.0,-1.9,0.037,3535,1490
E 28TH AVE & RUPERT ST,49.245358,-123.033903,secondary_arterial,0,0,2,0.4,2.5,0.6,0.0,2.0,-1.9,0.06,3536,2765
E 34TH AVE & KNIGHT ST,49.239359,-123.076513,arterial,0,0,2,2.0,4.2,2.3,0.0,5.0,-1.9,0.037,3537,1491
E 3RD AVE & NANAIMO ST,49.26764,-123.056663,arterial,0,0,2,2.0,4.2,2.3,0.0,5.0,-1.9,0.037,3538,1492
E 40TH AVE & MAIN ST,49.234532,-123.101582,arterial,0,0,2,2.0,4.2,2.3,0.0,5.0,-1.9,0.037,3539,1493
E 53RD AVE & KERR ST,49.221169,-123.041227,secondary_arterial,0,0,2,0.4,2.5,0.6,0.0,2.0,-1.9,0.06,3540,2797
E 7TH AVE & NANAIMO ST,49.26401,-123.056599,arterial,0,0,2,2.0,4.2,2.3,0.0,5.0,-1.9,0.037,3541,1496
E KENT AVE S & VICTORIA DR,49.207223,-123.066163,arterial,0,0,2,2.0,4.2,2.3,0.0,5.0,-1.9,0.037,3542,1497
GRANVILLE ST & W 53RD AVE,49.222613,-123.139989,arterial,0,0,2,2.0,4.2,2.3,0.0,5.0,-1.9,0.037,3543,1499
HAMILTON ST & W HASTINGS ST,49.282772,-123.10996,arterial,0,0,2,2.0,4.2,2.3,0.0,5.0,-1.9,0.037,3544,1500
LABURNUM ST & W 49TH AVE,49.227115,-123.15091,secondary_arterial,0,0,2,0.4,2.5,0.6,0.0,2.0,-1.9,0.06,3545,2859
LAUREL ST & W KENT AVE N,49.204618,-123.12434,arterial,0,0,2,2.0,4.2,2.3,0.0,5.0,-1.9,0.037,3546,1507
LOCARNO CRES & NW MARINE DR,49.268994,-123.201678,secondary_arterial,0,0,2,0.4,2.5,0.6,0.0,2.0,-1.9,0.06,3547,2868
LOGAN ST & SW MARINE DR,49.206825,-123.125057,arterial,0,0,2,2.0,4.2,2.3,0.0,5.0,-1.9,0.037,3548,1508
LORD ST & SW MARINE DR,49.209733,-123.118299,arterial,0,0,2,2.0,4.2,2.3,0.0,5.0,-1.9,0.037,3549,1509
MANSON ST & W 41ST AVE,49.233722,-123.119391,arterial,0,0,2,2.0,4.2,2.3,0.0,5.0,-1.9,0.037,3550,1511
MARGUERITE ST & W 49TH AVE,49.227028,-123.144984,secondary_arterial,0,0,2,0.4,2.5,0.6,0.0,2.0,-1.9,0.06,3551,2879
MAXINE LANE & THURLOW ST,49.279335,-123.132781,arterial,0,0,2,2.0,4.2,2.3,0.0,5.0,-1.9,0.037,3552,1512
MONTCALM ST & PARK DR,49.215988,-123.135502,secondary_arterial,0,0,2,0.4,2.5,0.6,0.0,2.0,-1.9,0.06,3553,2882
NANAIMO ST & TURNER ST,49.279108,-123.056554,arterial,0,0,2,2.0,4.2,2.3,0.0,5.0,-1.9,0.037,3554,1514
OAK ST & W 51ST AVE,49.224795,-123.128393,arterial,0,0,2,2.0,4.2,2.3,0.0,5.0,-1.9,0.037,3555,1515
OLYMPIC ST & SW MARINE DR,49.232212,-123.189629,arterial,0,0,2,2.0,4.2,2.3,0.0,5.0,-1.9,0.037,3556,1516
POWELL ST & VERNON DR,49.282926,-123.079164,arterial,0,0,2,2.0,4.2,2.3,0.0,5.0,-1.9,0.037,3557,1517
QUESNEL DR & W 16TH AVE,49.257773,-123.18046,secondary_arterial,0,0,2,0.4,2.5,0.6,0.0,2.0,-1.9,0.06,3558,2895
RENFREW ST & WILLIAM ST,49.274203,-123.044127,secondary_arterial,0,0,2,0.4,2.5,0.6,0.0,2.0,-1.9,0.06,3559,2896
SLOCAN ST & VANNESS AVE,49.245856,-123.049655,secondary_arterial,0,0,2,0.4,2.5,0.6,0.0,2.0,-1.9,0.06,3560,2904
W 16TH AVE & WATERLOO ST,49.257949,-123.180049,secondary_arterial,0,0,2,0.4,2.5,0.6,0.0,2.0,-1.9,0.06,3561,2923
W 38TH AVE & WEST BOULEVARD,49.237316,-123.155479,arterial,0,0,2,2.0,4.2,2.3,0.0,5.0,-1.9,0.037,3562,1519
W 51ST AVE & WEST BOULEVARD,49.224956,-123.153986,secondary_arterial,0,0,2,0.4,2.5,0.6,0.0,2.0,-1.9,0.06,3563,2926
BALSAM ST & W 4TH AVE,49.26825,-123.159845,arterial,1,0,2,14.6,17.9,15.9,9.0,24.0,-2.0,0.009,3564,345
BEATTY ST & SMITHE ST,49.276538,-123.115575,arterial,1,0,2,14.6,17.9,15.9,9.0,24.0,-2.0,0.009,3565,346
CARRALL ST & E HASTINGS ST & W HASTINGS ST,49.281474,-123.104327,arterial,1,0,3,20.6,24.5,22.5,14.0,32.0,-2.0,0.007,3566,234
E 12TH AVE & SOPHIA ST,49.260188,-123.098306,secondary_arterial,1,0,2,8.0,10.7,8.7,4.0,15.0,-2.0,0.015,3567,613
HELMCKEN ST & HOWE ST,49.278846,-123.125624,arterial,1,0,2,14.6,17.9,15.9,9.0,24.0,-2.0,0.009,3568,349
MIDLOTHIAN AVE & W 29TH AVE & YUKON ST,49.245104,-123.112364,secondary_arterial,0,0,3,1.2,3.4,1.4,0.0,4.0,-2.0,0.045,3569,1894
BATTISON ST & KINGSWAY,49.231971,-123.030602,arterial,0,0,2,1.8,4.2,2.0,0.0,5.0,-2.1,0.037,3570,1573
BURRARD ST & PANTAGES LANE,49.278739,-123.129703,arterial,0,0,2,1.8,4.2,2.0,0.0,5.0,-2.1,0.037,3571,1576
CAMBIE ST & W 50TH AVE,49.225191,-123.116563,arterial,0,0,2,1.8,4.2,2.0,0.0,5.0,-2.1,0.037,3572,1577
CAMBIE ST & W 61ST AVE,49.215002,-123.116942,arterial,0,0,2,1.8,4.2,2.0,0.0,5.0,-2.1,0.037,3573,1578
CENTRAL ST & MAIN ST,49.271594,-123.100337,arterial,0,0,2,1.8,4.2,2.0,0.0,5.0,-2.1,0.037,3574,1579
COLLEGE ST & E 41ST AVE,49.232947,-123.044505,arterial,0,0,2,1.8,4.2,2.0,0.0,5.0,-2.1,0.037,3575,1580
CORNWALL AVE & LARCH ST,49.272694,-123.162103,arterial,0,0,2,1.8,4.2,2.0,0.0,5.0,-2.1,0.037,3576,1582
DUNBAR ST & W 21ST AVE,49.253762,-123.185165,arterial,0,0,2,1.8,4.2,2.0,0.0,5.0,-2.1,0.037,3577,1583
DUNBAR ST & W 37TH AVE,49.238574,-123.185249,arterial,0,0,2,1.8,4.2,2.0,0.0,5.0,-2.1,0.037,3578,1584
E 17TH AVE & NANAIMO ST,49.255078,-123.056633,arterial,0,0,2,1.8,4.2,2.0,0.0,5.0,-2.1,0.037,3579,1586
E 35TH AVE & MAIN ST,49.239058,-123.101563,arterial,0,0,2,1.8,4.2,2.0,0.0,5.0,-2.1,0.037,3580,1590
E 41ST AVE & LANCASTER ST,49.232937,-123.041711,arterial,0,0,2,1.8,4.2,2.0,0.0,5.0,-2.1,0.037,3581,1591
E 58TH AVE & MAIN ST,49.217607,-123.10192,arterial,0,0,2,1.8,4.2,2.0,0.0,5.0,-2.1,0.037,3582,1595
E HASTINGS ST & KOOTENAY AND HASTINGS LOOP,49.281133,-123.026567,arterial,0,0,2,1.8,4.2,2.0,0.0,5.0,-2.1,0.037,3583,1601
E KING EDWARD AVE & ST CATHERINES ST,49.248592,-123.085847,arterial,0,0,2,1.8,4.2,2.0,0.0,5.0,-2.1,0.037,3584,1602
GALT ST & NANAIMO ST,49.242602,-123.057357,arterial,0,0,2,1.8,4.2,2.0,0.0,5.0,-2.1,0.037,3585,1604
GRANVILLE ST & MINTO CRES,49.242821,-123.139234,arterial,0,0,2,1.8,4.2,2.0,0.0,5.0,-2.1,0.037,3586,1606
GRAVELEY ST & NANAIMO ST,49.270405,-123.056597,arterial,0,0,2,1.8,4.2,2.0,0.0,5.0,-2.1,0.037,3587,1607
HELMCKEN ST & MAINLAND ST,49.275573,-123.120522,arterial,0,0,2,1.8,4.2,2.0,0.0,5.0,-2.1,0.037,3588,1608
KINGSWAY & PRINCE EDWARD ST,49.259613,-123.096316,arterial,0,0,2,1.8,4.2,2.0,0.0,5.0,-2.1,0.037,3589,1610
MARGUERITE ST & W 41ST AVE,49.234413,-123.144722,arterial,0,0,2,1.8,4.2,2.0,0.0,5.0,-2.1,0.037,3590,1613
MARINE CRES & SW MARINE DR,49.224215,-123.163984,arterial,0,0,2,1.8,4.2,2.0,0.0,5.0,-2.1,0.037,3591,1614
SASAMAT ST & W 4TH AVE,49.269017,-123.208928,arterial,0,0,2,1.8,4.2,2.0,0.0,5.0,-2.1,0.037,3592,1616
STOVOLD LANE & THURLOW ST,49.283572,-123.1264,arterial,0,0,2,1.8,4.2,2.0,0.0,5.0,-2.1,0.037,3593,1617
TRAFALGAR ST & W 41ST AVE,49.234729,-123.165832,arterial,0,0,2,1.8,4.2,2.0,0.0,5.0,-2.1,0.037,3594,1618
W KING EDWARD AVE & WALLACE ST,49.250076,-123.190865,arterial,0,0,2,1.8,4.2,2.0,0.0,5.0,-2.1,0.037,3595,1622
BALSAM PL & W 49TH AVE,49.227245,-123.161964,secondary_arterial,0,0,2,0.2,2.5,0.4,0.0,2.0,-2.2,0.06,3596,3032
BALSAM ST & W 49TH AVE,49.227236,-123.161294,secondary_arterial,0,0,2,0.2,2.5,0.4,0.0,2.0,-2.2,0.06,3597,3035
BAYSWATER ST & POINT GREY RD,49.271078,-123.170986,secondary_arterial,0,0,2,0.2,2.5,0.4,0.0,2.0,-2.2,0.06,3598,3039
BEECHWOOD ST & W 49TH AVE,49.227182,-123.156331,secondary_arterial,0,0,2,0.2,2.5,0.4,0.0,2.0,-2.2,0.06,3599,3047
BLENHEIM ST & POINT GREY RD,49.271537,-123.177612,secondary_arterial,0,0,2,0.2,2.5,0.4,0.0,2.0,-2.2,0.06,3600,3053
BONSAI ST & W 16TH AVE,49.257579,-123.16773,secondary_arterial,0,0,2,0.2,2.5,0.4,0.0,2.0,-2.2,0.06,3601,3057
BROOKS ST & E 54TH AVE,49.220136,-123.035277,secondary_arterial,0,0,2,0.2,2.5,0.4,0.0,2.0,-2.2,0.06,3602,3065
COMMERCIAL DR & E 10TH AVE,49.26138,-123.069805,secondary_arterial,1,0,2,7.8,10.7,8.5,4.0,14.0,-2.2,0.015,3603,629
CROMPTON ST & E KENT AVE S,49.208804,-123.080804,secondary_arterial,0,0,2,0.2,2.5,0.4,0.0,2.0,-2.2,0.06,3604,3152
DURWARD AVE & FRASER ST,49.24085,-123.09036,secondary_arterial,0,0,2,0.2,2.5,0.4,0.0,2.0,-2.2,0.06,3605,3187
E 17TH AVE & E 17TH ST & KNIGHT ST,49.255317,-123.075941,arterial,0,0,3,3.2,5.7,3.5,1.0,7.0,-2.2,0.028,3606,1199
E KENT AVE S & PRINCE EDWARD ST,49.207302,-123.098547,secondary_arterial,0,0,2,0.2,2.5,0.4,0.0,2.0,-2.2,0.06,3607,3324
ELLIOTT ST & WAVERLEY AVE,49.226764,-123.054664,collector,1,0,2,2.6,5.1,2.9,0.0,6.0,-2.2,0.03,3608,1329
GRANT ST & VICTORIA DR,49.271281,-123.065738,collector,1,0,2,2.6,5.1,2.9,0.0,6.0,-2.2,0.03,3609,1331
GRANVILLE ST & W 15TH AVE,49.258014,-123.138741,arterial,1,0,2,14.4,17.9,15.7,9.0,24.0,-2.2,0.009,3610,352
LIME ST & W 49TH AVE,49.227193,-123.157648,secondary_arterial,0,0,2,0.2,2.5,0.4,0.0,2.0,-2.2,0.06,3611,3423
MACDONALD ST & W 18TH AVE,49.256407,-123.167987,secondary_arterial,0,0,2,0.2,2.5,0.4,0.0,2.0,-2.2,0.06,3612,3425
MANITOBA ST & W KENT AVE S,49.206394,-123.109217,secondary_arterial,0,0,2,0.2,2.5,0.4,0.0,2.0,-2.2,0.06,3613,3438
ADERA ST & SW MARINE DR,49.208572,-123.143732,arterial,0,0,2,1.6,4.2,1.8,0.0,5.0,-2.3,0.037,3614,1640
ASH ST & W 41ST AVE,49.23366,-123.117864,arterial,0,0,2,1.6,4.2,1.8,0.0,5.0,-2.3,0.037,3615,1645
BEACH AVE & BURNABY ST,49.286283,-123.14249,arterial,0,0,2,1.6,4.2,1.8,0.0,5.0,-2.3,0.037,3616,1647
CENTRAL ST & QUEBEC ST,49.271882,-123.101817,arterial,0,0,2,1.6,4.2,1.8,0.0,5.0,-2.3,0.037,3617,1651
CLARK DR & FRANKLIN ST,49.282255,-123.076994,arterial,0,0,2,1.6,4.2,1.8,0.0,5.0,-2.3,0.037,3618,1654
DENMAN ST & JEPSON-YOUNG LANE,49.288306,-123.140247,arterial,0,0,2,1.6,4.2,1.8,0.0,5.0,-2.3,0.037,3619,1658
DUNBAR ST & W 40TH AVE,49.2357,-123.185302,arterial,0,0,2,1.6,4.2,1.8,0.0,5.0,-2.3,0.037,3620,1659
E 11TH AVE & NANAIMO ST,49.260227,-123.056622,arterial,0,0,2,1.6,4.2,1.8,0.0,5.0,-2.3,0.037,3621,1660
E 41ST AVE & MCKINNON ST,49.232933,-123.038779,arterial,0,0,2,1.6,4.2,1.8,0.0,5.0,-2.3,0.037,3622,1664
E 42ND AVE & MAIN ST,49.231708,-123.101446,arterial,0,0,2,1.6,4.2,1.8,0.0,5.0,-2.3,0.037,3623,1665
E BROADWAY & SEMLIN DR,49.26231,-123.063969,arterial,0,0,2,1.6,4.2,1.8,0.0,5.0,-2.3,0.037,3624,1673
GUELPH ST & KINGSWAY,49.258908,-123.095033,arterial,0,0,2,1.6,4.2,1.8,0.0,5.0,-2.3,0.037,3625,1674
HAMILTON ST & HELMCKEN ST,49.275925,-123.121068,arterial,0,0,2,1.6,4.2,1.8,0.0,5.0,-2.3,0.037,3626,1675
MAPLE CRES & W KING EDWARD AVE,49.250876,-123.151443,arterial,0,0,2,1.6,4.2,1.8,0.0,5.0,-2.3,0.037,3627,1677
NANAIMO ST & ST LAWRENCE ST,49.24343,-123.056618,arterial,0,0,2,1.6,4.2,1.8,0.0,5.0,-2.3,0.037,3628,1679
OAK ST & W 53RD AVE,49.222811,-123.128482,arterial,0,0,2,1.6,4.2,1.8,0.0,5.0,-2.3,0.037,3629,1680
OLYMPIC ST & W 41ST AVE,49.234781,-123.189627,arterial,0,0,2,1.6,4.2,1.8,0.0,5.0,-2.3,0.037,3630,1681
OSLER ST & W 41ST AVE,49.23402,-123.13038,arterial,0,0,2,1.6,4.2,1.8,0.0,5.0,-2.3,0.037,3631,1683
SCOTIA ST & TERMINAL AVE,49.271985,-123.095463,arterial,0,0,2,1.6,4.2,1.8,0.0,5.0,-2.3,0.037,3632,1686
SW MARINE DR & W 59TH AVE,49.217704,-123.157003,arterial,0,0,2,1.6,4.2,1.8,0.0,5.0,-2.3,0.037,3633,1687
BLENHEIM ST & W 43RD AVE,49.232848,-123.178697,collector,1,0,2,2.4,5.1,2.7,0.0,6.0,-2.4,0.03,3634,1372
CLARENDON ST & E 33RD AVE,49.239772,-123.055455,secondary_arterial,1,0,2,7.6,10.7,8.3,3.0,14.0,-2.4,0.015,3635,650
CLARK DR & E 14TH AVE & KNIGHT ST,49.257816,-123.07692,arterial,0,0,3,3.0,5.7,3.3,0.0,7.0,-2.4,0.028,3636,1233
COMMERCIAL DR & POWELL ST,49.283863,-123.070348,arterial,1,0,2,14.2,17.9,15.5,8.0,24.0,-2.4,0.009,3637,358
DUMFRIES ST & E 33RD AVE,49.240186,-123.07382,secondary_arterial,1,0,2,7.6,10.7,8.3,3.0,14.0,-2.4,0.015,3638,651
DUNDEE ST & KINGSWAY & MOSS ST,49.237064,-123.047628,arterial,0,0,3,3.0,5.7,3.3,0.0,7.0,-2.4,0.028,3639,1236
E 49TH AVE & KILLARNEY ST,49.224744,-123.045697,secondary_arterial,1,0,2,7.6,10.7,8.3,3.0,14.0,-2.4,0.015,3640,652
MIDLOTHIAN AVE & W 33RD AVE & PARK ACCESS,49.240779,-123.106629,secondary_arterial,0,0,3,0.8,3.4,1.0,0.0,3.0,-2.4,0.045,3641,2203
ALMA ST & SW MARINE DR,49.231184,-123.18687,arterial,0,0,2,1.4,4.2,1.6,0.0,4.0,-2.6,0.037,3642,1722
ALMA ST & W 12TH AVE,49.261668,-123.185915,arterial,0,0,2,1.4,4.2,1.6,0.0,4.0,-2.6,0.037,3643,1723
ALMA ST & W 8TH AVE,49.265246,-123.185828,arterial,0,0,2,1.4,4.2,1.6,0.0,4.0,-2.6,0.037,3644,1724
ANDERSON ST & CARTWRIGHT ST & DURANLEAU ST,49.270629,-123.136053,arterial,0,0,3,2.8,5.7,3.1,0.0,7.0,-2.6,0.028,3645,1267
ANDERSON ST & ISLAND PARK WALK,49.269956,-123.137115,arterial,0,0,2,1.4,4.2,1.6,0.0,4.0,-2.6,0.037,3646,1725
ARBUTUS ST & W 18TH AVE,49.256197,-123.152873,arterial,0,0,2,1.4,4.2,1.6,0.0,4.0,-2.6,0.037,3647,1726
ARBUTUS ST & W 21ST AVE,49.25349,-123.15297,arterial,0,0,2,1.4,4.2,1.6,0.0,4.0,-2.6,0.037,3648,1727
ARGYLE ST & E KENT AVE S,49.20869,-123.071319,arterial,0,0,2,1.4,4.2,1.6,0.0,4.0,-2.6,0.037,3649,1729
BEATTY ST & W GEORGIA ST,49.27871,-123.112254,arterial,1,0,2,14.0,17.9,15.3,8.0,23.0,-2.6,0.009,3650,359
BURRARD ST & HENSHAW LANE,49.28086,-123.126524,arterial,0,0,2,1.4,4.2,1.6,0.0,4.0,-2.6,0.037,3651,1731
CAMBIE ST & W 10TH AVE,49.262239,-123.114914,arterial,1,0,2,14.0,17.9,15.3,8.0,23.0,-2.6,0.009,3652,360
CAMBIE ST & W 46TH AVE,49.228806,-123.116253,arterial,0,0,2,1.4,4.2,1.6,0.0,4.0,-2.6,0.037,3653,1732
CAMBIE ST & W 58TH AVE,49.217807,-123.11671,arterial,0,0,2,1.4,4.2,1.6,0.0,4.0,-2.6,0.037,3654,1733
CAMBIE ST & W 65TH AVE,49.211423,-123.117229,arterial,0,0,2,1.4,4.2,1.6,0.0,4.0,-2.6,0.037,3655,1734
CAROLINA ST & E KING EDWARD AVE,49.248665,-123.092139,arterial,0,0,2,1.4,4.2,1.6,0.0,4.0,-2.6,0.037,3656,1735
DENMAN ST & HENSHAW LANE,49.289052,-123.139117,arterial,0,0,2,1.4,4.2,1.6,0.0,4.0,-2.6,0.037,3657,1739
DOGWOOD AVE & GRANVILLE ST,49.223515,-123.139947,arterial,0,0,2,1.4,4.2,1.6,0.0,4.0,-2.6,0.037,3658,1741
DUMFRIES ST & E 49TH AVE,49.225266,-123.074542,secondary_arterial,1,0,2,7.4,10.7,8.1,3.0,14.0,-2.6,0.015,3659,670
DUNBAR ST & W 24TH AVE,49.251052,-123.185189,arterial,0,0,2,1.4,4.2,1.6,0.0,4.0,-2.6,0.037,3660,1742
E 13TH AVE & KINGSWAY,49.259248,-123.095797,arterial,0,0,2,1.4,4.2,1.6,0.0,4.0,-2.6,0.037,3661,1743
E 21ST AVE & NANAIMO ST,49.251525,-123.056597,arterial,0,0,2,1.4,4.2,1.6,0.0,4.0,-2.6,0.037,3662,1744
E 23RD AVE & NANAIMO ST,49.2497,-123.05662,arterial,0,0,2,1.4,4.2,1.6,0.0,4.0,-2.6,0.037,3663,1745
E 24TH AVE & KNIGHT ST,49.248981,-123.076162,arterial,0,0,2,1.4,4.2,1.6,0.0,4.0,-2.6,0.037,3664,1746
E 29TH AVE & MAIN ST,49.244458,-123.101309,arterial,1,0,2,14.0,17.9,15.3,8.0,23.0,-2.6,0.009,3665,362
E 38TH AVE & MAIN ST,49.23634,-123.101665,arterial,0,0,2,1.4,4.2,1.6,0.0,4.0,-2.6,0.037,3666,1748
E 52ND AVE & MAIN ST,49.222843,-123.101717,arterial,0,0,2,1.4,4.2,1.6,0.0,4.0,-2.6,0.037,3667,1751
E 5TH AVE & NANAIMO ST,49.265818,-123.056585,arterial,0,0,2,1.4,4.2,1.6,0.0,4.0,-2.6,0.037,3668,1753
E 60TH AVE & MAIN ST,49.215818,-123.101991,arterial,0,0,2,1.4,4.2,1.6,0.0,4.0,-2.6,0.037,3669,1754
E KENT AVE N & KERR ST,49.206787,-123.042257,arterial,0,0,2,1.4,4.2,1.6,0.0,4.0,-2.6,0.037,3670,1755
FAIRMONT ST & KINGSWAY,49.236702,-123.046693,arterial,0,0,2,1.4,4.2,1.6,0.0,4.0,-2.6,0.037,3671,1759
FRASER ST & GREAT NORTHERN WAY,49.266691,-123.089053,arterial,0,0,2,1.4,4.2,1.6,0.0,4.0,-2.6,0.037,3672,1760
GRANVILLE ST & W 14TH AVE,49.258921,-123.138726,arterial,1,0,2,14.0,17.9,15.3,8.0,23.0,-2.6,0.009,3673,364
GRANVILLE ST & W 56TH AVE,49.219897,-123.140104,arterial,0,0,2,1.4,4.2,1.6,0.0,4.0,-2.6,0.037,3674,1761
HARO ST & THURLOW ST,49.283895,-123.125911,arterial,1,0,2,14.0,17.9,15.3,8.0,23.0,-2.6,0.009,3675,366
KERR ST & ROSEMONT DR,49.215498,-123.041517,arterial,0,0,2,1.4,4.2,1.6,0.0,4.0,-2.6,0.037,3676,1764
MANITOBA ST & W 12TH AVE,49.260314,-123.106987,secondary_arterial,1,0,2,7.4,10.7,8.1,3.0,14.0,-2.6,0.015,3677,674
NANAIMO ST & WILLIAM ST,49.274154,-123.056579,arterial,0,0,2,1.4,4.2,1.6,0.0,4.0,-2.6,0.037,3678,1765
RUPERT ST & VANNESS AVE,49.240697,-123.037758,secondary_arterial,1,0,2,7.4,10.7,8.1,3.0,14.0,-2.6,0.015,3679,675
STANLEY PARK CAUSEWAY & STANLEY PARK DR OFFRAMP,49.310161,-123.143364,none,0,1,2,2.6,5.5,2.9,0.0,6.0,-2.6,0.029,3680,1339
ABBOTT ST & EXPO BLVD & PAT QUINN WAY,49.278645,-123.107641,arterial,1,0,3,20.0,24.5,21.8,13.0,32.0,-2.7,0.007,3681,243
ADERA ST & W 41ST AVE,49.234392,-123.143334,arterial,0,0,2,1.2,4.2,1.4,0.0,4.0,-2.8,0.037,3682,1816
ALMA ST & W 11TH AVE,49.262547,-123.18592,arterial,0,0,2,1.2,4.2,1.4,0.0,4.0,-2.8,0.037,3683,1819
ALMA ST & W 7TH AVE,49.266068,-123.185795,arterial,0,0,2,1.2,4.2,1.4,0.0,4.0,-2.8,0.037,3684,1820
ARBUTUS ST & W 35TH AVE,49.240254,-123.155292,arterial,0,0,2,1.2,4.2,1.4,0.0,4.0,-2.8,0.037,3685,1821
BALDWIN ST & KINGSWAY,49.242353,-123.059161,arterial,0,0,2,1.2,4.2,1.4,0.0,4.0,-2.8,0.037,3686,1822
BEACH AVE & NICOLA ST,49.282365,-123.140722,arterial,0,0,2,1.2,4.2,1.4,0.0,4.0,-2.8,0.037,3687,1825
BLENHEIM ST & W 12TH AVE,49.261529,-123.177919,arterial,0,0,2,1.2,4.2,1.4,0.0,4.0,-2.8,0.037,3688,1829
CAMBIE ST & W 38TH AVE,49.236296,-123.115959,arterial,0,0,2,1.2,4.2,1.4,0.0,4.0,-2.8,0.037,3689,1833
CARTIER ST & W KING EDWARD AVE,49.249357,-123.136705,arterial,0,0,2,1.2,4.2,1.4,0.0,4.0,-2.8,0.037,3690,1836
CLARK DR & E KING EDWARD AVE,49.248534,-123.078088,arterial,0,0,2,1.2,4.2,1.4,0.0,4.0,-2.8,0.037,3691,1840
DRAKE ST & HAMILTON ST,49.273819,-123.124273,arterial,0,0,2,1.2,4.2,1.4,0.0,4.0,-2.8,0.037,3692,1847
DUNBAR ST & W 15TH AVE,49.2589,-123.184013,arterial,0,0,2,1.2,4.2,1.4,0.0,4.0,-2.8,0.037,3693,1849
DUNBAR ST & W 20TH AVE,49.254683,-123.185141,arterial,0,0,2,1.2,4.2,1.4,0.0,4.0,-2.8,0.037,3694,1850
DUNBAR ST & W 22ND AVE,49.252857,-123.185172,arterial,0,0,2,1.2,4.2,1.4,0.0,4.0,-2.8,0.037,3695,1851
DUNBAR ST & W 38TH AVE,49.237662,-123.185257,arterial,0,0,2,1.2,4.2,1.4,0.0,4.0,-2.8,0.037,3696,1852
DUNSMUIR VIADUCT & EXPO BLVD,49.278657,-123.108698,arterial,0,0,2,1.2,4.2,1.4,0.0,4.0,-2.8,0.037,3697,1854
E 17TH AVE & KINGSWAY & PRINCE ALBERT ST,49.255544,-123.087472,arterial,0,0,3,2.6,5.7,2.9,0.0,6.0,-2.8,0.028,3698,1319
E 26TH AVE & KNIGHT ST,49.247501,-123.076121,arterial,0,0,2,1.2,4.2,1.4,0.0,4.0,-2.8,0.037,3699,1857
E 65TH AVE & MAIN ST,49.211787,-123.102182,arterial,0,0,2,1.2,4.2,1.4,0.0,4.0,-2.8,0.037,3700,1873
E 69TH AVE & MAIN ST,49.209332,-123.102331,arterial,0,0,2,1.2,4.2,1.4,0.0,4.0,-2.8,0.037,3701,1874
E WOODSTOCK AVE & MAIN ST,49.233587,-123.101542,arterial,0,0,2,1.2,4.2,1.4,0.0,4.0,-2.8,0.037,3702,1876
EVELEIGH ST & THURLOW ST,49.287208,-123.120861,arterial,0,0,2,1.2,4.2,1.4,0.0,4.0,-2.8,0.037,3703,1878
HEATHER ST & W BROADWAY,49.263294,-123.119894,arterial,1,0,2,13.8,17.9,15.1,8.0,23.0,-2.8,0.009,3704,368
LABURNUM ST & W 41ST AVE,49.234507,-123.150603,arterial,0,0,2,1.2,4.2,1.4,0.0,4.0,-2.8,0.037,3705,1884
LAHB AVE & YEW ST,49.248482,-123.154677,arterial,0,0,2,1.2,4.2,1.4,0.0,4.0,-2.8,0.037,3706,1885
NANAIMO ST & PARKER ST,49.275733,-123.056571,arterial,0,0,2,1.2,4.2,1.4,0.0,4.0,-2.8,0.037,3707,1895
PACIFIC ST & ROLSTON ST,49.274694,-123.128854,arterial,0,0,2,1.2,4.2,1.4,0.0,4.0,-2.8,0.037,3708,1899
PINE CRES & W KING EDWARD AVE,49.249549,-123.147525,arterial,0,0,2,1.2,4.2,1.4,0.0,4.0,-2.8,0.037,3709,1900
SW MARINE DR & W 48TH AVE,49.228589,-123.174664,arterial,0,0,2,1.2,4.2,1.4,0.0,4.0,-2.8,0.037,3710,1902
TED NORTHE LANE & THURLOW ST,49.282882,-123.127448,arterial,0,0,2,1.2,4.2,1.4,0.0,4.0,-2.8,0.037,3711,1903
W KING EDWARD AVE & YEW ST,49.251202,-123.155684,arterial,0,0,2,1.2,4.2,1.4,0.0,4.0,-2.8,0.037,3712,1913
ATLIN ST & E 29TH AVE,49.244598,-123.045875,collector,1,0,2,2.0,5.1,2.3,0.0,5.0,-2.9,0.03,3713,1478
E 38TH AVE & VICTORIA DR,49.235922,-123.065471,secondary_arterial,1,0,2,7.2,10.7,7.9,3.0,14.0,-2.9,0.015,3714,686
LAUREL ST & W 57TH AVE,49.219173,-123.126122,collector,1,0,2,2.0,5.1,2.3,0.0,5.0,-2.9,0.03,3715,1506
RUPERT ST & WELLINGTON AVE,49.242485,-123.036012,secondary_arterial,1,0,2,7.2,10.7,7.9,3.0,14.0,-2.9,0.015,3716,692
ALMA ST & W 3RD AVE,49.269525,-123.185669,arterial,0,0,2,1.0,4.2,1.2,0.0,4.0,-3.0,0.037,3717,1934
ALMA ST & W 41ST AVE,49.234783,-123.186817,arterial,0,0,2,1.0,4.2,1.2,0.0,4.0,-3.0,0.037,3718,1935
ARBUTUS ST & W 19TH AVE,49.255288,-123.152904,arterial,0,0,2,1.0,4.2,1.2,0.0,4.0,-3.0,0.037,3719,1940
ARBUTUS ST & W 32ND AVE,49.243025,-123.153441,arterial,0,0,2,1.0,4.2,1.2,0.0,4.0,-3.0,0.037,3720,1941
BALKAN ST & E KING EDWARD AVE,49.248701,-123.095455,arterial,0,0,2,1.0,4.2,1.2,0.0,4.0,-3.0,0.037,3721,1943
BALSAM ST & SW MARINE DR,49.222529,-123.161595,arterial,0,0,2,1.0,4.2,1.2,0.0,4.0,-3.0,0.037,3722,1944
BURRARD ST & EIHU LANE,49.283645,-123.122239,arterial,0,0,2,1.0,4.2,1.2,0.0,4.0,-3.0,0.037,3723,1947
BURRARD ST & ROSEMARY BROWN LANE,49.282918,-123.123359,arterial,0,0,2,1.0,4.2,1.2,0.0,4.0,-3.0,0.037,3724,1948
BUTE ST & EIHU LANE,49.286371,-123.126425,arterial,0,0,2,1.0,4.2,1.2,0.0,4.0,-3.0,0.037,3725,1949
CAMBIE ST & MCGUIGAN AVE,49.240397,-123.118341,arterial,0,0,2,1.0,4.2,1.2,0.0,4.0,-3.0,0.037,3726,1950
CAMBIE ST & W 18TH AVE,49.254903,-123.11516,arterial,1,0,2,13.6,17.9,14.8,8.0,23.0,-3.0,0.009,3727,369
CAMBIE ST & W 62ND AVE,49.214122,-123.117111,arterial,0,0,2,1.0,4.2,1.2,0.0,4.0,-3.0,0.037,3728,1951
CONTINENTAL ST & DRAKE ST,49.276458,-123.128326,arterial,0,0,2,1.0,4.2,1.2,0.0,4.0,-3.0,0.037,3729,1963
DUNBAR ST & W 19TH AVE,49.255567,-123.185135,arterial,0,0,2,1.0,4.2,1.2,0.0,4.0,-3.0,0.037,3730,1971
DUNBAR ST & W 32ND AVE,49.243323,-123.185245,arterial,0,0,2,1.0,4.2,1.2,0.0,4.0,-3.0,0.037,3731,1972
DUNBAR ST & W 34TH AVE,49.241419,-123.185245,arterial,0,0,2,1.0,4.2,1.2,0.0,4.0,-3.0,0.037,3732,1973
E 30TH AVE & KNIGHT ST,49.243683,-123.076338,arterial,0,0,2,1.0,4.2,1.2,0.0,4.0,-3.0,0.037,3733,1988
E HASTINGS ST & PRINCESS AVE,49.281196,-123.091467,arterial,1,0,2,13.6,17.9,14.8,8.0,23.0,-3.0,0.009,3734,371
GRANDVIEW VIADUCT & TERMINAL AVE,49.270172,-123.084452,arterial,0,0,2,1.0,4.2,1.2,0.0,4.0,-3.0,0.037,3735,2012
HEMLOCK ST & W 5TH AVE,49.266733,-123.136054,arterial,0,0,2,1.0,4.2,1.2,0.0,4.0,-3.0,0.037,3736,2014
HENSHAW LANE & THURLOW ST,49.282128,-123.128593,arterial,0,0,2,1.0,4.2,1.2,0.0,4.0,-3.0,0.037,3737,2015
KINGSWAY & MCHARDY ST,49.235384,-123.038735,arterial,0,0,2,1.0,4.2,1.2,0.0,4.0,-3.0,0.037,3738,2019
KINGSWAY & SOPHIA ST,49.261563,-123.098258,arterial,0,0,2,1.0,4.2,1.2,0.0,4.0,-3.0,0.037,3739,2020
NELSON ST & RICHARDS ST,49.277982,-123.12108,arterial,1,0,2,13.6,17.9,14.8,8.0,23.0,-3.0,0.009,3740,373
OAK ST & W 42ND AVE,49.23301,-123.128112,arterial,0,0,2,1.0,4.2,1.2,0.0,4.0,-3.0,0.037,3741,2027
COMMERCIAL DR & NAPIER ST,49.274864,-123.069545,secondary_arterial,1,0,2,7.0,10.7,7.7,3.0,13.0,-3.1,0.015,3742,697
E 22ND AVE & VICTORIA DR,49.250266,-123.06503,secondary_arterial,1,0,2,7.0,10.7,7.7,3.0,13.0,-3.1,0.015,3743,703
ARBUTUS ST & W 14TH AVE,49.259145,-123.153115,arterial,0,0,2,0.8,4.2,1.0,0.0,3.0,-3.2,0.037,3744,2148
ARLINGTON ST & CHAMPLAIN CRES,49.219031,-123.032401,arterial,0,0,2,0.8,4.2,1.0,0.0,3.0,-3.2,0.037,3745,2149
BALACLAVA ST & W KING EDWARD AVE,49.250018,-123.175677,arterial,0,0,2,0.8,4.2,1.0,0.0,3.0,-3.2,0.037,3746,2150
BROUGHTON ST & EIHU LANE,49.288294,-123.129344,arterial,0,0,2,0.8,4.2,1.0,0.0,3.0,-3.2,0.037,3747,2155
CAMPBELL AVE & E CORDOVA ST,49.28201,-123.084754,arterial,0,0,2,0.8,4.2,1.0,0.0,3.0,-3.2,0.037,3748,2156
CEDAR COTTAGE MEWS & KNIGHT ST,49.249263,-123.076025,arterial,0,0,2,0.8,4.2,1.0,0.0,3.0,-3.2,0.037,3749,2158
CHESTNUT ST & CORNWALL AVE,49.272444,-123.14634,arterial,0,0,2,0.8,4.2,1.0,0.0,3.0,-3.2,0.037,3750,2159
CLARK DR & E 13TH AVE,49.258737,-123.077586,arterial,0,0,2,0.8,4.2,1.0,0.0,3.0,-3.2,0.037,3751,2160
COAL HARBOUR QUAY & NICOLA ST,49.2911,-123.127533,arterial,0,0,2,0.8,4.2,1.0,0.0,3.0,-3.2,0.037,3752,2161
CORNWALL AVE & LABURNUM ST,49.272531,-123.151417,arterial,0,0,2,0.8,4.2,1.0,0.0,3.0,-3.2,0.037,3753,2163
DENMAN ST & STOVOLD LANE,49.29041,-123.137057,arterial,0,0,2,0.8,4.2,1.0,0.0,3.0,-3.2,0.037,3754,2165
DUNSMUIR ST & ST REGIS LANE,49.283308,-123.115894,arterial,0,0,2,0.8,4.2,1.0,0.0,3.0,-3.2,0.037,3755,2168
E BROADWAY & WATSON ST,49.262891,-123.100284,arterial,0,0,2,0.8,4.2,1.0,0.0,3.0,-3.2,0.037,3756,2184
E KENT AVE N & ELLIOTT ST,49.20581,-123.056791,arterial,0,0,2,0.8,4.2,1.0,0.0,3.0,-3.2,0.037,3757,2185
E KENT AVE N & JELLICOE ST,49.206475,-123.047696,arterial,0,0,2,0.8,4.2,1.0,0.0,3.0,-3.2,0.037,3758,2186
E KENT AVE N & VICTORIA DR,49.207477,-123.066156,arterial,0,0,2,0.8,4.2,1.0,0.0,3.0,-3.2,0.037,3759,2188
E KING EDWARD AVE & ELGIN ST,49.248569,-123.082663,arterial,0,0,2,0.8,4.2,1.0,0.0,3.0,-3.2,0.037,3760,2190
KEEFER PL & TAYLOR ST,49.279457,-123.106113,arterial,0,0,2,0.8,4.2,1.0,0.0,3.0,-3.2,0.037,3761,2197
LOGAN ST & W 70TH AVE,49.208379,-123.124979,arterial,0,0,2,0.8,4.2,1.0,0.0,3.0,-3.2,0.037,3762,2200
SELKIRK ST & W KING EDWARD AVE,49.249274,-123.132,arterial,0,0,2,0.8,4.2,1.0,0.0,3.0,-3.2,0.037,3763,2206
SW MARINE DR & W 54TH AVE,49.221962,-123.158925,arterial,0,0,2,0.8,4.2,1.0,0.0,3.0,-3.2,0.037,3764,2207
ARGYLE ST & E 59TH AVE,49.216286,-123.071975,collector,1,0,2,1.6,5.1,1.8,0.0,5.0,-3.3,0.03,3765,1644
E 1ST AVE & LILLOOET ST,49.26947,-123.038943,arterial,1,0,2,13.4,17.9,14.6,8.0,22.0,-3.3,0.009,3766,374
E 46TH AVE & ELLIOTT ST,49.228457,-123.054655,collector,1,0,2,1.6,5.1,1.8,0.0,5.0,-3.3,0.03,3767,1666
E 59TH AVE & FRASER ST,49.21653,-123.090995,secondary_arterial,1,0,2,6.8,10.7,7.5,3.0,13.0,-3.3,0.015,3768,715
E HASTINGS ST & GORE AVE,49.281312,-123.097465,arterial,1,0,2,13.4,17.9,14.6,8.0,22.0,-3.3,0.009,3769,375
HOWE ST & W HASTINGS ST,49.285971,-123.114856,arterial,1,0,2,13.4,17.9,14.6,8.0,22.0,-3.3,0.009,3770,376
BEACH AVE & BUTE ST,49.279284,-123.137129,arterial,0,0,2,0.6,4.2,0.8,0.0,3.0,-3.4,0.037,3771,2342
BEACH AVE & DAVIE ST,49.28768,-123.142371,arterial,0,0,2,0.6,4.2,0.8,0.0,3.0,-3.4,0.037,3772,2343
BLENHEIM ST & W 11TH AVE,49.262426,-123.177881,arterial,0,0,2,0.6,4.2,0.8,0.0,3.0,-3.4,0.037,3773,2346
BRAKENRIDGE ST & W KING EDWARD AVE,49.248551,-123.162429,arterial,0,0,2,0.6,4.2,0.8,0.0,3.0,-3.4,0.037,3774,2348
CANADA PL & HOWE ST,49.287359,-123.113083,arterial,0,0,2,0.6,4.2,0.8,0.0,3.0,-3.4,0.037,3775,2350
CARDERO ST & W HASTINGS ST,49.291075,-123.129818,arterial,0,0,2,0.6,4.2,0.8,0.0,3.0,-3.4,0.037,3776,2351
CONTINENTAL ST & PACIFIC ST,49.275388,-123.130085,arterial,0,0,2,0.6,4.2,0.8,0.0,3.0,-3.4,0.037,3777,2359
DRAKE ST & ROLSTON ST,49.275756,-123.12725,arterial,0,0,2,0.6,4.2,0.8,0.0,3.0,-3.4,0.037,3778,2362
DUFF ST & SE MARINE DR,49.209103,-123.064377,arterial,0,0,2,0.6,4.2,0.8,0.0,3.0,-3.4,0.037,3779,2363
DUNBAR ST & W 35TH AVE,49.240469,-123.185246,arterial,0,0,2,0.6,4.2,0.8,0.0,3.0,-3.4,0.037,3780,2365
DUNBAR ST & W 42ND AVE,49.233797,-123.185335,arterial,0,0,2,0.6,4.2,0.8,0.0,3.0,-3.4,0.037,3781,2366
E 22ND AVE & KNIGHT ST,49.250432,-123.076006,arterial,0,0,2,0.6,4.2,0.8,0.0,3.0,-3.4,0.037,3782,2371
E 64TH AVE & SE MARINE DR,49.212187,-123.105536,arterial,0,0,2,0.6,4.2,0.8,0.0,3.0,-3.4,0.037,3783,2379
E KENT AVE N & KINROSS ST,49.206128,-123.036704,arterial,0,0,2,0.6,4.2,0.8,0.0,3.0,-3.4,0.037,3784,2381
E KENT AVE N & PIERVIEW CRES,49.206361,-123.038365,arterial,0,0,2,0.6,4.2,0.8,0.0,3.0,-3.4,0.037,3785,2382
E KENT AVE N & ROSS ST,49.208775,-123.084184,arterial,0,0,2,0.6,4.2,0.8,0.0,3.0,-3.4,0.037,3786,2383
EIHU LANE & NICOLA ST,49.288995,-123.1306,arterial,0,0,2,0.6,4.2,0.8,0.0,3.0,-3.4,0.037,3787,2385
EIHU LANE & ROBSON ST,49.286603,-123.127926,arterial,0,0,2,0.6,4.2,0.8,0.0,3.0,-3.4,0.037,3788,2386
FERNDALE ST & NANAIMO ST,49.279631,-123.056552,arterial,0,0,2,0.6,4.2,0.8,0.0,3.0,-3.4,0.037,3789,2387
GREAT NORTHERN WAY & THORNTON ST,49.26681,-123.09509,arterial,0,0,2,0.6,4.2,0.8,0.0,3.0,-3.4,0.037,3790,2390
HIGHBURY ST & W KING EDWARD AVE,49.250062,-123.188077,arterial,0,0,2,0.6,4.2,0.8,0.0,3.0,-3.4,0.037,3791,2392
NANTON AVE & YEW ST,49.247659,-123.154716,arterial,0,0,2,0.6,4.2,0.8,0.0,3.0,-3.4,0.037,3792,2400
SW MARINE DR & W 62ND AVE,49.215141,-123.154422,arterial,0,0,2,0.6,4.2,0.8,0.0,3.0,-3.4,0.037,3793,2404
TERMINAL AVE & WESTERN ST,49.272633,-123.099345,arterial,0,0,2,0.6,4.2,0.8,0.0,3.0,-3.4,0.037,3794,2405
W 2ND AVE & W 5TH AVE,49.266821,-123.114345,arterial,0,0,2,0.6,4.2,0.8,0.0,3.0,-3.4,0.037,3795,2408
ALMA ST & W BROADWAY,49.26437,-123.185879,arterial,1,0,2,13.2,17.9,14.4,8.0,22.0,-3.5,0.009,3796,377
CLARENDON ST & E 37TH AVE,49.237393,-123.055482,collector,1,0,2,1.4,5.1,1.6,0.0,4.0,-3.5,0.03,3797,1736
COLUMBIA ST & E HASTINGS ST,49.281401,-123.102263,arterial,1,0,2,13.2,17.9,14.4,8.0,22.0,-3.5,0.009,3798,378
DOUGLAS CRES & OAK ST & W 19TH AVE,49.254412,-123.12733,arterial,1,0,3,19.2,24.5,20.9,13.0,30.0,-3.5,0.007,3799,251
E 12TH AVE & GLEN DR,49.259671,-123.081442,secondary_arterial,1,0,2,6.6,10.7,7.2,3.0,13.0,-3.5,0.015,3800,739
E 36TH AVE & VICTORIA DR,49.237486,-123.065434,secondary_arterial,1,0,2,6.6,10.7,7.2,3.0,13.0,-3.5,0.015,3801,740
E 40TH AVE & VICTORIA DR,49.23392,-123.065468,secondary_arterial,1,0,2,6.6,10.7,7.2,3.0,13.0,-3.5,0.015,3802,741
HEATLEY AVE & PRIOR ST,49.276592,-123.089737,secondary_arterial,1,0,2,6.6,10.7,7.2,3.0,13.0,-3.5,0.015,3803,742
MOBERLY RD & W 6TH AVE,49.265912,-123.120548,secondary_arterial,1,0,2,6.6,10.7,7.2,3.0,13.0,-3.5,0.015,3804,743
RICHARDS ST & W GEORGIA ST,49.281213,-123.116191,arterial,1,0,2,13.2,17.9,14.4,8.0,22.0,-3.5,0.009,3805,382
ALVIN NAROD MEWS & PACIFIC BLVD,49.274495,-123.119985,arterial,0,0,2,0.4,4.2,0.6,0.0,2.0,-3.6,0.037,3806,2625
ARBUTUS GREENWAY & W 4TH AVE,49.267924,-123.140422,arterial,0,0,2,0.4,4.2,0.6,0.0,2.0,-3.6,0.037,3807,2628
ARBUTUS ST & W 36TH AVE,49.239185,-123.155376,arterial,0,0,2,0.4,4.2,0.6,0.0,2.0,-3.6,0.037,3808,2629
ATHLONE ST & W 41ST AVE,49.234228,-123.13639,arterial,0,0,2,0.4,4.2,0.6,0.0,2.0,-3.6,0.037,3809,2641
BAYSHORE DR & DENMAN ST,49.293049,-123.133094,arterial,0,0,2,0.4,4.2,0.6,0.0,2.0,-3.6,0.037,3810,2649
BEATRICE ST & E KENT AVE N,49.207975,-123.067817,arterial,0,0,2,0.4,4.2,0.6,0.0,2.0,-3.6,0.037,3811,2650
BLENHEIM ST & W 13TH AVE,49.260632,-123.177962,arterial,0,0,2,0.4,4.2,0.6,0.0,2.0,-3.6,0.037,3812,2655
BLENHEIM ST & W 15TH AVE,49.25881,-123.178046,arterial,0,0,2,0.4,4.2,0.6,0.0,2.0,-3.6,0.037,3813,2656
CAMBIE ST & W 32ND AVE,49.242176,-123.118498,arterial,0,0,2,0.4,4.2,0.6,0.0,2.0,-3.6,0.037,3814,2670
CARTIER PL & W 70TH AVE,49.208582,-123.137121,arterial,0,0,2,0.4,4.2,0.6,0.0,2.0,-3.6,0.037,3815,2678
CEDAR COTTAGE MEWS & E KING EDWARD AVE,49.248505,-123.074945,arterial,0,0,2,0.4,4.2,0.6,0.0,2.0,-3.6,0.037,3816,2680
CYPRESS CRES & CYPRESS ST & W KING EDWARD AVE,49.249673,-123.148797,arterial,0,0,3,1.8,5.7,2.1,0.0,5.0,-3.6,0.028,3817,1560
DIEPPE LANE & W 4TH AVE,49.268714,-123.19345,arterial,0,0,2,0.4,4.2,0.6,0.0,2.0,-3.6,0.037,3818,2717
DUNBAR ST & W 23RD AVE,49.251944,-123.185175,arterial,0,0,2,0.4,4.2,0.6,0.0,2.0,-3.6,0.037,3819,2724
E 59TH AVE & KERR ST,49.216505,-123.041476,arterial,0,0,2,0.4,4.2,0.6,0.0,2.0,-3.6,0.037,3820,2803
E 62ND AVE & KERR ST,49.213821,-123.041599,arterial,0,0,2,0.4,4.2,0.6,0.0,2.0,-3.6,0.037,3821,2806
E KENT AVE S & KINROSS ST,49.205827,-123.036736,arterial,0,0,2,0.4,4.2,0.6,0.0,2.0,-3.6,0.037,3822,2819
E KENT AVE S & OOLICHAN WAY,49.205249,-123.032571,arterial,0,0,2,0.4,4.2,0.6,0.0,2.0,-3.6,0.037,3823,2820
E KENT AVE S & RIVER DISTRICT CROSSING,49.205059,-123.031201,arterial,0,0,2,0.4,4.2,0.6,0.0,2.0,-3.6,0.037,3824,2821
EAST BOULEVARD & W KING EDWARD AVE,49.251522,-123.152535,arterial,0,0,2,0.4,4.2,0.6,0.0,2.0,-3.6,0.037,3825,2824
GRIFFITHS WAY & W GEORGIA ST,49.277034,-123.109177,arterial,0,0,2,0.4,4.2,0.6,0.0,2.0,-3.6,0.037,3826,2837
PRIOR ST & QUEBEC ST,49.276804,-123.102138,arterial,0,0,2,0.4,4.2,0.6,0.0,2.0,-3.6,0.037,3827,2894
SASAMAT PL & W 4TH AVE,49.269001,-123.207706,arterial,0,0,2,0.4,4.2,0.6,0.0,2.0,-3.6,0.037,3828,2899
SHAUGHNESSY ST & W KENT AVE N,49.203854,-123.127687,arterial,0,0,2,0.4,4.2,0.6,0.0,2.0,-3.6,0.037,3829,2903
ST GEORGE ST & TERMINAL AVE,49.271173,-123.090865,arterial,0,0,2,0.4,4.2,0.6,0.0,2.0,-3.6,0.037,3830,2907
SW MARINE DR & WILTSHIRE ST,49.208608,-123.146432,arterial,0,0,2,0.4,4.2,0.6,0.0,2.0,-3.6,0.037,3831,2909
ANGUS DR & SW MARINE DR,49.209472,-123.148711,arterial,1,0,2,13.0,17.9,14.2,8.0,22.0,-3.7,0.009,3832,384
BURRARD ST & W HASTINGS ST,49.287173,-123.11696,arterial,1,0,2,13.0,17.9,14.2,8.0,22.0,-3.7,0.009,3833,385
CAMBIE ST & W 19TH AVE,49.253984,-123.11521,arterial,1,0,2,13.0,17.9,14.2,8.0,22.0,-3.7,0.009,3834,386
CITY EDGE PL & SE MARINE DR,49.207969,-123.0261,collector,1,0,2,1.2,5.1,1.4,0.0,4.0,-3.7,0.03,3835,1839
COMMERCIAL DR & E 6TH AVE,49.265079,-123.06974,secondary_arterial,1,0,2,6.4,10.7,7.0,3.0,12.0,-3.7,0.015,3836,760
COMMERCIAL DR & GRANT ST,49.271372,-123.069625,secondary_arterial,1,0,2,6.4,10.7,7.0,3.0,12.0,-3.7,0.015,3837,761
DENMAN ST & NELSON ST,49.28938,-123.138616,arterial,1,0,2,13.0,17.9,14.2,8.0,22.0,-3.7,0.009,3838,387
DOMAN ST & E 49TH AVE,49.224683,-123.036634,secondary_arterial,1,0,2,6.4,10.7,7.0,3.0,12.0,-3.7,0.015,3839,762
E 19TH AVE & FRASER ST,49.253725,-123.089961,secondary_arterial,1,0,2,6.4,10.7,7.0,3.0,12.0,-3.7,0.015,3840,763
E 22ND AVE & NANAIMO ST,49.250652,-123.0566,arterial,1,0,2,13.0,17.9,14.2,8.0,22.0,-3.7,0.009,3841,388
E 46TH AVE & FRASER ST,49.228273,-123.090675,secondary_arterial,1,0,2,6.4,10.7,7.0,3.0,12.0,-3.7,0.015,3842,764
GRANDVIEW HWY S & TEMPLETON DR,49.25909,-123.060191,secondary_arterial,0,1,2,6.2,10.5,6.8,2.0,12.0,-3.7,0.015,3843,783
HYACK DR & SE MARINE DR,49.207994,-123.025792,collector,1,0,2,1.2,5.1,1.4,0.0,4.0,-3.7,0.03,3844,1883
PRINCESS AVE & PRIOR ST,49.276632,-123.091675,secondary_arterial,1,0,2,6.4,10.7,7.0,3.0,12.0,-3.7,0.015,3845,765
ALEXANDER ST & COLUMBIA ST,49.283791,-123.102162,arterial,0,0,2,0.2,4.2,0.4,0.0,2.0,-3.8,0.037,3846,2998
ALMA ST & DUNBAR DIVERSION,49.261149,-123.185795,arterial,0,0,2,0.2,4.2,0.4,0.0,2.0,-3.8,0.037,3847,2999
ALMA ST & W 1ST AVE,49.271315,-123.185614,arterial,0,0,2,0.2,4.2,0.4,0.0,2.0,-3.8,0.037,3848,3002
ALMA ST & W 2ND AVE,49.270398,-123.185643,arterial,0,0,2,0.2,4.2,0.4,0.0,2.0,-3.8,0.037,3849,3003
BEACH AVE & CHILCO ST,49.289487,-123.144272,arterial,0,0,2,0.2,4.2,0.4,0.0,2.0,-3.8,0.037,3850,3042
BEACH AVE & GILFORD ST,49.288597,-123.142911,arterial,0,0,2,0.2,4.2,0.4,0.0,2.0,-3.8,0.037,3851,3043
BLENHEIM ST & W 14TH AVE,49.259723,-123.178004,arterial,0,0,2,0.2,4.2,0.4,0.0,2.0,-3.8,0.037,3852,3054
BOUNDARY RD & MONMOUTH AVE,49.239569,-123.023583,arterial,0,0,2,0.2,4.2,0.4,0.0,2.0,-3.8,0.037,3853,3061
BOUNDARY RD & TANNER ST,49.241523,-123.023705,arterial,0,0,2,0.2,4.2,0.4,0.0,2.0,-3.8,0.037,3854,3062
CAMBIE ST & W 1ST AVE,49.268172,-123.114706,arterial,0,0,2,0.2,4.2,0.4,0.0,2.0,-3.8,0.037,3855,3078
CARRALL ST & DUNSMUIR VIADUCT,49.277677,-123.106316,arterial,0,0,2,0.2,4.2,0.4,0.0,2.0,-3.8,0.037,3856,3093
CHANDLERY PL & E KENT AVE N,49.206248,-123.050445,arterial,0,0,2,0.2,4.2,0.4,0.0,2.0,-3.8,0.037,3857,3106
CHESTER ST & E KENT AVE N,49.208346,-123.089265,arterial,0,0,2,0.2,4.2,0.4,0.0,2.0,-3.8,0.037,3858,3116
CREE ST & E 41ST AVE,49.232987,-123.100001,arterial,0,0,2,0.2,4.2,0.4,0.0,2.0,-3.8,0.037,3859,3149
CROWN ST & W KING EDWARD AVE,49.250083,-123.193612,arterial,0,0,2,0.2,4.2,0.4,0.0,2.0,-3.8,0.037,3860,3159
DUNBAR ST & MAYFAIR AVE,49.2369,-123.185265,arterial,0,0,2,0.2,4.2,0.4,0.0,2.0,-3.8,0.037,3861,3179
DUNBAR ST & W 36TH AVE,49.239518,-123.185246,arterial,0,0,2,0.2,4.2,0.4,0.0,2.0,-3.8,0.037,3862,3180
DUNBAR ST & W 43RD AVE,49.232846,-123.185358,arterial,0,0,2,0.2,4.2,0.4,0.0,2.0,-3.8,0.037,3863,3181
DUNKIRK ST & W KING EDWARD AVE,49.250041,-123.183453,arterial,0,0,2,0.2,4.2,0.4,0.0,2.0,-3.8,0.037,3864,3185
DUNSMUIR VIADUCT & PAT QUINN WAY,49.278068,-123.107638,arterial,0,0,2,0.2,4.2,0.4,0.0,2.0,-3.8,0.037,3865,3186
E 18TH AVE & KINGSWAY,49.254545,-123.085209,arterial,0,0,2,0.2,4.2,0.4,0.0,2.0,-3.8,0.037,3866,3207
E KENT AVE N & MORNINGSTAR CRES,49.205997,-123.053496,arterial,0,0,2,0.2,4.2,0.4,0.0,2.0,-3.8,0.037,3867,3321
E KENT AVE N & NANAIMO ST,49.205962,-123.059577,arterial,0,0,2,0.2,4.2,0.4,0.0,2.0,-3.8,0.037,3868,3322
E KENT AVE S & JACK UPPAL ST,49.205402,-123.033673,arterial,0,0,2,0.2,4.2,0.4,0.0,2.0,-3.8,0.037,3869,3323
E KING EDWARD AVE & GLEN DR,49.248563,-123.081908,arterial,0,0,2,0.2,4.2,0.4,0.0,2.0,-3.8,0.037,3870,3325
EIHU LANE & JERVIS ST,49.28736,-123.128009,arterial,0,0,2,0.2,4.2,0.4,0.0,2.0,-3.8,0.037,3871,3338
GRANVILLE ST & NEON ST,49.275668,-123.128442,arterial,0,0,2,0.2,4.2,0.4,0.0,2.0,-3.8,0.037,3872,3363
GRANVILLE ST & TILNEY MEWS,49.224745,-123.139902,arterial,0,0,2,0.2,4.2,0.4,0.0,2.0,-3.8,0.037,3873,3364
HOLLAND ST & W 41ST AVE,49.234781,-123.192299,arterial,0,0,2,0.2,4.2,0.4,0.0,2.0,-3.8,0.037,3874,3385
JEPSON-YOUNG LANE & THURLOW ST,49.281473,-123.129585,arterial,0,0,2,0.2,4.2,0.4,0.0,2.0,-3.8,0.037,3875,3395
KERR ST & SONGBIRD MEWS,49.207107,-123.042257,arterial,0,0,2,0.2,4.2,0.4,0.0,2.0,-3.8,0.037,3876,3401
MAIN ST & ONTARIO PL,49.232522,-123.101488,arterial,0,0,2,0.2,4.2,0.4,0.0,2.0,-3.8,0.037,3877,3432
PACIFIC ST & STRATHMORE MEWS,49.273197,-123.126788,arterial,0,0,2,0.2,4.2,0.4,0.0,2.0,-3.8,0.037,3878,3464
PARKWAY DR & W KING EDWARD AVE,49.251449,-123.154661,arterial,0,0,2,0.2,4.2,0.4,0.0,2.0,-3.8,0.037,3879,3469
SHANGHAI ALLEY & TAYLOR ST,49.280096,-123.105849,arterial,0,0,2,0.2,4.2,0.4,0.0,2.0,-3.8,0.037,3880,3484
SHANGHAI ALLEY & W PENDER ST,49.280597,-123.104956,arterial,0,0,2,0.2,4.2,0.4,0.0,2.0,-3.8,0.037,3881,3485
SMITHE ST & STOVOLD LANE,49.282863,-123.125059,arterial,0,0,2,0.2,4.2,0.4,0.0,2.0,-3.8,0.037,3882,3488
W 10TH AVE & WALLACE CRES,49.263578,-123.190841,arterial,0,0,2,0.2,4.2,0.4,0.0,2.0,-3.8,0.037,3883,3520
W 4TH AVE & WEST POINT PL,49.268577,-123.204507,arterial,0,0,2,0.2,4.2,0.4,0.0,2.0,-3.8,0.037,3884,3536
ARBUTUS GREENWAY & W 33RD AVE,49.242014,-123.147022,collector,1,0,2,1.0,5.1,1.2,0.0,4.0,-3.9,0.03,3885,1939
BROUGHTON ST & W PENDER ST,49.289568,-123.127447,arterial,1,0,2,12.8,17.9,14.0,7.0,22.0,-3.9,0.009,3886,391
CASSIAR ST & E 22ND AVE,49.250608,-123.031068,collector,1,0,2,1.0,5.1,1.2,0.0,4.0,-3.9,0.03,3887,1955
E HASTINGS ST & KOOTENAY ST,49.281134,-123.025715,arterial,1,0,2,12.8,17.9,14.0,7.0,22.0,-3.9,0.009,3888,394
FIR ST & W 6TH AVE,49.266223,-123.140934,secondary_arterial,1,0,2,6.2,10.7,6.8,2.0,12.0,-3.9,0.015,3889,782
PACIFIC ST & THURLOW ST,49.278256,-123.134423,arterial,1,0,2,12.8,17.9,14.0,7.0,22.0,-3.9,0.009,3890,395
CARTWRIGHT ST & OLD BRIDGE ST,49.270109,-123.135158,none,0,1,2,1.2,5.5,1.4,0.0,4.0,-4.0,0.029,3891,1837
CASSIAR CONN & CASSIAR TUNNEL,49.283126,-123.031967,none,0,1,2,1.2,5.5,1.4,0.0,4.0,-4.0,0.029,3892,1838
DUNSMUIR ST & RICHARDS ST,49.282367,-123.114455,arterial,1,0,2,12.6,17.9,13.8,7.0,21.0,-4.1,0.009,3893,397
E 53RD AVE & FRASER ST,49.221868,-123.09087,secondary_arterial,1,0,2,6.0,10.7,6.6,2.0,12.0,-4.1,0.015,3894,804
HEMLOCK ST & W 13TH AVE,49.259784,-123.136244,secondary_arterial,1,0,2,6.0,10.7,6.6,2.0,12.0,-4.1,0.015,3895,805
MATHESON CRES & SE MARINE DR,49.208093,-123.030897,secondary_arterial,1,0,2,6.0,10.7,6.6,2.0,12.0,-4.1,0.015,3896,806
MELVILLE ST & THURLOW ST,49.286464,-123.121986,arterial,1,0,2,12.6,17.9,13.8,7.0,21.0,-4.1,0.009,3897,398
CAMPBELL AVE & E HASTINGS ST,49.281043,-123.084797,arterial,1,0,2,12.4,17.9,13.6,7.0,21.0,-4.3,0.009,3898,401
CORNWALL AVE & CYPRESS ST,49.272475,-123.147806,arterial,1,0,2,12.4,17.9,13.6,7.0,21.0,-4.3,0.009,3899,402
E 1ST AVE & WOODLAND DR,49.269622,-123.07349,arterial,1,0,2,12.4,17.9,13.6,7.0,21.0,-4.3,0.009,3900,403
E 53RD AVE & ELLIOTT ST,49.221159,-123.05484,collector,1,0,2,0.6,5.1,0.8,0.0,3.0,-4.3,0.03,3901,2376
E 56TH AVE & FRASER ST,49.219116,-123.090919,secondary_arterial,1,0,2,5.8,10.7,6.4,2.0,11.0,-4.4,0.015,3902,820
DUNBAR DIVERSION & DUNBAR ST & W 14TH AVE,49.259816,-123.184004,arterial,0,0,3,1.0,5.7,1.2,0.0,4.0,-4.5,0.028,3903,1970
29TH AVE STATION LOOP & E 29TH AVE,49.244599,-123.046171,collector,1,0,2,0.4,5.1,0.6,0.0,2.0,-4.6,0.03,3904,2610
ARGYLE ST & E 49TH AVE,49.225219,-123.071761,secondary_arterial,1,0,2,5.6,10.7,6.2,2.0,11.0,-4.6,0.015,3905,826
BURRARD ST & W 10TH AVE,49.262749,-123.145796,secondary_arterial,1,0,2,5.6,10.7,6.2,2.0,11.0,-4.6,0.015,3906,830
DRAKE ST & GRANVILLE ST,49.276104,-123.127774,arterial,1,0,2,12.2,17.9,13.3,7.0,21.0,-4.6,0.009,3907,409
E 27TH AVE & FRASER ST,49.246618,-123.090194,secondary_arterial,1,0,2,5.6,10.7,6.2,2.0,11.0,-4.6,0.015,3908,837
E 27TH AVE & RUPERT ST,49.246234,-123.033843,secondary_arterial,1,0,2,5.6,10.7,6.2,2.0,11.0,-4.6,0.015,3909,838
E 33RD AVE & PRINCE EDWARD ST,49.240424,-123.096896,secondary_arterial,1,0,2,5.6,10.7,6.2,2.0,11.0,-4.6,0.015,3910,839
KINGSWAY & LINCOLN ST,49.232162,-123.026482,arterial,1,0,2,12.2,17.9,13.3,7.0,21.0,-4.6,0.009,3911,410
MAPLE ST & W 12TH AVE,49.261011,-123.150634,secondary_arterial,1,0,2,5.6,10.7,6.2,2.0,11.0,-4.6,0.015,3912,846
W 60TH AVE & WEST BOULEVARD,49.21715,-123.149116,collector,1,0,2,0.4,5.1,0.6,0.0,2.0,-4.6,0.03,3913,2927
ARBUTUS ST & QUILCHENA CRES & W 34TH AVE,49.24111,-123.154452,arterial,0,0,3,0.8,5.7,1.0,0.0,3.0,-4.7,0.028,3914,2147
BRIDGEWAY & N SKEENA ST,49.290475,-123.028512,none,0,1,2,0.6,5.5,0.8,0.0,3.0,-4.7,0.029,3915,2349
SW MARINE DR & WALLACE PL & WALLACE ST,49.232683,-123.190912,arterial,0,0,3,0.8,5.7,1.0,0.0,3.0,-4.7,0.028,3916,2208
ALBERTA ST & W 49TH AVE,49.225952,-123.112951,secondary_arterial,1,0,2,5.4,10.7,6.0,2.0,11.0,-4.8,0.015,3917,853
ANDERSON ST & JOHNSTON ST & OLD BRIDGE ST,49.271071,-123.133928,none,0,1,3,2.4,7.5,2.7,0.0,6.0,-4.8,0.021,3918,1369
ARGYLE ST & E 33RD AVE,49.240133,-123.071061,secondary_arterial,1,0,2,5.4,10.7,6.0,2.0,11.0,-4.8,0.015,3919,854
CAMBIE ST & DUNSMUIR ST,49.280488,-123.111556,arterial,1,0,2,12.0,17.9,13.1,7.0,20.0,-4.8,0.009,3920,411
CAMBIE ST & W 14TH AVE,49.258738,-123.115022,arterial,1,0,2,12.0,17.9,13.1,7.0,20.0,-4.8,0.009,3921,412
COMMERCIAL DR & E 4TH AVE,49.266982,-123.069697,secondary_arterial,1,0,2,5.4,10.7,6.0,2.0,11.0,-4.8,0.015,3922,858
DUNSMUIR ST & SEYMOUR ST,49.282984,-123.115396,arterial,1,0,2,12.0,17.9,13.1,7.0,20.0,-4.8,0.009,3923,413
E 29TH AVE & MANOR ST,49.24452,-123.036981,collector,1,0,2,0.2,5.1,0.4,0.0,2.0,-4.8,0.03,3924,3234
MACKENZIE ST & W 41ST AVE,49.234719,-123.170253,arterial,1,0,2,12.0,17.9,13.1,7.0,20.0,-4.8,0.009,3925,414
SASAMAT ST & W 10TH AVE,49.263836,-123.20912,arterial,1,0,2,12.0,17.9,13.1,7.0,20.0,-4.8,0.009,3926,415
CHAMPLAIN CRES & FLAGSTAFF PL & LAVAL PL & MARQUETTE CRES,49.211471,-123.029443,collector,0,0,4,0.6,5.7,0.8,0.0,3.0,-4.9,0.028,3927,2354
HARO ST & SMITHE ST & UNNAMED LANE,49.283258,-123.125147,arterial,0,0,3,0.6,5.7,0.8,0.0,3.0,-4.9,0.028,3928,2391
ABERDEEN ST & KINGSWAY,49.232097,-123.028143,arterial,1,0,2,11.8,17.9,12.9,7.0,20.0,-5.0,0.009,3929,421
BURRARD ST & W 1ST AVE,49.270666,-123.145483,arterial,1,0,2,11.8,17.9,12.9,7.0,20.0,-5.0,0.009,3930,422
COMMERCIAL ST & E 49TH AVE,49.225192,-123.069052,secondary_arterial,1,0,2,5.2,10.7,5.7,2.0,11.0,-5.0,0.015,3931,887
E 10TH AVE & FRASER ST,49.261517,-123.089152,secondary_arterial,1,0,2,5.2,10.7,5.7,2.0,11.0,-5.0,0.015,3932,888
E 1ST AVE & SLOCAN ST,49.269481,-123.049447,arterial,1,0,2,11.8,17.9,12.9,7.0,20.0,-5.0,0.009,3933,423
E 33RD AVE & GLADSTONE ST,49.239786,-123.062889,secondary_arterial,1,0,2,5.2,10.7,5.7,2.0,11.0,-5.0,0.015,3934,889
E 49TH AVE & NANAIMO ST,49.22504,-123.059158,secondary_arterial,1,0,2,5.2,10.7,5.7,2.0,11.0,-5.0,0.015,3935,891
E HASTINGS ST & GLEN DR,49.280967,-123.081304,arterial,1,0,2,11.8,17.9,12.9,7.0,20.0,-5.0,0.009,3936,424
GRANVILLE ST & HELMCKEN ST,49.278201,-123.124606,arterial,1,0,2,11.8,17.9,12.9,7.0,20.0,-5.0,0.009,3937,425
GRANVILLE ST & W 37TH AVE,49.238013,-123.139448,arterial,1,0,2,11.8,17.9,12.9,7.0,20.0,-5.0,0.009,3938,426
TRAFALGAR ST & W 12TH AVE,49.261187,-123.164778,secondary_arterial,1,0,2,5.2,10.7,5.7,2.0,11.0,-5.0,0.015,3939,895
OLD BRIDGE ST & RAILSPUR ALLEY,49.270568,-123.134596,none,0,1,2,0.2,5.5,0.4,0.0,2.0,-5.1,0.029,3940,3462
ALDER ST & W 6TH AVE,49.266081,-123.131241,secondary_arterial,1,0,2,5.0,10.7,5.5,2.0,10.0,-5.2,0.015,3941,914
CAMBIE ST & W CORDOVA ST,49.283537,-123.109152,arterial,1,0,2,11.6,17.9,12.7,6.0,20.0,-5.2,0.009,3942,427
E 55TH AVE & KNIGHT ST,49.219585,-123.077272,arterial,1,0,2,11.6,17.9,12.7,6.0,20.0,-5.2,0.009,3943,428
E HASTINGS ST & HEATLEY AVE,49.281164,-123.089531,arterial,1,0,2,11.6,17.9,12.7,6.0,20.0,-5.2,0.009,3944,429
HOMER ST & W GEORGIA ST,49.280576,-123.115205,arterial,1,0,2,11.6,17.9,12.7,6.0,20.0,-5.2,0.009,3945,430
NATIONAL AVE & QUEBEC ST,49.274948,-123.101941,arterial,1,0,2,11.6,17.9,12.7,6.0,20.0,-5.2,0.009,3946,431
RAYMUR AVE & VENABLES ST,49.276832,-123.082609,secondary_arterial,1,0,2,5.0,10.7,5.5,2.0,10.0,-5.2,0.015,3947,924
SW MARINE DR & W 71ST AVE,49.207095,-123.142252,secondary_arterial,1,0,2,5.0,10.7,5.5,2.0,10.0,-5.2,0.015,3948,925
GRANVILLE ST & KINGHORNE MEWS & SEABREEZE WALK,49.273569,-123.131625,arterial,0,0,3,0.2,5.7,0.4,0.0,2.0,-5.3,0.028,3949,3362
CYPRESS ST & W 12TH AVE,49.260976,-123.14825,secondary_arterial,1,0,2,4.8,10.7,5.3,2.0,10.0,-5.4,0.015,3950,942
E 10TH AVE & MAIN ST,49.26201,-123.100996,arterial,1,0,2,11.4,17.9,12.5,6.0,20.0,-5.4,0.009,3951,434
E 33RD AVE & WINDSOR ST,49.240264,-123.084582,secondary_arterial,1,0,2,4.8,10.7,5.3,2.0,10.0,-5.4,0.015,3952,946
E 37TH AVE & KNIGHT ST,49.236835,-123.076912,arterial,1,0,2,11.4,17.9,12.5,6.0,20.0,-5.4,0.009,3953,436
E 3RD AVE & RENFREW ST,49.267595,-123.044263,secondary_arterial,1,0,2,4.8,10.7,5.3,2.0,10.0,-5.4,0.015,3954,948
E 49TH AVE & VIVIAN ST,49.224775,-123.050339,secondary_arterial,1,0,2,4.8,10.7,5.3,2.0,10.0,-5.4,0.015,3955,950
HAWKS AVE & PRIOR ST,49.276543,-123.087354,secondary_arterial,1,0,2,4.8,10.7,5.3,2.0,10.0,-5.4,0.015,3956,952
HEMLOCK ST & W 7TH AVE,49.265302,-123.136066,secondary_arterial,1,0,2,4.8,10.7,5.3,2.0,10.0,-5.4,0.015,3957,953
HOWE ST & W CORDOVA ST,49.286609,-123.113865,arterial,1,0,2,11.4,17.9,12.5,6.0,20.0,-5.4,0.009,3958,437
OAK ST & W 10TH AVE,49.262439,-123.12665,arterial,1,0,2,11.4,17.9,12.5,6.0,20.0,-5.4,0.009,3959,439
VINE ST & W 12TH AVE,49.261114,-123.157729,secondary_arterial,1,0,2,4.8,10.7,5.3,2.0,10.0,-5.4,0.015,3960,959
KITSILANO DIVERSION & MACDONALD ST & W 11TH AVE,49.262339,-123.168239,secondary_arterial,1,0,3,8.4,14.7,9.2,4.0,15.0,-5.5,0.011,3961,585
BALACLAVA ST & W 16TH AVE,49.257766,-123.174289,secondary_arterial,1,0,2,4.6,10.7,5.1,1.0,10.0,-5.6,0.015,3962,964
BLENHEIM ST & W 41ST AVE,49.23476,-123.178714,arterial,1,0,2,11.2,17.9,12.3,6.0,19.0,-5.6,0.009,3963,444
DUNDAS ST & N PENTICTON ST & PENTICTON ST,49.28478,-123.051971,collector,1,0,3,1.2,7.0,1.4,0.0,4.0,-5.6,0.022,3964,1853
DUNSMUIR ST & HORNBY ST,49.284897,-123.118345,arterial,1,0,2,11.2,17.9,12.3,6.0,19.0,-5.6,0.009,3965,445
E 23RD AVE & FRASER ST,49.250092,-123.090117,secondary_arterial,1,0,2,4.6,10.7,5.1,1.0,10.0,-5.6,0.015,3966,968
GRANVILLE ST & W 11TH AVE,49.26171,-123.138572,arterial,1,0,2,11.2,17.9,12.3,6.0,19.0,-5.6,0.009,3967,446
HELMCKEN ST & HORNBY ST,49.279457,-123.126589,arterial,1,0,2,11.2,17.9,12.3,6.0,19.0,-5.6,0.009,3968,448
MCLEAN DR & VENABLES ST,49.276726,-123.07431,secondary_arterial,1,0,2,4.6,10.7,5.1,1.0,10.0,-5.6,0.015,3969,973
OAK ST & W 54TH AVE,49.221533,-123.128509,arterial,1,0,2,11.2,17.9,12.3,6.0,19.0,-5.6,0.009,3970,449
DUNDAS ST & LAKEWOOD DR & N LAKEWOOD DR,49.284799,-123.061616,arterial,1,0,3,17.2,24.5,18.8,11.0,28.0,-5.7,0.007,3971,289
CATHEDERAL TRAIL & CEPERLEY MEADOW & N LAGOON DR & RAWLINGS TRAIL,49.296084,-123.146533,none,0,0,4,0.2,6.1,0.4,0.0,2.0,-5.8,0.026,3972,3104
DUNDAS ST & KAMLOOPS ST & N KAMLOOPS ST,49.284772,-123.054583,collector,1,0,3,1.0,7.0,1.2,0.0,4.0,-5.8,0.022,3973,1974
CAMBIE ST & W 17TH AVE,49.255869,-123.115114,arterial,1,0,2,11.0,17.9,12.0,6.0,19.0,-5.9,0.009,3974,454
CAMBIE ST & W 64TH AVE,49.212313,-123.117107,arterial,1,0,2,11.0,17.9,12.0,6.0,19.0,-5.9,0.009,3975,455
E 29TH AVE & FRASER ST,49.244654,-123.090273,secondary_arterial,1,0,2,4.4,10.7,4.9,1.0,9.0,-5.9,0.015,3976,992
E 30TH AVE & MAIN ST,49.243283,-123.101365,arterial,1,0,2,11.0,17.9,12.0,6.0,19.0,-5.9,0.009,3977,456
FIR ST & W 10TH AVE,49.262677,-123.141066,secondary_arterial,1,0,2,4.4,10.7,4.9,1.0,9.0,-5.9,0.015,3978,996
FIR ST & W 14TH AVE,49.258953,-123.141217,secondary_arterial,1,0,2,4.4,10.7,4.9,1.0,9.0,-5.9,0.015,3979,997
GRANVILLE ST & W 66TH AVE,49.211372,-123.140432,arterial,1,0,2,11.0,17.9,12.0,6.0,19.0,-5.9,0.009,3980,457
RICHARDS ST & ROBSON ST,49.280109,-123.11787,arterial,1,0,2,11.0,17.9,12.0,6.0,19.0,-5.9,0.009,3981,458
VENABLES ST & VICTORIA DR,49.276646,-123.065622,secondary_arterial,1,0,2,4.4,10.7,4.9,1.0,9.0,-5.9,0.015,3982,1000
BURRARD ST & DRAKE ST & MAXINE LANE,49.278037,-123.130786,arterial,1,0,3,16.8,24.5,18.3,11.0,27.0,-6.1,0.007,3983,295
DUMFRIES ST & E 41ST AVE,49.232673,-123.07429,arterial,1,0,2,10.8,17.9,11.8,6.0,19.0,-6.1,0.009,3984,463
DUNSMUIR ST & GRANVILLE ST,49.283633,-123.116387,arterial,1,0,2,10.8,17.9,11.8,6.0,19.0,-6.1,0.009,3985,464
GLEN DR & KINGSWAY,49.252948,-123.081798,arterial,1,0,2,10.8,17.9,11.8,6.0,19.0,-6.1,0.009,3986,465
HEMLOCK ST & W 14TH AVE,49.258872,-123.136277,secondary_arterial,1,0,2,4.2,10.7,4.7,1.0,9.0,-6.1,0.015,3987,1030
HEMLOCK ST & W 6TH AVE,49.266195,-123.136,arterial,1,0,2,10.8,17.9,11.8,6.0,19.0,-6.1,0.009,3988,466
TERMINAL AVE & THORNTON ST,49.271672,-123.093346,arterial,1,0,2,10.8,17.9,11.8,6.0,19.0,-6.1,0.009,3989,467
CYPRESS ST & W 16TH AVE,49.257221,-123.148371,secondary_arterial,1,0,2,4.0,10.7,4.5,1.0,9.0,-6.3,0.015,3990,1051
E 29TH AVE & EARLES ST & NOOTKA ST,49.244549,-123.042163,secondary_arterial,1,0,3,7.6,14.7,8.4,3.0,14.0,-6.3,0.011,3991,636
E HASTINGS ST & JACKSON AVE,49.281237,-123.093427,arterial,1,0,2,10.6,17.9,11.6,6.0,19.0,-6.3,0.009,3992,472
JACKSON AVE & MALKIN AVE & PRIOR ST,49.276672,-123.093626,secondary_arterial,1,0,3,7.6,14.7,8.4,3.0,14.0,-6.3,0.011,3993,641
KINGSWAY & MILLER ST,49.246909,-123.068908,arterial,1,0,2,10.6,17.9,11.6,6.0,19.0,-6.3,0.009,3994,473
LAUREL ST & W KING EDWARD AVE,49.249187,-123.124704,arterial,1,0,2,10.6,17.9,11.6,6.0,19.0,-6.3,0.009,3995,474
DUNBAR ST & W KING EDWARD AVE,49.250062,-123.185196,arterial,1,0,2,10.4,17.9,11.4,6.0,18.0,-6.5,0.009,3996,477
E 14TH AVE & FRASER ST,49.257939,-123.089209,secondary_arterial,1,0,2,3.8,10.7,4.2,1.0,8.0,-6.5,0.015,3997,1096
E 31ST AVE & FRASER ST,49.242595,-123.09032,secondary_arterial,1,0,2,3.8,10.7,4.2,1.0,8.0,-6.5,0.015,3998,1097
EXPO BLVD & GRIFFITHS WAY,49.277891,-123.110374,arterial,1,0,2,10.4,17.9,11.4,6.0,18.0,-6.5,0.009,3999,480
HEATHER ST & W 16TH AVE,49.256982,-123.120128,secondary_arterial,1,0,2,3.8,10.7,4.2,1.0,8.0,-6.5,0.015,4000,1100
HOWE ST & ROBSON ST,49.282019,-123.120839,arterial,1,0,2,10.4,17.9,11.4,6.0,18.0,-6.5,0.009,4001,481
MANITOBA ST & W 49TH AVE,49.22581,-123.108393,secondary_arterial,1,0,2,3.8,10.7,4.2,1.0,8.0,-6.5,0.015,4002,1101
VINE ST & W 41ST AVE,49.234653,-123.159937,arterial,1,0,2,10.4,17.9,11.4,6.0,18.0,-6.5,0.009,4003,483
W 42ND AVE & WEST BOULEVARD,49.23358,-123.155564,secondary_arterial,1,0,2,3.8,10.7,4.2,1.0,8.0,-6.5,0.015,4004,1105
ARBUTUS ST & CORNWALL AVE,49.272549,-123.152601,arterial,1,0,2,10.2,17.9,11.2,5.0,18.0,-6.7,0.009,4005,487
BUTE ST & DAVIE ST,49.281806,-123.133352,arterial,1,0,2,10.2,17.9,11.2,5.0,18.0,-6.7,0.009,4006,488
COMMERCIAL ST & E 41ST AVE,49.232603,-123.068684,arterial,1,0,2,10.2,17.9,11.2,5.0,18.0,-6.7,0.009,4007,489
E 11TH AVE & KINGSWAY,49.261071,-123.097763,arterial,1,0,2,10.2,17.9,11.2,5.0,18.0,-6.7,0.009,4008,490
E 61ST AVE & FRASER ST,49.214816,-123.091047,secondary_arterial,1,0,2,3.6,10.7,4.0,1.0,8.0,-6.7,0.015,4009,1125
E BROADWAY & GLEN DR,49.262425,-123.08139,arterial,1,0,2,10.2,17.9,11.2,5.0,18.0,-6.7,0.009,4010,492
GRANVILLE ST & W 68TH AVE,49.210514,-123.140462,arterial,1,0,2,10.2,17.9,11.2,5.0,18.0,-6.7,0.009,4011,494
MAPLE ST & W 41ST AVE,49.234531,-123.152071,arterial,1,0,2,10.2,17.9,11.2,5.0,18.0,-6.7,0.009,4012,495
VICTORIA DR & WAVERLEY AVE,49.227185,-123.065667,secondary_arterial,1,0,2,3.6,10.7,4.0,1.0,8.0,-6.7,0.015,4013,1132
ONTARIO ST & SE MARINE DR & SW MARINE DR,49.212334,-123.106574,arterial,1,0,3,16.2,24.5,17.7,10.0,26.0,-6.8,0.007,4014,309
BARCLAY ST & DENMAN ST,49.29007,-123.137549,arterial,1,0,2,10.0,17.9,11.0,5.0,18.0,-6.9,0.009,4015,501
BEATTY ST & NELSON ST,49.275686,-123.116851,arterial,1,0,2,10.0,17.9,11.0,5.0,18.0,-6.9,0.009,4016,502
CHARLES ST & COMMERCIAL DR,49.273053,-123.069582,secondary_arterial,1,0,2,3.4,10.7,3.8,1.0,8.0,-6.9,0.015,4017,1145
COMMERCIAL DR & E 14TH AVE,49.257754,-123.069867,secondary_arterial,1,0,2,3.4,10.7,3.8,1.0,8.0,-6.9,0.015,4018,1146
E 3RD AVE & RUPERT ST,49.267558,-123.033705,secondary_arterial,1,0,2,3.4,10.7,3.8,1.0,8.0,-6.9,0.015,4019,1155
MAIN ST & POWELL ST,49.283192,-123.09956,arterial,1,0,2,10.0,17.9,11.0,5.0,18.0,-6.9,0.009,4020,503
SEYMOUR ST & W PENDER ST,49.284019,-123.11383,arterial,1,0,2,10.0,17.9,11.0,5.0,18.0,-6.9,0.009,4021,504
GRANDVIEW HWY & RENFREW ST,49.258194,-123.044284,arterial,1,1,2,62.6,75.2,68.2,50.0,88.0,-7.0,0.002,4022,46
BALACLAVA ST & SW MARINE DR,49.22908,-123.175831,arterial,1,0,2,9.8,17.9,10.7,5.0,17.0,-7.1,0.009,4023,513
BURRARD ST & HELMCKEN ST,49.280115,-123.127624,arterial,1,0,2,9.8,17.9,10.7,5.0,17.0,-7.1,0.009,4024,514
E 1ST AVE & LAKEWOOD DR,49.269534,-123.061901,arterial,1,0,2,9.8,17.9,10.7,5.0,17.0,-7.1,0.009,4025,515
E HASTINGS ST & LILLOOET ST,49.281161,-123.038842,arterial,1,0,2,9.8,17.9,10.7,5.0,17.0,-7.1,0.009,4026,518
HAMILTON ST & NELSON ST,49.276965,-123.119511,arterial,1,0,2,9.8,17.9,10.7,5.0,17.0,-7.1,0.009,4027,519
CARRALL ST & E PENDER ST & W PENDER ST,49.280492,-123.104378,arterial,1,0,3,15.8,24.5,17.3,10.0,26.0,-7.2,0.007,4028,314
COMMERCIAL DR & E 8TH AVE,49.262926,-123.069784,secondary_arterial,1,0,2,3.2,10.7,3.6,1.0,7.0,-7.2,0.015,4029,1180
KERR ST & RUPERT ST,49.227246,-123.041097,secondary_arterial,1,0,2,3.2,10.7,3.6,1.0,7.0,-7.2,0.015,4030,1191
KITCHENER ST & RENFREW ST,49.272286,-123.044166,secondary_arterial,1,0,2,3.2,10.7,3.6,1.0,7.0,-7.2,0.015,4031,1192
VICTORIA DIVERSION & VICTORIA DR,49.252959,-123.066272,secondary_arterial,1,0,2,3.2,10.7,3.6,1.0,7.0,-7.2,0.015,4032,1194
ARBUTUS GREENWAY & W 12TH AVE,49.261005,-123.152508,secondary_arterial,1,0,2,3.0,10.7,3.4,1.0,7.0,-7.4,0.015,4033,1209
BALSAM ST & W 41ST AVE,49.234676,-123.161343,arterial,1,0,2,9.6,17.9,10.5,5.0,17.0,-7.4,0.009,4034,524
BAYSWATER ST & W 4TH AVE,49.268422,-123.171072,arterial,1,0,2,9.6,17.9,10.5,5.0,17.0,-7.4,0.009,4035,525
DUMFRIES ST & KINGSWAY,49.24894,-123.07333,arterial,1,0,2,9.6,17.9,10.5,5.0,17.0,-7.4,0.009,4036,526
DUNDAS ST & N RENFREW ST & RENFREW ST,49.284775,-123.044002,secondary_arterial,1,0,3,6.6,14.7,7.3,3.0,13.0,-7.4,0.011,4037,726
GRANVILLE ST & W 45TH AVE,49.230631,-123.139663,arterial,1,0,2,9.6,17.9,10.5,5.0,17.0,-7.4,0.009,4038,528
HIGHBURY ST & W 4TH AVE,49.268633,-123.187629,arterial,1,0,2,9.6,17.9,10.5,5.0,17.0,-7.4,0.009,4039,529
ARLINGTON ST & E 49TH AVE & UNNAMED LANE,49.223251,-123.02816,secondary_arterial,1,0,3,6.4,14.7,7.1,3.0,12.0,-7.6,0.011,4040,745
E 41ST AVE & WALES ST,49.232773,-123.051656,arterial,1,0,2,9.4,17.9,10.3,5.0,17.0,-7.6,0.009,4041,535
E 49TH AVE & FRONTENAC ST,49.222245,-123.026152,secondary_arterial,1,0,2,2.8,10.7,3.2,0.0,7.0,-7.6,0.015,4042,1258
E 49TH AVE & ONTARIO ST & W 49TH AVE,49.225745,-123.105898,secondary_arterial,1,0,3,6.4,14.7,7.1,3.0,12.0,-7.6,0.011,4043,755
E 59TH AVE & MAIN ST,49.216737,-123.101954,arterial,1,0,2,9.4,17.9,10.3,5.0,17.0,-7.6,0.009,4044,537
HIGHBURY ST & W 10TH AVE,49.263533,-123.187814,arterial,1,0,2,9.4,17.9,10.3,5.0,17.0,-7.6,0.009,4045,538
MAPLE ST & W 49TH AVE,49.227129,-123.152329,secondary_arterial,1,0,2,2.8,10.7,3.2,0.0,7.0,-7.6,0.015,4046,1262
ALAMEIN AVE & MACDONALD ST,49.250062,-123.167831,secondary_arterial,1,0,2,2.6,10.7,3.0,0.0,6.0,-7.8,0.015,4047,1281
BURRARD ST & W 5TH AVE,49.267152,-123.145644,arterial,1,0,2,9.2,17.9,10.1,5.0,17.0,-7.8,0.009,4048,540
CLANCY LORANGER WAY & MIDLOTHIAN AVE,49.243009,-123.109102,secondary_arterial,1,0,2,2.6,10.7,3.0,0.0,6.0,-7.8,0.015,4049,1288
E 15TH AVE & RENFREW ST,49.256314,-123.044324,secondary_arterial,1,0,2,2.6,10.7,3.0,0.0,6.0,-7.8,0.015,4050,1296
E 33RD AVE & INVERNESS ST,49.240239,-123.080155,secondary_arterial,1,0,2,2.6,10.7,3.0,0.0,6.0,-7.8,0.015,4051,1298
E 5TH AVE & RUPERT ST,49.265659,-123.033739,secondary_arterial,1,0,2,2.6,10.7,3.0,0.0,6.0,-7.8,0.015,4052,1305
NICOLA ST & ROBSON ST,49.288661,-123.131118,arterial,1,0,2,9.2,17.9,10.1,5.0,17.0,-7.8,0.009,4053,541
RENFREW ST & TURNER ST,49.2791,-123.044089,secondary_arterial,1,0,2,2.6,10.7,3.0,0.0,6.0,-7.8,0.015,4054,1309
COLLINGWOOD ST & W 4TH AVE,49.268561,-123.181736,arterial,1,0,2,9.0,17.9,9.9,4.0,16.0,-8.0,0.009,4055,547
DUNBAR ST & W 33RD AVE,49.242377,-123.185247,arterial,1,0,2,9.0,17.9,9.9,4.0,16.0,-8.0,0.009,4056,549
E 10TH AVE & VICTORIA DR,49.261382,-123.065928,secondary_arterial,1,0,2,2.4,10.7,2.7,0.0,6.0,-8.0,0.015,4057,1378
E 41ST AVE & ROSS ST,49.232763,-123.082575,arterial,1,0,2,9.0,17.9,9.9,4.0,16.0,-8.0,0.009,4058,550
E HASTINGS ST & HAWKS AVE,49.281092,-123.087162,arterial,1,0,2,9.0,17.9,9.9,4.0,16.0,-8.0,0.009,4059,551
GARDEN DR & GRANDVIEW HWY S,49.258268,-123.058251,secondary_arterial,0,1,2,2.2,10.5,2.5,0.0,6.0,-8.0,0.015,4060,1433
MACDONALD ST & W 6TH AVE,49.266636,-123.168358,secondary_arterial,1,0,2,2.4,10.7,2.7,0.0,6.0,-8.0,0.015,4061,1387
MCLEAN DR & POWELL ST,49.283239,-123.074053,arterial,1,0,2,9.0,17.9,9.9,4.0,16.0,-8.0,0.009,4062,552
NW MARINE DR & W 4TH AVE,49.268741,-123.199806,arterial,1,0,2,9.0,17.9,9.9,4.0,16.0,-8.0,0.009,4063,553
THURLOW ST & W PENDER ST,49.287491,-123.120435,arterial,1,0,2,9.0,17.9,9.9,4.0,16.0,-8.0,0.009,4064,554
ASH ST & W 2ND AVE & W 6TH AVE,49.265893,-123.117416,arterial,1,0,3,15.0,24.5,16.4,9.0,25.0,-8.1,0.007,4065,335
BIRCH ST & W 4TH AVE & W 6TH AVE,49.266263,-123.134428,secondary_arterial,1,0,3,6.0,14.7,6.6,2.0,12.0,-8.1,0.011,4066,796
DUNDAS ST & N TEMPLETON DR & TEMPLETON DR,49.284805,-123.059708,arterial,1,0,3,15.0,24.5,16.4,9.0,25.0,-8.1,0.007,4067,337
ADANAC ST & RENFREW ST,49.277464,-123.044105,secondary_arterial,1,0,2,2.2,10.7,2.5,0.0,6.0,-8.2,0.015,4068,1412
BALACLAVA ST & W BROADWAY,49.264173,-123.173993,arterial,1,0,2,8.8,17.9,9.7,4.0,16.0,-8.2,0.009,4069,558
E 7TH AVE & RUPERT ST,49.263816,-123.033756,secondary_arterial,1,0,2,2.2,10.7,2.5,0.0,6.0,-8.2,0.015,4070,1431
HELMCKEN ST & SEYMOUR ST,49.277531,-123.123614,arterial,1,0,2,8.8,17.9,9.7,4.0,16.0,-8.2,0.009,4071,560
HEMLOCK ST & W 4TH AVE,49.267228,-123.136137,arterial,1,0,2,8.8,17.9,9.7,4.0,16.0,-8.2,0.009,4072,561
HORNBY ST & ROBSON ST,49.282643,-123.12176,arterial,1,0,2,8.8,17.9,9.7,4.0,16.0,-8.2,0.009,4073,562
MACDONALD ST & W 3RD AVE,49.269247,-123.168254,secondary_arterial,1,0,2,2.2,10.7,2.5,0.0,6.0,-8.2,0.015,4074,1438
MANITOBA ST & W 16TH AVE,49.256687,-123.107107,secondary_arterial,1,0,2,2.2,10.7,2.5,0.0,6.0,-8.2,0.015,4075,1439
MANITOBA ST & W BROADWAY,49.263048,-123.106831,arterial,1,0,2,8.8,17.9,9.7,4.0,16.0,-8.2,0.009,4076,564
TRIMBLE ST & W 10TH AVE,49.26379,-123.20609,arterial,1,0,2,8.8,17.9,9.7,4.0,16.0,-8.2,0.009,4077,565
DISCOVERY ST & W 10TH AVE,49.263743,-123.203011,arterial,1,0,2,8.6,17.9,9.4,4.0,16.0,-8.4,0.009,4078,573
E 15TH AVE & KNIGHT ST,49.256597,-123.075866,arterial,1,0,2,8.6,17.9,9.4,4.0,16.0,-8.4,0.009,4079,574
E BROADWAY & ST GEORGE ST,49.262506,-123.093,arterial,1,0,2,8.6,17.9,9.4,4.0,16.0,-8.4,0.009,4080,575
HUDSON ST & W 70TH AVE,49.208533,-123.134489,arterial,1,0,2,8.6,17.9,9.4,4.0,16.0,-8.4,0.009,4081,576
KINROSS ST & MARINE WAY,49.206941,-123.036631,arterial,1,0,2,8.6,17.9,9.4,4.0,16.0,-8.4,0.009,4082,577
LARCH ST & W 12TH AVE,49.261185,-123.162523,secondary_arterial,1,0,2,2.0,10.7,2.3,0.0,5.0,-8.4,0.015,4083,1504
MACDONALD ST & W 8TH AVE,49.264979,-123.168404,secondary_arterial,1,0,2,2.0,10.7,2.3,0.0,5.0,-8.4,0.015,4084,1510
SEYMOUR ST & W HASTINGS ST,49.284665,-123.112855,arterial,1,0,2,8.6,17.9,9.4,4.0,16.0,-8.4,0.009,4085,578
DRAKE ST & HORNBY ST,49.277355,-123.129722,arterial,1,0,2,8.4,17.9,9.2,4.0,15.0,-8.7,0.009,4086,581
E 14TH AVE & MAIN ST,49.258397,-123.101131,arterial,1,0,2,8.4,17.9,9.2,4.0,15.0,-8.7,0.009,4087,582
JOYCE ST & MOSCROP ST,49.243346,-123.026973,secondary_arterial,1,0,2,1.8,10.7,2.1,0.0,5.0,-8.7,0.015,4088,1564
KINGSWAY & ST GEORGE ST,49.257757,-123.093065,arterial,1,0,2,8.4,17.9,9.2,4.0,15.0,-8.7,0.009,4089,584
MACDONALD ST & W 1ST AVE,49.271033,-123.168186,secondary_arterial,1,0,2,1.8,10.7,2.1,0.0,5.0,-8.7,0.015,4090,1565
NORQUAY ST & SLOCAN ST,49.242429,-123.051643,secondary_arterial,1,0,2,1.8,10.7,2.1,0.0,5.0,-8.7,0.015,4091,1567
PACIFIC ST & RICHARDS ST,49.273771,-123.127463,arterial,1,0,2,8.4,17.9,9.2,4.0,15.0,-8.7,0.009,4092,586
ADANAC ST & CLARK DR,49.277668,-123.077246,arterial,1,0,2,8.2,17.9,9.0,4.0,15.0,-8.9,0.009,4093,589
BUTE ST & W PENDER ST,49.288364,-123.123384,arterial,1,0,2,8.2,17.9,9.0,4.0,15.0,-8.9,0.009,4094,591
CLARK DR & WILLIAM ST,49.27404,-123.077299,arterial,1,0,2,8.2,17.9,9.0,4.0,15.0,-8.9,0.009,4095,592
CYPRESS ST & W 49TH AVE,49.227092,-123.149489,secondary_arterial,1,0,2,1.6,10.7,1.9,0.0,5.0,-8.9,0.015,4096,1628
DRAKE ST & PACIFIC BLVD,49.273446,-123.123668,arterial,1,0,2,8.2,17.9,9.0,4.0,15.0,-8.9,0.009,4097,594
E 33RD AVE & ONTARIO ST & W 33RD AVE,49.240576,-123.105362,secondary_arterial,1,0,3,5.2,14.7,5.8,2.0,11.0,-8.9,0.011,4098,879
E 51ST AVE & MAIN ST,49.223744,-123.101679,arterial,1,0,2,8.2,17.9,9.0,4.0,15.0,-8.9,0.009,4099,596
E 5TH AVE & RENFREW ST,49.265698,-123.044308,secondary_arterial,1,0,2,1.6,10.7,1.9,0.0,5.0,-8.9,0.015,4100,1631
E BROADWAY & PRINCE EDWARD ST,49.262639,-123.096,arterial,1,0,2,8.2,17.9,9.0,4.0,15.0,-8.9,0.009,4101,600
EARLES ST & VANNESS AVE,49.243075,-123.043582,secondary_arterial,1,0,2,1.6,10.7,1.9,0.0,5.0,-8.9,0.015,4102,1633
JERVIS ST & ROBSON ST,49.287001,-123.128536,arterial,1,0,2,8.2,17.9,9.0,4.0,15.0,-8.9,0.009,4103,604
ARBUTUS ST & NANTON AVE,49.247666,-123.153243,arterial,1,0,2,8.0,17.9,8.8,4.0,15.0,-9.1,0.009,4104,606
BUTE ST & ROBSON ST,49.285973,-123.126958,arterial,1,0,2,8.0,17.9,8.8,4.0,15.0,-9.1,0.009,4105,607
CAMPBELL AVE & PRIOR ST & VENABLES ST,49.276493,-123.084998,secondary_arterial,1,0,3,5.0,14.7,5.5,2.0,10.0,-9.1,0.011,4106,916
CLARK DR & E 10TH AVE,49.261411,-123.077536,arterial,1,0,2,8.0,17.9,8.8,4.0,15.0,-9.1,0.009,4107,608
COMMISSIONER ST & MCGILL ST & WALL ST & TURNING LANE,49.288899,-123.040609,arterial,1,0,3,14.0,24.5,15.3,8.0,23.0,-9.1,0.007,4108,361
DAVIE ST & HOMER ST,49.275246,-123.123273,arterial,1,0,2,8.0,17.9,8.8,4.0,15.0,-9.1,0.009,4109,609
E 26TH AVE & VICTORIA DR,49.247627,-123.065098,secondary_arterial,1,0,2,1.4,10.7,1.7,0.0,4.0,-9.1,0.015,4110,1702
LARCH ST & W 41ST AVE,49.234685,-123.162749,arterial,1,0,2,8.0,17.9,8.8,4.0,15.0,-9.1,0.009,4111,611
RICHARDS ST & W HASTINGS ST,49.284046,-123.111908,arterial,1,0,2,8.0,17.9,8.8,4.0,15.0,-9.1,0.009,4112,612
CAMBIE ST & W PENDER ST,49.28156,-123.110066,arterial,1,0,2,7.8,17.9,8.6,4.0,14.0,-9.3,0.009,4113,616
COMMERCIAL DR & E 15TH AVE,49.256845,-123.069877,secondary_arterial,1,0,2,1.2,10.7,1.4,0.0,4.0,-9.3,0.015,4114,1844
COMOX ST & DENMAN ST,49.288672,-123.139697,arterial,1,0,2,7.8,17.9,8.6,4.0,14.0,-9.3,0.009,4115,617
CROWE ST & W 2ND AVE,49.268259,-123.1115,arterial,1,0,2,7.8,17.9,8.6,4.0,14.0,-9.3,0.009,4116,618
GRANDVIEW HWY N & PENTICTON ST,49.258192,-123.053001,secondary_arterial,0,1,2,1.0,10.5,1.2,0.0,4.0,-9.3,0.015,4117,2011
HAMILTON ST & ROBSON ST,49.27884,-123.115952,arterial,1,0,2,7.8,17.9,8.6,4.0,14.0,-9.3,0.009,4118,619
HOMER ST & ROBSON ST,49.279473,-123.116882,arterial,1,0,2,7.8,17.9,8.6,4.0,14.0,-9.3,0.009,4119,620
PINE ST & W BROADWAY,49.263662,-123.143414,arterial,1,0,2,7.8,17.9,8.6,4.0,14.0,-9.3,0.009,4120,622
QUEBEC ST & SWITCHMEN ST,49.271219,-123.102262,arterial,1,0,2,7.8,17.9,8.6,4.0,14.0,-9.3,0.009,4121,623
W 12TH AVE & WILLOW ST,49.260524,-123.121951,secondary_arterial,1,0,2,1.2,10.7,1.4,0.0,4.0,-9.3,0.015,4122,1908
W 49TH AVE & YEW ST,49.227203,-123.15881,secondary_arterial,1,0,2,1.2,10.7,1.4,0.0,4.0,-9.3,0.015,4123,1911
BENTALL ST & GRANDVIEW HWY,49.258131,-123.031992,arterial,0,1,2,7.4,17.6,8.2,3.0,14.0,-9.4,0.009,4124,657
HAMILTON ST & MAINLAND ST & SMITHE ST,49.277772,-123.117489,arterial,1,0,3,13.8,24.5,15.1,8.0,23.0,-9.4,0.007,4125,367
E 17TH AVE & RENFREW ST,49.254411,-123.044346,secondary_arterial,1,0,2,1.0,10.7,1.2,0.0,4.0,-9.5,0.015,4126,1981
E 41ST AVE & FLEMING ST,49.232658,-123.072905,arterial,1,0,2,7.6,17.9,8.4,3.0,14.0,-9.5,0.009,4127,637
E 4TH AVE & VICTORIA DR,49.26685,-123.06582,secondary_arterial,1,0,2,1.0,10.7,1.2,0.0,4.0,-9.5,0.015,4128,1995
E GEORGIA ST & MAIN ST,49.278609,-123.099769,arterial,1,0,2,7.6,17.9,8.4,3.0,14.0,-9.5,0.009,4129,638
EARLES ST & HORLEY ST,49.239725,-123.046779,secondary_arterial,1,0,2,1.0,10.7,1.2,0.0,4.0,-9.5,0.015,4130,2008
FREMLIN ST & W 70TH AVE,49.208432,-123.127511,arterial,1,0,2,7.6,17.9,8.4,3.0,14.0,-9.5,0.009,4131,639
GARDEN DR & GRANDVIEW HWY N,49.259105,-123.058221,secondary_arterial,0,1,2,0.8,10.5,1.0,0.0,3.0,-9.5,0.015,4132,2195
GRANDVIEW HWY N & TEMPLETON DR,49.259873,-123.06015,secondary_arterial,0,1,2,0.8,10.5,1.0,0.0,3.0,-9.5,0.015,4133,2196
HAMILTON ST & W GEORGIA ST,49.279937,-123.114255,arterial,1,0,2,7.6,17.9,8.4,3.0,14.0,-9.5,0.009,4134,640
MACDONALD ST & W 14TH AVE,49.259579,-123.168318,secondary_arterial,1,0,2,1.0,10.7,1.2,0.0,4.0,-9.5,0.015,4135,2022
OAK ST & W 46TH AVE,49.229306,-123.128234,arterial,1,0,2,7.6,17.9,8.4,3.0,14.0,-9.5,0.009,4136,643
RICHARDS ST & W PENDER ST,49.283416,-123.112864,arterial,1,0,2,7.6,17.9,8.4,3.0,14.0,-9.5,0.009,4137,644
THURLOW ST & W HASTINGS ST,49.28795,-123.119733,arterial,1,0,2,7.6,17.9,8.4,3.0,14.0,-9.5,0.009,4138,645
TRAFALGAR ST & W BROADWAY,49.264041,-123.164639,arterial,1,0,2,7.6,17.9,8.4,3.0,14.0,-9.5,0.009,4139,646
W BROADWAY & YUKON ST,49.263179,-123.112891,arterial,1,0,2,7.6,17.9,8.4,3.0,14.0,-9.5,0.009,4140,647
ABBOTT ST & KEEFER PL,49.27971,-123.107629,arterial,1,0,2,7.4,17.9,8.2,3.0,14.0,-9.7,0.009,4141,655
BALACLAVA ST & W 4TH AVE,49.268448,-123.173814,arterial,1,0,2,7.4,17.9,8.2,3.0,14.0,-9.7,0.009,4142,656
BUTE ST & MELVILLE ST,49.287855,-123.124192,arterial,1,0,2,7.4,17.9,8.2,3.0,14.0,-9.7,0.009,4143,658
CAMBIE ST & W 37TH AVE,49.237264,-123.116045,arterial,1,0,2,7.4,17.9,8.2,3.0,14.0,-9.7,0.009,4144,659
CARRALL ST & EXPO BLVD,49.278046,-123.106155,arterial,1,0,2,7.4,17.9,8.2,3.0,14.0,-9.7,0.009,4145,661
COLUMBIA ST & W BROADWAY,49.26312,-123.109484,arterial,1,0,2,7.4,17.9,8.2,3.0,14.0,-9.7,0.009,4146,663
CROWN ST & SW MARINE DR,49.233695,-123.193751,arterial,1,0,2,7.4,17.9,8.2,3.0,14.0,-9.7,0.009,4147,664
DAVIE ST & RICHARDS ST,49.27589,-123.124257,arterial,1,0,2,7.4,17.9,8.2,3.0,14.0,-9.7,0.009,4148,665
E 27TH AVE & NOOTKA ST,49.246232,-123.041623,secondary_arterial,1,0,2,0.8,10.7,1.0,0.0,3.0,-9.7,0.015,4149,2174
E 41ST AVE & PRINCE EDWARD ST,49.232989,-123.097205,arterial,1,0,2,7.4,17.9,8.2,3.0,14.0,-9.7,0.009,4150,666
E 8TH AVE & VICTORIA DR,49.263241,-123.065886,secondary_arterial,1,0,2,0.8,10.7,1.0,0.0,3.0,-9.7,0.015,4151,2183
KINGSWAY & MCKINNON ST,49.235038,-123.037803,arterial,1,0,2,7.4,17.9,8.2,3.0,14.0,-9.7,0.009,4152,667
MCGILL ST & N NANAIMO ST,49.288611,-123.056467,arterial,1,0,2,7.4,17.9,8.2,3.0,14.0,-9.7,0.009,4153,668
JOYCE ST & JOYCE STATION LOOP,49.238472,-123.031627,secondary_arterial,1,0,2,0.6,10.7,0.8,0.0,3.0,-9.9,0.015,4154,2394
ABBOTT ST & W CORDOVA ST,49.282927,-123.106793,arterial,1,0,2,7.2,17.9,7.9,3.0,14.0,-10.0,0.009,4155,678
BARCLAY ST & THURLOW ST,49.283217,-123.126936,arterial,1,0,2,7.2,17.9,7.9,3.0,14.0,-10.0,0.009,4156,679
BIRCH ST & W BROADWAY,49.263519,-123.13372,arterial,1,0,2,7.2,17.9,7.9,3.0,14.0,-10.0,0.009,4157,681
BURSILL ST & COLLEGE ST & KINGSWAY & SCHOOL AVE,49.236056,-123.044366,arterial,0,0,4,8.8,19.7,9.7,4.0,16.0,-10.0,0.008,4158,559
CAMBIE ST & ROBSON ST,49.278209,-123.114962,arterial,1,0,2,7.2,17.9,7.9,3.0,14.0,-10.0,0.009,4159,682
OAK ST & W 14TH AVE,49.258718,-123.126765,arterial,1,0,2,7.2,17.9,7.9,3.0,14.0,-10.0,0.009,4160,690
ADANAC ST & COMMERCIAL DIVERSION N,49.277572,-123.07007,secondary_arterial,1,0,2,0.4,10.7,0.6,0.0,2.0,-10.2,0.015,4161,2611
BLENHEIM ST & W 4TH AVE,49.268502,-123.17769,arterial,1,0,2,7.0,17.9,7.7,3.0,13.0,-10.2,0.009,4162,693
BURNABY ST & BURRARD ST,49.278359,-123.130288,arterial,1,0,2,7.0,17.9,7.7,3.0,13.0,-10.2,0.009,4163,694
BURRARD ST & W 7TH AVE,49.265454,-123.145708,arterial,1,0,2,7.0,17.9,7.7,3.0,13.0,-10.2,0.009,4164,695
DUNLEVY AVE & E HASTINGS ST,49.281274,-123.095406,arterial,1,0,2,7.0,17.9,7.7,3.0,13.0,-10.2,0.009,4165,698
E 1ST AVE & TEMPLETON DR,49.26951,-123.059945,arterial,1,0,2,7.0,17.9,7.7,3.0,13.0,-10.2,0.009,4166,700
E 20TH AVE & MAIN ST,49.252982,-123.100924,arterial,1,0,2,7.0,17.9,7.7,3.0,13.0,-10.2,0.009,4167,701
E 22ND AVE & MAIN ST,49.251062,-123.100977,arterial,1,0,2,7.0,17.9,7.7,3.0,13.0,-10.2,0.009,4168,702
E 27TH AVE & MAIN ST,49.247228,-123.10115,arterial,1,0,2,7.0,17.9,7.7,3.0,13.0,-10.2,0.009,4169,704
GORE AVE & POWELL ST,49.283157,-123.097714,arterial,1,0,2,7.0,17.9,7.7,3.0,13.0,-10.2,0.009,4170,708
GRANDVIEW HWY N & MCLEAN DR,49.265658,-123.075508,secondary_arterial,0,1,2,0.2,10.5,0.4,0.0,2.0,-10.2,0.015,4171,3356
HELMCKEN ST & RICHARDS ST,49.276941,-123.122664,arterial,1,0,2,7.0,17.9,7.7,3.0,13.0,-10.2,0.009,4172,709
W BROADWAY & YEW ST,49.263861,-123.155298,arterial,1,0,2,7.0,17.9,7.7,3.0,13.0,-10.2,0.009,4173,713
DUNBAR ST & W 27TH AVE,49.248074,-123.185231,arterial,1,0,2,6.8,17.9,7.5,3.0,13.0,-10.4,0.009,4174,714
E 18TH AVE & MAIN ST & WATSON ST,49.254735,-123.100895,arterial,1,0,3,12.8,24.5,14.0,7.0,22.0,-10.4,0.007,4175,392
HORNBY ST & W PENDER ST,49.285914,-123.116863,arterial,1,0,2,6.8,17.9,7.5,3.0,13.0,-10.4,0.009,4176,717
PRESTWICK DR & VICTORIA DR,49.216176,-123.065984,secondary_arterial,1,0,2,0.2,10.7,0.4,0.0,2.0,-10.4,0.015,4177,3474
BUTE ST & PACIFIC ST,49.279659,-123.13657,arterial,1,0,2,6.6,17.9,7.3,3.0,13.0,-10.6,0.009,4178,720
CAMBIE ST & W 45TH AVE & TURNING LANE,49.229814,-123.116358,arterial,1,0,2,6.6,17.9,7.3,3.0,13.0,-10.6,0.009,4179,721
COLUMBIA ST & E PENDER ST,49.280443,-123.102269,arterial,1,0,2,6.6,17.9,7.3,3.0,13.0,-10.6,0.009,4180,722
CYPRESS ST & W BROADWAY,49.263742,-123.148141,arterial,1,0,2,6.6,17.9,7.3,3.0,13.0,-10.6,0.009,4181,724
DUNBAR ST & W 26TH AVE,49.249021,-123.185201,arterial,1,0,2,6.6,17.9,7.3,3.0,13.0,-10.6,0.009,4182,725
E BROADWAY & PRINCE ALBERT ST,49.262469,-123.087187,arterial,1,0,2,6.6,17.9,7.3,3.0,13.0,-10.6,0.009,4183,731
GRANVILLE ST & ROBSON ST,49.281368,-123.119815,arterial,1,0,2,6.6,17.9,7.3,3.0,13.0,-10.6,0.009,4184,732
MAPLE ST & W BROADWAY,49.263782,-123.150543,arterial,1,0,2,6.6,17.9,7.3,3.0,13.0,-10.6,0.009,4185,734
TRAFALGAR ST & W 4TH AVE,49.268325,-123.164539,arterial,1,0,2,6.6,17.9,7.3,3.0,13.0,-10.6,0.009,4186,737
ARBUTUS ST & VALLEY DR,49.245181,-123.153329,arterial,1,0,2,6.4,17.9,7.1,3.0,12.0,-10.8,0.009,4187,744
CARTIER ST & W 70TH AVE,49.208593,-123.13774,arterial,1,0,2,6.4,17.9,7.1,3.0,12.0,-10.8,0.009,4188,748
COLLINGWOOD ST & W 41ST AVE,49.234763,-123.182031,arterial,1,0,2,6.4,17.9,7.1,3.0,12.0,-10.8,0.009,4189,749
COLUMBIA ST & W 41ST AVE,49.233341,-123.110765,arterial,1,0,2,6.4,17.9,7.1,3.0,12.0,-10.8,0.009,4190,750
HELMCKEN ST & HOMER ST,49.276291,-123.121673,arterial,1,0,2,6.4,17.9,7.1,3.0,12.0,-10.8,0.009,4191,757
CAMBIE ST & W 20TH AVE,49.252987,-123.115246,arterial,1,0,2,6.2,17.9,6.9,2.0,12.0,-11.0,0.009,4192,767
CAMBRIDGE ST & MILLER DR & N RENFREW ST,49.286716,-123.044061,secondary_arterial,0,1,3,3.0,14.4,3.4,1.0,7.0,-11.0,0.011,4193,1211
CAROLINA ST & GREAT NORTHERN WAY,49.266785,-123.090802,arterial,1,0,2,6.2,17.9,6.9,2.0,12.0,-11.0,0.009,4194,768
CORNWALL AVE & YEW ST,49.272585,-123.154979,arterial,1,0,2,6.2,17.9,6.9,2.0,12.0,-11.0,0.009,4195,769
DENMAN ST & HARO ST,49.290777,-123.136527,arterial,1,0,2,6.2,17.9,6.9,2.0,12.0,-11.0,0.009,4196,770
E 2ND AVE & SCOTIA ST,49.267737,-123.098202,arterial,1,0,2,6.2,17.9,6.9,2.0,12.0,-11.0,0.009,4197,772
GRANVILLE ST & W 63RD AVE,49.213998,-123.140355,arterial,1,0,2,6.2,17.9,6.9,2.0,12.0,-11.0,0.009,4198,774
HEATHER ST & W 70TH AVE,49.208373,-123.124218,arterial,1,0,2,6.2,17.9,6.9,2.0,12.0,-11.0,0.009,4199,776
LARCH ST & W 4TH AVE,49.268285,-123.162256,arterial,1,0,2,6.2,17.9,6.9,2.0,12.0,-11.0,0.009,4200,777
PACIFIC BLVD & PAT QUINN WAY,49.277132,-123.107677,arterial,1,0,2,6.2,17.9,6.9,2.0,12.0,-11.0,0.009,4201,780
BEATTY ST & DUNSMUIR ST & DUNSMUIR VIADUCT,49.279839,-123.110537,arterial,1,0,3,12.2,24.5,13.4,7.0,21.0,-11.1,0.007,4202,407
CHAMPLAIN CRES & E 54TH AVE & TYNE ST,49.220122,-123.03239,secondary_arterial,1,0,3,3.2,14.7,3.6,1.0,7.0,-11.1,0.011,4203,1179
ADANAC ST & NANAIMO ST,49.277469,-123.056561,arterial,1,0,2,6.0,17.9,6.6,2.0,12.0,-11.3,0.009,4204,793
ALBERNI ST & BUTE ST,49.286748,-123.12592,arterial,1,0,2,6.0,17.9,6.6,2.0,12.0,-11.3,0.009,4205,794
ALDER ST & W BROADWAY,49.263484,-123.131367,arterial,1,0,2,6.0,17.9,6.6,2.0,12.0,-11.3,0.009,4206,795
BROUGHTON ST & ROBSON ST,49.287918,-123.129948,arterial,1,0,2,6.0,17.9,6.6,2.0,12.0,-11.3,0.009,4207,797
CAMBIE ST & W 22ND AVE,49.251214,-123.115325,arterial,1,0,2,6.0,17.9,6.6,2.0,12.0,-11.3,0.009,4208,798
COLUMBIA ST & E CORDOVA ST,49.282345,-123.102224,arterial,1,0,2,6.0,17.9,6.6,2.0,12.0,-11.3,0.009,4209,799
CORNWALL AVE & MAPLE ST,49.272513,-123.150222,arterial,1,0,2,6.0,17.9,6.6,2.0,12.0,-11.3,0.009,4210,800
DUNLEVY AVE & E CORDOVA ST,49.282205,-123.095366,arterial,1,0,2,6.0,17.9,6.6,2.0,12.0,-11.3,0.009,4211,801
E 24TH AVE & NANAIMO ST,49.248811,-123.056632,arterial,1,0,2,6.0,17.9,6.6,2.0,12.0,-11.3,0.009,4212,802
E 41ST AVE & WINDSOR ST,49.232805,-123.08484,arterial,1,0,2,6.0,17.9,6.6,2.0,12.0,-11.3,0.009,4213,803
BIDWELL ST & DAVIE ST,49.286241,-123.140236,arterial,1,0,2,5.8,17.9,6.4,2.0,12.0,-11.5,0.009,4214,816
BLENHEIM ST & W KING EDWARD AVE,49.250036,-123.178634,arterial,1,0,2,5.8,17.9,6.4,2.0,12.0,-11.5,0.009,4215,817
DRAKE ST & RICHARDS ST,49.274827,-123.125829,arterial,1,0,2,5.8,17.9,6.4,2.0,12.0,-11.5,0.009,4216,819
SEYMOUR ST & W CORDOVA ST,49.285326,-123.111851,arterial,1,0,2,5.8,17.9,6.4,2.0,12.0,-11.5,0.009,4217,821
BAYSWATER ST & W BROADWAY,49.264126,-123.171241,arterial,1,0,2,5.6,17.9,6.2,2.0,11.0,-11.7,0.009,4218,827
BLANCA ST & W 4TH AVE,49.26911,-123.214998,arterial,1,0,2,5.6,17.9,6.2,2.0,11.0,-11.7,0.009,4219,828
BLENHEIM ST & W 10TH AVE,49.26336,-123.177838,arterial,1,0,2,5.6,17.9,6.2,2.0,11.0,-11.7,0.009,4220,829
COLUMBIA ST & LANGARA COLLEGE ACCESS & W 49TH AVE,49.225901,-123.110734,secondary_arterial,1,0,3,2.6,14.7,3.0,0.0,6.0,-11.7,0.011,4221,1290
COLUMBIA ST & POWELL ST,49.283241,-123.102183,arterial,1,0,2,5.6,17.9,6.2,2.0,11.0,-11.7,0.009,4222,833
DENMAN ST & PENDRELL ST,49.287956,-123.140773,arterial,1,0,2,5.6,17.9,6.2,2.0,11.0,-11.7,0.009,4223,834
E 21ST AVE & MAIN ST,49.251936,-123.100937,arterial,1,0,2,5.6,17.9,6.2,2.0,11.0,-11.7,0.009,4224,835
E CORDOVA ST & GORE AVE,49.282252,-123.097592,arterial,1,0,2,5.6,17.9,6.2,2.0,11.0,-11.7,0.009,4225,842
HEATHER ST & W KING EDWARD AVE,49.249143,-123.120381,arterial,1,0,2,5.6,17.9,6.2,2.0,11.0,-11.7,0.009,4226,845
BIDWELL ST & ROBSON ST,49.290467,-123.133879,arterial,1,0,2,5.4,17.9,6.0,2.0,11.0,-11.9,0.009,4227,856
DUNBAR ST & W 4TH AVE,49.268585,-123.183636,arterial,1,0,2,5.4,17.9,6.0,2.0,11.0,-11.9,0.009,4228,859
E CORDOVA ST & PRINCESS AVE,49.282134,-123.091419,arterial,1,0,2,5.4,17.9,6.0,2.0,11.0,-11.9,0.009,4229,861
E KING EDWARD AVE & ST GEORGE ST,49.248686,-123.09406,arterial,1,0,2,5.4,17.9,6.0,2.0,11.0,-11.9,0.009,4230,863
OAK ST & W 27TH AVE,49.247226,-123.1276,arterial,1,0,2,5.4,17.9,6.0,2.0,11.0,-11.9,0.009,4231,867
QUESNEL DR & W KING EDWARD AVE,49.250013,-123.172142,arterial,1,0,2,5.4,17.9,6.0,2.0,11.0,-11.9,0.009,4232,868
W BROADWAY & SXWMEOKWEYEMASEM ST,49.264203,-123.1759,arterial,1,0,2,5.4,17.9,6.0,2.0,11.0,-11.9,0.009,4233,869
CLARK DR & GRANDVIEW HWY N,49.266296,-123.077412,arterial,0,1,2,5.0,17.6,5.6,2.0,10.0,-12.0,0.009,4234,901
E 2ND AVE & ONTARIO ST & W 2ND AVE,49.269246,-123.104652,arterial,1,0,3,11.4,24.5,12.5,6.0,20.0,-12.0,0.007,4235,435
ALEXANDRA ST & W KING EDWARD AVE,49.24946,-123.141482,arterial,1,0,2,5.2,17.9,5.8,2.0,11.0,-12.1,0.009,4236,874
DUNLEVY AVE & POWELL ST,49.283111,-123.095329,arterial,1,0,2,5.2,17.9,5.8,2.0,11.0,-12.1,0.009,4237,876
DUNSMUIR ST & HAMILTON ST,49.281092,-123.112507,arterial,1,0,2,5.2,17.9,5.8,2.0,11.0,-12.1,0.009,4238,877
E 29TH AVE & KNIGHT ST,49.244547,-123.076309,arterial,1,0,2,5.2,17.9,5.8,2.0,11.0,-12.1,0.009,4239,878
E 34TH AVE & KINGSWAY,49.239054,-123.05201,arterial,1,0,2,5.2,17.9,5.8,2.0,11.0,-12.1,0.009,4240,880
E 46TH AVE & MAIN ST,49.228481,-123.101523,arterial,1,0,2,5.2,17.9,5.8,2.0,11.0,-12.1,0.009,4241,881
GRANVILLE ST & W 38TH AVE,49.237121,-123.13951,arterial,1,0,2,5.2,17.9,5.8,2.0,11.0,-12.1,0.009,4242,882
NICOLA ST & W PENDER ST,49.290039,-123.129019,arterial,1,0,2,5.2,17.9,5.8,2.0,11.0,-12.1,0.009,4243,883
W 4TH AVE & WATERLOO ST,49.268535,-123.17971,arterial,1,0,2,5.2,17.9,5.8,2.0,11.0,-12.1,0.009,4244,885
GRANVILLE BRIDGE & GRANVILLE ST & HOWE ST ONRAMP & PACIFIC ST & SEYMOUR ST OFFRAMP,49.275046,-123.129407,arterial,0,1,5,64.8,82.9,70.6,52.0,91.0,-12.2,0.002,4245,40
BUTE ST & W HASTINGS ST,49.288794,-123.12276,arterial,1,0,2,5.0,17.9,5.6,2.0,10.0,-12.3,0.009,4246,897
CARDERO ST & DAVIE ST,49.285223,-123.13867,arterial,1,0,2,5.0,17.9,5.6,2.0,10.0,-12.3,0.009,4247,898
CHARLES ST & NANAIMO ST,49.273283,-123.056581,arterial,1,0,2,5.0,17.9,5.6,2.0,10.0,-12.3,0.009,4248,899
DUNSMUIR ST & HOMER ST,49.281726,-123.113475,arterial,1,0,2,5.0,17.9,5.6,2.0,10.0,-12.3,0.009,4249,902
JACKSON AVE & POWELL ST,49.283073,-123.093346,arterial,1,0,2,5.0,17.9,5.6,2.0,10.0,-12.3,0.009,4250,907
STEPHENS ST & W 4TH AVE,49.268353,-123.166346,arterial,1,0,2,5.0,17.9,5.6,2.0,10.0,-12.3,0.009,4251,913
CAMOSUN ST & QUEEN ELIZABETH ELEMENTARY SCHOOL ACCESS & W 16TH AVE,49.258115,-123.196564,secondary_arterial,1,0,3,2.0,14.7,2.3,0.0,5.0,-12.4,0.011,4252,1483
E 16TH AVE & ONTARIO ST & W 16TH AVE,49.256637,-123.105058,secondary_arterial,1,0,3,2.0,14.7,2.3,0.0,5.0,-12.4,0.011,4253,1488
E 49TH AVE & KILLARNEY SECONDARY SCHOOL ACCESS & LANCASTER ST,49.224724,-123.042795,secondary_arterial,1,0,3,2.0,14.7,2.3,0.0,5.0,-12.4,0.011,4254,1495
CARNARVON ST & W 41ST AVE,49.234734,-123.173066,arterial,1,0,2,4.8,17.9,5.3,2.0,10.0,-12.6,0.009,4255,938
CARRALL ST & PACIFIC BLVD,49.277106,-123.106445,arterial,1,0,2,4.8,17.9,5.3,2.0,10.0,-12.6,0.009,4256,939
CLARK DR & FRANCES ST,49.279468,-123.077194,arterial,1,0,2,4.8,17.9,5.3,2.0,10.0,-12.6,0.009,4257,940
COLLINGWOOD ST & SW MARINE DR,49.230144,-123.182012,arterial,1,0,2,4.8,17.9,5.3,2.0,10.0,-12.6,0.009,4258,941
DAVIE ST & JERVIS ST,49.28281,-123.134916,arterial,1,0,2,4.8,17.9,5.3,2.0,10.0,-12.6,0.009,4259,943
DAVIE ST & MAINLAND ST,49.274524,-123.122136,arterial,1,0,2,4.8,17.9,5.3,2.0,10.0,-12.6,0.009,4260,944
E 37TH AVE & MAIN ST,49.23726,-123.101631,arterial,1,0,2,4.8,17.9,5.3,2.0,10.0,-12.6,0.009,4261,947
KINGSWAY & RHODES ST,49.23827,-123.050316,arterial,1,0,2,4.8,17.9,5.3,2.0,10.0,-12.6,0.009,4262,954
LAUREL ST & W BROADWAY,49.263368,-123.124176,arterial,1,0,2,4.8,17.9,5.3,2.0,10.0,-12.6,0.009,4263,955
MACDONALD ST & W 41ST AVE,49.234729,-123.167394,arterial,1,0,2,4.8,17.9,5.3,2.0,10.0,-12.6,0.009,4264,956
MCGILL ST & N SLOCAN ST,49.288713,-123.049315,arterial,1,0,2,4.8,17.9,5.3,2.0,10.0,-12.6,0.009,4265,957
NANTON AVE & OAK ST & W 28TH AVE,49.246306,-123.127662,arterial,1,0,3,10.8,24.5,11.9,6.0,19.0,-12.6,0.007,4266,462
BROCK ST & NANAIMO ST,49.243861,-123.056656,arterial,1,0,2,4.6,17.9,5.1,1.0,10.0,-12.8,0.009,4267,965
CROWN ST & W 41ST AVE,49.234772,-123.193723,arterial,1,0,2,4.6,17.9,5.1,1.0,10.0,-12.8,0.009,4268,967
E 43RD AVE & MAIN ST,49.230905,-123.101451,arterial,1,0,2,4.6,17.9,5.1,1.0,10.0,-12.8,0.009,4269,970
E BROADWAY & QUEBEC ST,49.262966,-123.102961,arterial,1,0,2,4.6,17.9,5.1,1.0,10.0,-12.8,0.009,4270,971
SPRUCE ST & W BROADWAY,49.263443,-123.129003,arterial,1,0,2,4.6,17.9,5.1,1.0,10.0,-12.8,0.009,4271,975
W 4TH AVE & SXWMEOKWEYEMASEM ST,49.268462,-123.175751,arterial,1,0,2,4.6,17.9,5.1,1.0,10.0,-12.8,0.009,4272,976
GRANDVIEW HWY & LILLOOET ST,49.258114,-123.039073,arterial,0,1,2,4.2,17.6,4.7,1.0,9.0,-12.9,0.009,4273,1028
ARBUTUS ST & W 10TH AVE,49.262861,-123.152973,arterial,1,0,2,4.4,17.9,4.9,1.0,9.0,-13.0,0.009,4274,988
BARNARD ST & SW MARINE DR,49.208582,-123.145162,arterial,1,0,2,4.4,17.9,4.9,1.0,9.0,-13.0,0.009,4275,989
E BROADWAY & ONTARIO ST & W BROADWAY,49.263014,-123.104885,arterial,1,0,3,10.4,24.5,11.4,6.0,18.0,-13.0,0.007,4276,479
HOMER ST & W PENDER ST,49.282763,-123.111922,arterial,1,0,2,4.4,17.9,4.9,1.0,9.0,-13.0,0.009,4277,998
MARINASIDE CRES & NELSON ST & PACIFIC BLVD,49.274156,-123.115036,arterial,1,0,3,10.4,24.5,11.4,6.0,18.0,-13.0,0.007,4278,482
TOLMIE ST & W 10TH AVE,49.26388,-123.212129,arterial,1,0,2,4.4,17.9,4.9,1.0,9.0,-13.0,0.009,4279,999
BEATTY ST & ROBSON ST,49.277588,-123.113963,arterial,1,0,2,4.2,17.9,4.7,1.0,9.0,-13.2,0.009,4280,1019
CAPTAIN JAMES COOK ELEMENTARY SCHOOL ACCESS & DOMAN ST & E 54TH AVE,49.220145,-123.036825,secondary_arterial,1,0,3,1.2,14.7,1.5,0.0,4.0,-13.2,0.011,4281,1781
CARDERO ST & ROBSON ST,49.289416,-123.132281,arterial,1,0,2,4.2,17.9,4.7,1.0,9.0,-13.2,0.009,4282,1020
CAROLINA ST & TERMINAL AVE,49.271026,-123.089543,arterial,1,0,2,4.2,17.9,4.7,1.0,9.0,-13.2,0.009,4283,1021
COMOX ST & THURLOW ST,49.281793,-123.129097,arterial,1,0,2,4.2,17.9,4.7,1.0,9.0,-13.2,0.009,4284,1024
DUNBAR ST & W 29TH AVE,49.246166,-123.185255,arterial,1,0,2,4.2,17.9,4.7,1.0,9.0,-13.2,0.009,4285,1025
GRANVILLE ST & W PENDER ST,49.284652,-123.114846,arterial,1,0,2,4.2,17.9,4.7,1.0,9.0,-13.2,0.009,4286,1029
HOMER ST & W HASTINGS ST,49.283412,-123.110937,arterial,1,0,2,4.2,17.9,4.7,1.0,9.0,-13.2,0.009,4287,1031
JERVIS ST & W PENDER ST,49.289023,-123.125547,arterial,1,0,2,4.2,17.9,4.7,1.0,9.0,-13.2,0.009,4288,1032
PACIFIC BLVD & QUEBEC ST,49.276355,-123.10275,arterial,1,0,2,4.2,17.9,4.7,1.0,9.0,-13.2,0.009,4289,1033
E 6TH AVE & GLEN DR & GREAT NORTHERN WAY,49.26524,-123.081306,arterial,1,0,3,10.2,24.5,11.2,5.0,18.0,-13.3,0.007,4290,491
E 6TH AVE & KEITH DR,49.265199,-123.079402,arterial,1,0,2,4.0,17.9,4.5,1.0,9.0,-13.4,0.009,4291,1057
GRANVILLE ST & W CORDOVA ST,49.285966,-123.112856,arterial,1,0,2,4.0,17.9,4.5,1.0,9.0,-13.4,0.009,4292,1059
HEATHER ST & W 41ST AVE,49.233771,-123.12088,arterial,1,0,2,4.0,17.9,4.5,1.0,9.0,-13.4,0.009,4293,1060
MARGUERITE ST & W KING EDWARD AVE,49.249505,-123.144631,arterial,1,0,2,4.0,17.9,4.5,1.0,9.0,-13.4,0.009,4294,1061
MCGILL ST & N KASLO ST,49.288718,-123.046701,arterial,1,0,2,4.0,17.9,4.5,1.0,9.0,-13.4,0.009,4295,1062
ALBERNI ST & CARDERO ST,49.290144,-123.131232,arterial,1,0,2,3.8,17.9,4.3,1.0,8.0,-13.6,0.009,4296,1083
ARBUTUS ST & W 11TH AVE,49.261943,-123.153001,arterial,1,0,2,3.8,17.9,4.3,1.0,8.0,-13.6,0.009,4297,1084
BALSAM ST & CORNWALL AVE,49.272657,-123.159694,arterial,1,0,2,3.8,17.9,4.3,1.0,8.0,-13.6,0.009,4298,1085
E KING EDWARD AVE & PRINCE EDWARD ST,49.248717,-123.096771,arterial,1,0,2,3.8,17.9,4.3,1.0,8.0,-13.6,0.009,4299,1088
FIR ST & W 7TH AVE,49.26538,-123.140927,arterial,1,0,2,3.8,17.9,4.3,1.0,8.0,-13.6,0.009,4300,1089
HAMILTON ST & W PENDER ST,49.282119,-123.110956,arterial,1,0,2,3.8,17.9,4.3,1.0,8.0,-13.6,0.009,4301,1090
HORNBY ST & W HASTINGS ST,49.286605,-123.115827,arterial,1,0,2,3.8,17.9,4.3,1.0,8.0,-13.6,0.009,4302,1091
LARCH ST & W BROADWAY,49.263983,-123.16241,arterial,1,0,2,3.8,17.9,4.3,1.0,8.0,-13.6,0.009,4303,1092
VALLEY DR & W KING EDWARD AVE,49.249762,-123.159291,arterial,1,0,2,3.8,17.9,4.3,1.0,8.0,-13.6,0.009,4304,1093
W 4TH AVE & WALLACE ST,49.268667,-123.190655,arterial,1,0,2,3.8,17.9,4.3,1.0,8.0,-13.6,0.009,4305,1094
E 12TH AVE & HEBB AVE & RENFREW ST,49.259213,-123.044381,arterial,1,0,3,9.8,24.5,10.8,5.0,17.0,-13.7,0.007,4306,512
DUNBAR ST & W 18TH AVE,49.256476,-123.185128,arterial,1,0,2,3.6,17.9,4.0,1.0,8.0,-13.8,0.009,4307,1122
E 6TH AVE & NANAIMO ST,49.264887,-123.056586,arterial,1,0,2,3.6,17.9,4.0,1.0,8.0,-13.8,0.009,4308,1126
E CORDOVA ST & JACKSON AVE,49.282177,-123.093384,arterial,1,0,2,3.6,17.9,4.0,1.0,8.0,-13.8,0.009,4309,1127
FOLEY ST & GREAT NORTHERN WAY,49.266212,-123.086553,arterial,1,0,2,3.6,17.9,4.0,1.0,8.0,-13.8,0.009,4310,1128
POWELL ST & PRINCESS AVE,49.283036,-123.091407,arterial,1,0,2,3.6,17.9,4.0,1.0,8.0,-13.8,0.009,4311,1130
STEPHENS ST & W BROADWAY,49.264049,-123.166486,arterial,1,0,2,3.6,17.9,4.0,1.0,8.0,-13.8,0.009,4312,1131
COPLEY ST & E 20TH AVE & NANAIMO ST,49.25235,-123.056596,arterial,1,0,3,9.6,24.5,10.6,5.0,17.0,-13.9,0.007,4313,522
ANDERSON ST & LAMEYS MILL RD,49.26933,-123.137797,arterial,1,0,2,3.4,17.9,3.8,1.0,8.0,-14.1,0.009,4314,1142
E 36TH AVE & MAIN ST,49.238154,-123.101592,arterial,1,0,2,3.4,17.9,3.8,1.0,8.0,-14.1,0.009,4315,1154
E BROADWAY & ST CATHERINES ST,49.262455,-123.085264,arterial,1,0,2,3.4,17.9,3.8,1.0,8.0,-14.1,0.009,4316,1156
E KING EDWARD AVE & PRINCE ALBERT ST,49.248613,-123.087735,arterial,1,0,2,3.4,17.9,3.8,1.0,8.0,-14.1,0.009,4317,1157
HEATLEY AVE & POWELL ST,49.282999,-123.089461,arterial,1,0,2,3.4,17.9,3.8,1.0,8.0,-14.1,0.009,4318,1159
TRIMBLE ST & W 4TH AVE & TURNING LANE,49.268857,-123.205855,arterial,1,0,2,3.4,17.9,3.8,1.0,8.0,-14.1,0.009,4319,1163
CAMBIE ST & W 35TH AVE,49.239063,-123.116747,arterial,1,0,2,3.2,17.9,3.6,1.0,7.0,-14.3,0.009,4320,1176
CASSIAR TUNNEL & E HASTINGS ST,49.281145,-123.031766,arterial,1,0,2,3.2,17.9,3.6,1.0,7.0,-14.3,0.009,4321,1178
DUMFRIES ST & E KING EDWARD AVE,49.248497,-123.073366,arterial,1,0,2,3.2,17.9,3.6,1.0,7.0,-14.3,0.009,4322,1181
DUNBAR ST & W 28TH AVE,49.247125,-123.185261,arterial,1,0,2,3.2,17.9,3.6,1.0,7.0,-14.3,0.009,4323,1182
DUNBAR ST & W 30TH AVE,49.245226,-123.185243,arterial,1,0,2,3.2,17.9,3.6,1.0,7.0,-14.3,0.009,4324,1183
E CORDOVA ST & HEATLEY AVE,49.282097,-123.089494,arterial,1,0,2,3.2,17.9,3.6,1.0,7.0,-14.3,0.009,4325,1187
GRANVILLE ST & W HASTINGS ST,49.285312,-123.113845,arterial,1,0,2,3.2,17.9,3.6,1.0,7.0,-14.3,0.009,4326,1189
MACDONALD ST & POINT GREY RD,49.271454,-123.168167,arterial,1,0,2,3.2,17.9,3.6,1.0,7.0,-14.3,0.009,4327,1193
E 41ST AVE & KERR ST,49.232932,-123.040245,arterial,1,0,2,3.0,17.9,3.4,1.0,7.0,-14.5,0.009,4328,1220
ELM ST & W 41ST AVE,49.234702,-123.164156,arterial,1,0,2,3.0,17.9,3.4,1.0,7.0,-14.5,0.009,4329,1222
HAWKS AVE & POWELL ST,49.282954,-123.087072,arterial,1,0,2,3.0,17.9,3.4,1.0,7.0,-14.5,0.009,4330,1223
HOMER ST & W CORDOVA ST,49.284066,-123.109951,arterial,1,0,2,3.0,17.9,3.4,1.0,7.0,-14.5,0.009,4331,1224
COPLEY ST & GRANDVIEW HWY S,49.257534,-123.055007,arterial,0,1,2,2.6,17.6,3.0,0.0,6.0,-14.6,0.009,4332,1293
BEACH AVE & BIDWELL ST,49.284569,-123.142724,arterial,1,0,2,2.8,17.9,3.2,0.0,7.0,-14.7,0.009,4333,1252
DRAKE ST & HOMER ST,49.274205,-123.124853,arterial,1,0,2,2.8,17.9,3.2,0.0,7.0,-14.7,0.009,4334,1254
DUNBAR ST & W 31ST AVE,49.244272,-123.185243,arterial,1,0,2,2.8,17.9,3.2,0.0,7.0,-14.7,0.009,4335,1255
MCGILL ST & N PENTICTON ST,49.288715,-123.051941,arterial,1,0,2,2.8,17.9,3.2,0.0,7.0,-14.7,0.009,4336,1263
GEORGIA VIADUCT & MAIN ST OFFRAMP,49.277157,-123.103752,arterial,0,1,2,2.4,17.6,2.8,0.0,6.0,-14.8,0.009,4337,1364
BURRARD ST & CANADA PL,49.288095,-123.115505,arterial,1,0,2,2.6,17.9,3.0,0.0,6.0,-14.9,0.009,4338,1287
DUNBAR ST & W 39TH AVE,49.236439,-123.185268,arterial,1,0,2,2.6,17.9,3.0,0.0,6.0,-14.9,0.009,4339,1294
GRANDVIEW HWY & WINDERMERE ST,49.258124,-123.036531,arterial,0,1,2,2.2,17.6,2.5,0.0,6.0,-15.0,0.009,4340,1435
ALBERNI ST & NICOLA ST,49.289362,-123.130033,arterial,1,0,2,2.4,17.9,2.8,0.0,6.0,-15.1,0.009,4341,1341
ALEXANDER ST & MAIN ST,49.284104,-123.099491,arterial,1,0,2,2.4,17.9,2.8,0.0,6.0,-15.1,0.009,4342,1342
ANGUS DR & W 41ST AVE,49.23446,-123.147668,arterial,1,0,2,2.4,17.9,2.8,0.0,6.0,-15.1,0.009,4343,1343
CAMBIE ST & W 30TH AVE,49.243676,-123.117305,arterial,1,0,2,2.4,17.9,2.8,0.0,6.0,-15.1,0.009,4344,1347
COLLINGWOOD ST & W BROADWAY,49.264303,-123.181856,arterial,1,0,2,2.4,17.9,2.8,0.0,6.0,-15.1,0.009,4345,1350
E 41ST AVE & SCHOOL AVE,49.233113,-123.037409,arterial,1,0,2,2.4,17.9,2.8,0.0,6.0,-15.1,0.009,4346,1357
E 62ND AVE & MAIN ST,49.214247,-123.102053,arterial,1,0,2,2.4,17.9,2.8,0.0,6.0,-15.1,0.009,4347,1362
E KING EDWARD AVE & INVERNESS ST,49.248549,-123.080035,arterial,1,0,2,2.4,17.9,2.8,0.0,6.0,-15.1,0.009,4348,1363
HOMER ST & PACIFIC BLVD & PACIFIC ST,49.273108,-123.125875,arterial,1,0,3,8.4,24.5,9.3,4.0,15.0,-15.2,0.007,4349,579
BALFOUR AVE & OAK ST & W 22ND AVE,49.251719,-123.127448,arterial,1,0,3,8.2,24.5,9.0,4.0,15.0,-15.4,0.007,4350,590
GRANDVIEW HWY & NOOTKA ST,49.258149,-123.041596,arterial,0,1,2,1.8,17.6,2.1,0.0,5.0,-15.5,0.009,4351,1563
BEACH AVE & THURLOW ST,49.277593,-123.135424,arterial,1,0,2,2.0,17.9,2.3,0.0,5.0,-15.6,0.009,4352,1480
E 45TH AVE & MAIN ST,49.22938,-123.101512,arterial,1,0,2,2.0,17.9,2.3,0.0,5.0,-15.6,0.009,4353,1494
JERVIS ST & MELVILLE ST,49.288814,-123.125564,arterial,1,0,2,2.0,17.9,2.3,0.0,5.0,-15.6,0.009,4354,1502
JERVIS ST & W HASTINGS ST,49.289441,-123.124894,arterial,1,0,2,2.0,17.9,2.3,0.0,5.0,-15.6,0.009,4355,1503
NANAIMO ST & PANDORA ST,49.282995,-123.056534,arterial,1,0,2,2.0,17.9,2.3,0.0,5.0,-15.6,0.009,4356,1513
GRANDVIEW HWY S & PENTICTON ST,49.257506,-123.052951,arterial,0,1,2,1.6,17.6,1.9,0.0,5.0,-15.7,0.009,4357,1636
CASSIAR ST & E BROADWAY & LOUGHEED HWY,49.262113,-123.031026,arterial,0,1,3,7.4,24.0,8.2,3.0,14.0,-15.8,0.007,4358,662
CORNWALL AVE & VINE ST,49.272622,-123.157361,arterial,1,0,2,1.8,17.9,2.1,0.0,5.0,-15.8,0.009,4359,1559
SW MARINE DR & W 57TH AVE & YEW ST,49.219535,-123.158542,arterial,1,0,3,7.8,24.5,8.6,4.0,15.0,-15.9,0.007,4360,624
BEACH AVE & CARDERO ST,49.283079,-123.141787,arterial,1,0,2,1.6,17.9,1.9,0.0,5.0,-16.0,0.009,4361,1625
FRANKLIN ST & NANAIMO ST,49.282072,-123.056539,arterial,1,0,2,1.6,17.9,1.9,0.0,5.0,-16.0,0.009,4362,1635
ARBUTUS ST & W 20TH AVE,49.254392,-123.152948,arterial,1,0,2,1.4,17.9,1.7,0.0,4.0,-16.2,0.009,4363,1695
E 1ST AVE & VALIANT ST,49.269529,-123.025406,arterial,1,0,2,1.4,17.9,1.7,0.0,4.0,-16.2,0.009,4364,1701
E KING EDWARD AVE & WINDSOR ST,49.248578,-123.083892,arterial,1,0,2,1.4,17.9,1.7,0.0,4.0,-16.2,0.009,4365,1708
QUEBEC ST & UNION ST,49.277633,-123.102135,arterial,1,0,2,1.4,17.9,1.7,0.0,4.0,-16.2,0.009,4366,1716
W 41ST AVE & WALLACE ST,49.234777,-123.190918,arterial,1,0,2,1.4,17.9,1.7,0.0,4.0,-16.2,0.009,4367,1720
CAMBIE ST BRIDGE & PACIFIC BLVD OFFRAMP,49.27315,-123.114704,arterial,0,1,2,1.0,17.6,1.2,0.0,4.0,-16.3,0.009,4368,1952
CARRALL ST & E CORDOVA ST & W CORDOVA ST,49.282429,-123.104267,arterial,1,0,3,7.4,24.5,8.2,3.0,14.0,-16.3,0.007,4369,660
CAMBIE ST & W 44TH AVE,49.230738,-123.116161,arterial,1,0,2,1.2,17.9,1.5,0.0,4.0,-16.4,0.009,4370,1780
BEACH AVE & BURRARD ST BRIDGE,49.276384,-123.134216,arterial,0,1,2,0.8,17.6,1.0,0.0,3.0,-16.5,0.009,4371,2153
E KING EDWARD AVE & ONTARIO ST & W KING EDWARD AVE,49.248844,-123.104993,arterial,1,0,3,7.2,24.5,8.0,3.0,14.0,-16.5,0.007,4372,677
ALMA ST & POINT GREY RD,49.272274,-123.185573,arterial,1,0,2,1.0,17.9,1.2,0.0,4.0,-16.7,0.009,4373,1933
ANDERSON ST & GRANVILLE BRIDGE,49.27128,-123.135165,arterial,0,1,2,0.6,17.6,0.8,0.0,3.0,-16.7,0.009,4374,2340
E 23RD AVE & KNIGHT ST,49.249892,-123.076132,arterial,1,0,2,1.0,17.9,1.2,0.0,4.0,-16.7,0.009,4375,1983
E KING EDWARD AVE & JOHN ST,49.24872,-123.097177,arterial,1,0,2,1.0,17.9,1.2,0.0,4.0,-16.7,0.009,4376,2006
W 2ND AVE & W 3RD AVE,49.268397,-123.111203,arterial,1,0,2,1.0,17.9,1.2,0.0,4.0,-16.7,0.009,4377,2035
COLLINGWOOD ST & W KING EDWARD AVE,49.250047,-123.181839,arterial,1,0,2,0.8,17.9,1.0,0.0,3.0,-16.9,0.009,4378,2162
EXPO BLVD & GEORGIA VIADUCT,49.277816,-123.110796,arterial,1,0,2,0.8,17.9,1.0,0.0,3.0,-16.9,0.009,4379,2194
RICHARDS ST & W CORDOVA ST & WATER ST,49.284708,-123.110918,arterial,1,0,3,6.8,24.5,7.5,3.0,13.0,-16.9,0.007,4380,718
CAMBRIDGE ST & N SKEENA ST,49.286695,-123.028311,arterial,0,1,2,0.4,17.6,0.6,0.0,2.0,-17.0,0.009,4381,2671
DUNSMUIR VIADUCT & MAIN ST ONRAMP,49.277431,-123.103879,arterial,0,1,2,0.4,17.6,0.6,0.0,2.0,-17.0,0.009,4382,2726
63RD AVE AND GRANVILLE LOOP & GRANVILLE ST,49.213735,-123.14036,arterial,1,0,2,0.6,17.9,0.8,0.0,3.0,-17.1,0.009,4383,2336
ALMA ST & W 6TH AVE,49.266927,-123.185761,arterial,1,0,2,0.6,17.9,0.8,0.0,3.0,-17.1,0.009,4384,2339
CAMBIE ST BRIDGE & COMMODORE RD,49.268065,-123.115019,arterial,0,1,2,0.2,17.6,0.4,0.0,2.0,-17.2,0.009,4385,3079
CAMBIE ST BRIDGE & COOPERAGE WAY,49.273659,-123.114698,arterial,0,1,2,0.2,17.6,0.4,0.0,2.0,-17.2,0.009,4386,3080
COOPERAGE WAY & PACIFIC BLVD OFFRAMP,49.273628,-123.114556,arterial,0,1,2,0.2,17.6,0.4,0.0,2.0,-17.2,0.009,4387,3143
GRANVILLE BRIDGE & JOHNSTON ST,49.27163,-123.134638,arterial,0,1,2,0.2,17.6,0.4,0.0,2.0,-17.2,0.009,4388,3361
ARBUTUS GREENWAY & W BROADWAY,49.263812,-123.152389,arterial,1,0,2,0.2,17.9,0.4,0.0,2.0,-17.5,0.009,4389,3012
BOATHOUSE MEWS & PACIFIC BLVD,49.27425,-123.117424,arterial,1,0,2,0.2,17.9,0.4,0.0,2.0,-17.5,0.009,4390,3055
POINT GREY RD & STEPHENS ST,49.27223,-123.166237,arterial,1,0,2,0.2,17.9,0.4,0.0,2.0,-17.5,0.009,4391,3473
E 19TH AVE & E 19TH ST & KNIGHT ST,49.253493,-123.075951,arterial,1,0,3,6.2,24.5,6.9,2.0,12.0,-17.6,0.007,4392,771
BEACH AVE & JERVIS ST & PACIFIC ST,49.28068,-123.138112,arterial,1,0,3,5.8,24.5,6.4,2.0,12.0,-18.0,0.007,4393,815
DEVONSHIRE CRES & OAK ST & HOSPITAL ACCESS,49.244485,-123.127569,arterial,1,0,3,5.8,24.5,6.4,2.0,12.0,-18.0,0.007,4394,818
ARBUTUS GREENWAY & EAST BOULEVARD & W 41ST AVE & WEST BOULEVARD,49.234575,-123.155268,arterial,1,0,4,60.2,84.5,65.6,48.0,85.0,-18.8,0.002,4395,51
E 41ST AVE & ONTARIO ST & W 41ST AVE,49.233154,-123.105611,arterial,1,0,3,4.4,24.5,4.9,1.0,9.0,-19.5,0.007,4396,993
E 41ST AVE & ST GEORGE ST & CEMETERY ACCESS,49.23296,-123.094557,arterial,1,0,3,4.4,24.5,4.9,1.0,9.0,-19.5,0.007,4397,994
CARRALL ST & KEEFER PL & KEEFER ST,49.279226,-123.104464,arterial,1,0,3,4.2,24.5,4.7,1.0,9.0,-19.8,0.007,4398,1022
CORNWALL AVE & POINT GREY RD & TRAFALGAR ST,49.272717,-123.164369,arterial,1,0,3,4.0,24.5,4.5,1.0,9.0,-20.0,0.007,4399,1050
CITADEL PARADE & GEORGIA VIADUCT & W GEORGIA ST,49.278416,-123.111703,arterial,1,0,3,3.8,24.5,4.3,1.0,8.0,-20.2,0.007,4400,1086
CAMOSUN ST & OUR LADY OF PERPETUAL HELP SCHOOL ACCESS & W 10TH AVE,49.263745,-123.196964,arterial,1,0,3,3.6,24.5,4.1,1.0,8.0,-20.4,0.007,4401,1110
CITADEL PARADE & DUNSMUIR ST & DUNSMUIR VIADUCT,49.279462,-123.11004,arterial,1,0,3,3.6,24.5,4.1,1.0,8.0,-20.4,0.007,4402,1111
CORDOVA DIVERSION & E CORDOVA ST & HAWKS AVE,49.282047,-123.087109,arterial,1,0,3,3.6,24.5,4.1,1.0,8.0,-20.4,0.007,4403,1113
CONNAUGHT DR & GRANVILLE ST & W 39TH AVE,49.236258,-123.139556,arterial,1,0,3,3.4,24.5,3.8,1.0,8.0,-20.6,0.007,4404,1147
CORNISH ST & SW MARINE DR & W 70TH AVE,49.208553,-123.142154,arterial,1,0,3,3.4,24.5,3.8,1.0,8.0,-20.6,0.007,4405,1148
CENTRAL VALLEY GREENWAY & E BROADWAY & GRANDVIEW HWY N,49.262346,-123.06658,arterial,0,1,3,1.6,24.0,1.9,0.0,5.0,-22.1,0.007,4406,1627
BEACH AVE & BEACH CRES & GRANVILLE ST,49.274115,-123.130809,arterial,1,0,3,1.8,24.5,2.1,0.0,5.0,-22.4,0.007,4407,1557
ARBUTUS GREENWAY & EAST BOULEVARD & SW MARINE DR,49.208576,-123.144347,arterial,1,0,3,1.4,24.5,1.7,0.0,4.0,-22.8,0.007,4408,1692
CONTINENTAL ST & GRANVILLE ST & ROLSTON ST,49.274338,-123.130472,arterial,1,0,3,0.6,24.5,0.8,0.0,3.0,-23.7,0.007,4409,2358
ARBUTUS GREENWAY & ARBUTUS ST & EAST BOULEVARD & W 49TH AVE & WEST BOULEVARD,49.227153,-123.154798,secondary_arterial,1,0,5,22.0,50.7,24.1,15.0,34.0,-26.7,0.003,4410,212
ARBUTUS GREENWAY & ARBUTUS ST & EAST BOULEVARD & W 16TH AVE,49.257288,-123.152709,arterial,1,0,4,40.4,84.5,44.1,31.0,59.0,-40.3,0.002,4411,93
COMMERCIAL DR & COMMERCIAL ST & E 18TH AVE & FINDLAY ST & VICTORIA DIVERSION,49.254248,-123.067997,secondary_arterial,1,0,5,9.0,50.7,9.9,5.0,16.0,-40.8,0.003,4412,548
GRANDVIEW HWY & SKEENA ST,49.258138,-123.028533,arterial,1,1,2,31.2,75.2,34.1,23.0,47.0,-41.2,0.002,4413,136
COMMERCIAL DR & GRANDVIEW HWY N,49.263743,-123.069767,secondary_arterial,1,1,2,2.2,45.2,2.5,0.0,6.0,-42.6,0.004,4414,1423
E 12TH AVE & GRANDVIEW HWY S & LAKEWOOD DR,49.259523,-123.06207,secondary_arterial,1,1,3,15.6,61.8,17.1,10.0,26.0,-44.7,0.003,4415,318
GRANDVIEW HWY S & NANAIMO ST,49.257799,-123.056635,arterial,1,1,2,23.8,75.2,26.0,16.0,37.0,-49.2,0.002,4416,194
GRANDVIEW HWY N & NANAIMO ST,49.258468,-123.056617,arterial,1,1,2,23.6,75.2,25.8,16.0,37.0,-49.4,0.002,4417,195
BURRARD ST & BURRARD ST BRIDGE & PACIFIC ST,49.276982,-123.132453,arterial,1,1,3,42.8,102.9,46.7,33.0,62.0,-56.1,0.002,4418,86
GRANDVIEW HWY & NATAL ST,49.258135,-123.030321,arterial,1,1,2,17.4,75.2,19.1,11.0,28.0,-56.2,0.002,4419,282
E 6TH AVE & GRANDVIEW HWY N & WOODLAND DR,49.26497,-123.073522,secondary_arterial,1,1,3,1.6,61.8,1.9,0.0,5.0,-59.9,0.003,4420,1632
LOUGHEED HWY & SKEENA ST,49.263485,-123.028483,arterial,1,1,2,12.4,75.2,13.6,7.0,21.0,-61.6,0.002,4421,404
MAIN ST & MAIN ST ONRAMP & UNION ST,49.277633,-123.099816,arterial,1,1,3,37.8,102.9,41.3,28.0,55.0,-61.6,0.002,4422,104
GRANDVIEW HWY & KASLO ST,49.25819,-123.046994,arterial,1,1,2,11.4,75.2,12.6,6.0,20.0,-62.7,0.002,4423,433
W 2ND AVE & W 4TH AVE & WYLIE ST & YUKON ST,49.267587,-123.112702,arterial,1,0,4,18.8,84.5,20.6,12.0,30.0,-63.8,0.002,4424,256
CAMBRIDGE ST & N NANAIMO ST,49.286665,-123.056527,arterial,1,1,2,7.2,75.2,8.0,3.0,14.0,-67.2,0.002,4425,676
DUNSMUIR VIADUCT & GEORGIA VIADUCT & GORE AVE & PRIOR ST,49.276744,-123.096883,arterial,1,0,4,10.2,84.5,11.3,5.0,18.0,-73.2,0.002,4426,484
CASSIAR TUNNEL & E HASTINGS ST ONRAMP & TURNING LANE,49.281088,-123.031476,arterial,1,1,2,0.8,75.2,1.0,0.0,3.0,-74.2,0.002,4427,2157
HOWE ST & HOWE ST ONRAMP,49.276572,-123.129063,arterial,1,1,2,0.6,75.2,0.8,0.0,3.0,-74.4,0.002,4428,2393
SEYMOUR ST & SEYMOUR ST OFFRAMP,49.27527,-123.127024,arterial,1,1,2,0.4,75.2,0.6,0.0,2.0,-74.6,0.002,4429,2902
BEACH CRES & SEYMOUR ST OFFRAMP,49.274015,-123.130688,arterial,1,1,2,0.2,75.2,0.4,0.0,2.0,-74.9,0.002,4430,3044
MAIN ST ONRAMP & QUEBEC ST,49.277506,-123.102126,arterial,1,1,2,0.2,75.2,0.4,0.0,2.0,-74.9,0.002,4431,3433
CAMBIE ST BRIDGE & EXPO BLVD & SMITHE ST,49.275777,-123.114745,arterial,1,1,3,15.0,102.9,16.5,9.0,25.0,-86.4,0.002,4432,333
PACIFIC BLVD & PACIFIC BLVD OFFRAMP & SMITHE ST,49.274853,-123.112985,arterial,1,1,3,14.4,102.9,15.8,9.0,24.0,-87.0,0.002,4433,350
GRANDVIEW HWY & GRANDVIEW HWY S & SLOCAN ST,49.257884,-123.049573,arterial,1,1,3,2.4,102.9,2.8,0.0,6.0,-100.1,0.002,4434,1365
BEATTY ST & CAMBIE ST BRIDGE & NELSON ST,49.27549,-123.117162,arterial,1,1,3,0.6,102.9,0.8,0.0,3.0,-102.0,0.002,4435,2345
FIR ST OFFRAMP & LAMEYS MILL RD & W 2ND AVE,49.2694,-123.138057,arterial,1,1,3,0.2,102.9,0.4,0.0,2.0,-102.5,0.002,4436,3346
HEMLOCK ST & HEMLOCK ST ONRAMP & W 4TH AVE,49.267186,-123.135973,arterial,1,1,3,0.2,102.9,0.4,0.0,2.0,-102.5,0.002,4437,3378
BRIDGEWAY & CASSIAR CONN & E HASTINGS ST & E HASTINGS ST OFFRAMP & E HASTINGS ST ONRAMP & TRANS-CANADA HWY & TURNING LANE,49.28117,-123.031463,arterial,1,1,6,127.0,355.1,138.5,109.0,171.0,-216.6,0.0,4438,5
CAMBIE ST & CAMBIE ST BRIDGE & W 2ND AVE & W 2ND AVE OFFRAMP & W 6TH AVE & TURNING LANE,49.266629,-123.114844,arterial,1,1,5,69.2,355.1,75.5,56.0,96.0,-279.6,0.0,4439,33
MAIN ST & MAIN ST OFFRAMP & PRIOR ST & STATION ST & TURNING LANE,49.276783,-123.099854,arterial,1,1,4,32.0,355.1,35.0,23.0,48.0,-320.1,0.0,4440,126
FIR ST & FIR ST OFFRAMP & GRANVILLE BRIDGE & HEMLOCK ST ONRAMP & W 4TH AVE & W 4TH AVE OFFRAMP & BUS LANE,49.267898,-123.138396,arterial,1,1,6,22.2,355.1,24.3,15.0,35.0,-330.8,0.0,4441,210
HUDSON ST & MARPOLE LOOP & SW MARINE DR & SW MARINE DR ONRAMP & TURNING LANE,49.203121,-123.134514,arterial,1,1,4,8.8,355.1,9.7,4.0,16.0,-345.4,0.0,4442,563
